====================================================================================================
EXPLORATORY, NOT A RESULT — batch 12: split_plateau (S36)
  cpu Intel(R) Xeon(R) Processor @ 2.10GHz | torch 2.14.0+cu130 | git fcb4a27+dirty | python 3.11.15 | torch threads 1
====================================================================================================
  recipe read in the child from main at 9c5939e: test_slow_start.LR 0.001, test_stream_recipe.LR 0.001, test_stream_curriculum.LR 0.001 (Adam groups; the branch's SUB_LR 0.001); WARM 2400, TAU 0.2, LAMBDA 1.0; Muon lr 0.005 (S33's validity choice {'a': 0.005, 'b': 0.005}); schedules {'t_check': 4800, 'a_check': 0.4, 'total': 28800, 'eval_every': 1200} (a, total 28800), {'t1': 4800, 't2': 9600, 'total': 28800, 'eval_every': 1200, 't_check': 2400, 'a_check': 0.6} (b, total set to 43200); 1 torch thread per run
  lr read for split_plateau SPLIT4k4_M: 0.001 (Adam groups); Muon lr 0.005
  lr read for split_plateau SPLIT_D8_M: 0.001 (Adam groups); Muon lr 0.005
  lr read for split_plateau SPLIT_D8_A: 0.001 (Adam groups)
  S36 readings: (a) 'the split fixes four-stream merges under Muon' if SPLIT4k4_M binds >= 8/10, 'it does not' if <= 5/10, otherwise neither; (b) per arm 'it breaks the eight-stream stall' if >= 3/10 bind by 43200, otherwise 'it does not' (BOUND at 28800 printed, the paired outcome)
  queue order: the (b) arms' 43200-step runs first (arm priority), then (a)
  repro_check: arm A seed 160, 2400 steps, lr 0.001: BIT-IDENTICAL to X (56s)
    here [[1200, 0.25732421875, 2.1073341369628906], [2400, 0.50244140625, 1.1376346349716187]]
    X    [[1200, 0.25732421875, 2.1073341369628906], [2400, 0.50244140625, 1.1376346349716187]]
  CHECK split_plateau: SPLIT4k4_M with the accuracy threshold at 0 equals A_HINGE|240 bit for bit through 7200 (curve True; statistics at [0, 1200, 2400, 3600, 4800, 6000, 7200] True; the trigger measured at [(2400, 0.719, False), (4800, 0.688, False), (7200, 0.688, False)]): ok
  CHECK split_plateau: SPLIT_D8_M with the accuracy threshold at 0 equals D8_HINGE|260 bit for bit through 7200 (curve True; statistics at [0, 1200, 2400, 3600, 4800, 6000, 7200] True; the trigger measured at [(2400, 0.078, False), (4800, 0.125, False), (7200, 0.109, False)]): ok
  CHECK split_plateau: SPLIT_D8_A with the accuracy threshold at 0 equals X HINGE_D8|260 bit for bit through 7200 (curve True; statistics at [0, 1200, 2400, 3600, 4800, 6000, 7200] True; the trigger measured at [(2400, 0.031, False), (4800, 0.062, False), (7200, 0.062, False)]): ok
  CHECK split_plateau: muon: on a synthetic gate (masses [0.062, 0.062, 0.063, 0.063, 0.061, 0.061, 0.065, 0.063, 0.063, 0.061, 0.059, 0.063, 0.065, 0.066, 0.065, 0.06]; c* 13, c0 10) the operation sets W_g[c0] = W_g[c*] + n2 and W_g[c*] = W_g[c*] + n1 and leaves the other 14 rows unchanged (rows True); noise sd 0.239579 = 0.1 x std(W_g[c*]) in float32 (True): ok
  CHECK split_plateau: muon: every other parameter and every other optimizer state unchanged: ok
  CHECK split_plateau: muon: after the split W_g's Muon momentum is zero (['momentum_buffer'] zeroed: ['momentum_buffer']): ok
  CHECK split_plateau: adam: on a synthetic gate (masses [0.062, 0.062, 0.063, 0.063, 0.061, 0.061, 0.065, 0.063, 0.063, 0.061, 0.059, 0.063, 0.065, 0.066, 0.065, 0.06]; c* 13, c0 10) the operation sets W_g[c0] = W_g[c*] + n2 and W_g[c*] = W_g[c*] + n1 and leaves the other 14 rows unchanged (rows True); noise sd 0.239579 = 0.1 x std(W_g[c*]) in float32 (True): ok
  CHECK split_plateau: adam: every other parameter and every other optimizer state unchanged: ok
  CHECK split_plateau: adam: after the split W_g's Adam state is zero (['exp_avg', 'exp_avg_sq', 'step'] zeroed: ['step', 'exp_avg', 'exp_avg_sq']): ok
  CHECK split_plateau: with the thresholds forced (accuracy < 1.01, rise < 10) SPLIT4k4_M|241 splits at [4800] (c* 1 -> c0 2; channels [2, 3, 0, 0] -> [3, 3, 0, 0]; W_g state zeroed ['momentum_buffer']) and runs on to 6000 (curve [6000, 0.49853515625, 0.8443267941474915]): ok
  CHECK split_plateau: children at 9c5939e (13.6 min); the modules served from main are exactly the test modules that differ between this branch and 9c5939e (['test_binding_capacity', 'test_curriculum_confirm', 'test_scale_axes', 'test_short_conv', 'test_slow_start', 'test_stream_channels', 'test_stream_curriculum', 'test_stream_recipe']): ok
  all CHECKs passed (13.6 min)
  recorded the full CHECK pass at fcb4a27 in /home/user/clankers/explore_out/batch12_checks.json
----------------------------------------------------------------------------------------------------
[EXPLORATORY, not a result] SCREEN split_plateau
  idea    a label-free plateau trigger that applies S24's SPLIT to merged or stalled multi-stream runs
  source  batch 8's S24 (SPLIT un-merged 8/8 merged runs); batch 10's S33 (Muon keeps merges at S=4 k=4; the coarse split at S=8)
  change  every 2400 updates from 4800: if probe accuracy < 0.95 and rose < 0.02, W_g[idlest] <- W_g[busiest] + noise (both rows, 0.1 std), W_g's optimizer state reset
  arm SPLIT4k4_M   lr 0.001  iters 28800  seeds 240-249 (10)  — S33's A_HINGE + the trigger (S=4, P=4, k=4, conv)
                   schedule: Muon lr 0.005: gate W_in/W_h/W_g throughout, other Muon weights x0.1 for updates 1-2400; Adam on embedding and conv 0.0001 for 1-2400, 0.001 after; + main's HINGE hinge; + the trigger (every 2400 from 4800: probe acc < 0.95 and rise < 0.02 -> S24's SPLIT, W_g state reset)
  arm SPLIT_D8_M   lr 0.001  iters 43200  seeds 260-269 (10)  — S33's D8_HINGE + the trigger (S=8, P=4, k=16, conv)
                   schedule: Muon lr 0.005: gate W_in/W_h/W_g throughout, other Muon weights x0.1 for updates 1-2400; Adam on embedding and conv 0.0001 for 1-2400, 0.001 after; + main's HINGE hinge; + the trigger (every 2400 from 4800: probe acc < 0.95 and rise < 0.02 -> S24's SPLIT, W_g state reset)
  arm SPLIT_D8_A   lr 0.001  iters 43200  seeds 260-269 (10)  — main's HINGE_D8 + the trigger (S=8, P=4, k=16, conv; Adam)
                   schedule: gate W_in/W_h/W_g 0.001 throughout; every other parameter 0.0001 for updates 1-2400, 0.001 after; + main's HINGE hinge; + the trigger (every 2400 from 4800: probe acc < 0.95 and rise < 0.02 -> S24's SPLIT, W_g state reset)
  pairing (a) 240-249 with S33's A_HINGE; (b) 260-269 with S33's D8_HINGE (Muon) and X's recorded HINGE_D8 (Adam); same initial parameters and batches until the first split
----------------------------------------------------------------------------------------------------
  PROJECTION (worst case: every run to its iters; pool-load timing: the median interval between optimizer steps, one child per arm at once (SPLIT_D8_M twice), 1 thread each, this machine):
    split_plateau  SPLIT4k4_M  10 runs x  26.8 min  (28800 steps x 51.5 ms + 24 evals x 5.1 s)
    split_plateau  SPLIT_D8_M  10 runs x  78.9 min  (43200 steps x 104.9 ms + 36 evals x 5.6 s)
    split_plateau  SPLIT_D8_A  10 runs x  76.4 min  (43200 steps x 101.4 ms + 36 evals x 5.7 s)
    total 30.34 h of runs; makespan on 4 workers 7.79 h (worst case)
  RUNTIME RULE: projected makespan 7.79 h <= 9 h: no cut (stored)
  30 runs queued on 4 workers (1 torch thread each), submitted in waves: SPLIT_D8_A|260 SPLIT_D8_M|260 SPLIT_D8_A|261 SPLIT_D8_M|261 SPLIT4k4_M|240 SPLIT4k4_M|241 SPLIT4k4_M|242 SPLIT4k4_M|243 SPLIT_D8_A|262 SPLIT_D8_M|262 SPLIT_D8_A|263 SPLIT_D8_M|263 SPLIT4k4_M|244 SPLIT4k4_M|245 SPLIT4k4_M|246 SPLIT4k4_M|247 SPLIT_D8_A|264 SPLIT_D8_M|264 SPLIT_D8_A|265 SPLIT_D8_M|265 SPLIT4k4_M|248 SPLIT4k4_M|249 SPLIT_D8_A|266 SPLIT_D8_M|266 SPLIT_D8_A|267 SPLIT_D8_M|267 SPLIT_D8_A|268 SPLIT_D8_M|268 SPLIT_D8_A|269 SPLIT_D8_M|269
  [  1/30]   78.5 min  split_plateau  SPLIT_D8_A seed 260  lr 0.001 (gate W_in/W_h/W_g 0.001 throughout; every other parameter 0.0001 for updates 1-2400, 0.001 after; + main's HINGE hinge; + the trigger (every 2400 from 4800: probe acc < 0.95 and rise < 0.02 -> S24's SPLIT, W_g state reset))
          acc 0.259  trans  None  VALcos 1.000  margin 0.19  OTHER  splits 11
  [  2/30]   78.6 min  split_plateau  SPLIT_D8_A seed 261  lr 0.001 (gate W_in/W_h/W_g 0.001 throughout; every other parameter 0.0001 for updates 1-2400, 0.001 after; + main's HINGE hinge; + the trigger (every 2400 from 4800: probe acc < 0.95 and rise < 0.02 -> S24's SPLIT, W_g state reset))
          acc 0.113  trans  None  VALcos 1.000  margin 0.00  OTHER  splits 12
  [  3/30]   81.1 min  split_plateau  SPLIT_D8_M seed 260  lr 0.001 (Muon lr 0.005: gate W_in/W_h/W_g throughout, other Muon weights x0.1 for updates 1-2400; Adam on embedding and conv 0.0001 for 1-2400, 0.001 after; + main's HINGE hinge; + the trigger (every 2400 from 4800: probe acc < 0.95 and rise < 0.02 -> S24's SPLIT, W_g state reset))
          acc 0.116  trans  None  VALcos 0.998  margin -0.00  OTHER  splits 8
  [  4/30]   82.1 min  split_plateau  SPLIT_D8_M seed 261  lr 0.001 (Muon lr 0.005: gate W_in/W_h/W_g throughout, other Muon weights x0.1 for updates 1-2400; Adam on embedding and conv 0.0001 for 1-2400, 0.001 after; + main's HINGE hinge; + the trigger (every 2400 from 4800: probe acc < 0.95 and rise < 0.02 -> S24's SPLIT, W_g state reset))
          acc 0.491  trans  None  VALcos 0.000  margin 0.47  STREAM-PARTIAL  splits 8
  [  5/30]   87.7 min  split_plateau  SPLIT4k4_M seed 240  lr 0.001 (Muon lr 0.005: gate W_in/W_h/W_g throughout, other Muon weights x0.1 for updates 1-2400; Adam on embedding and conv 0.0001 for 1-2400, 0.001 after; + main's HINGE hinge; + the trigger (every 2400 from 4800: probe acc < 0.95 and rise < 0.02 -> S24's SPLIT, W_g state reset))
          acc 0.999  trans  7200  VALcos 0.000  margin 1.00  DISCOVERED  splits 1
  [  6/30]   89.1 min  split_plateau  SPLIT4k4_M seed 242  lr 0.001 (Muon lr 0.005: gate W_in/W_h/W_g throughout, other Muon weights x0.1 for updates 1-2400; Adam on embedding and conv 0.0001 for 1-2400, 0.001 after; + main's HINGE hinge; + the trigger (every 2400 from 4800: probe acc < 0.95 and rise < 0.02 -> S24's SPLIT, W_g state reset))
          acc 0.993  trans  2400  VALcos 0.001  margin 1.00  DISCOVERED  splits 0
#################### RESUME 2026-10-03 20:24:57 UTC — the previous segment was stopped by the session's background time limit; saved runs are reused, missing runs re-run (EXPLORATORY, not a result) ####################
====================================================================================================
EXPLORATORY, NOT A RESULT — batch 12: split_plateau (S36)
  cpu Intel(R) Xeon(R) Processor @ 2.10GHz | torch 2.14.0+cu130 | git ae40635+dirty | python 3.11.15 | torch threads 1
====================================================================================================
  recipe read in the child from main at 9c5939e: test_slow_start.LR 0.001, test_stream_recipe.LR 0.001, test_stream_curriculum.LR 0.001 (Adam groups; the branch's SUB_LR 0.001); WARM 2400, TAU 0.2, LAMBDA 1.0; Muon lr 0.005 (S33's validity choice {'a': 0.005, 'b': 0.005}); schedules {'t_check': 4800, 'a_check': 0.4, 'total': 28800, 'eval_every': 1200} (a, total 28800), {'t1': 4800, 't2': 9600, 'total': 28800, 'eval_every': 1200, 't_check': 2400, 'a_check': 0.6} (b, total set to 43200); 1 torch thread per run
  lr read for split_plateau SPLIT4k4_M: 0.001 (Adam groups); Muon lr 0.005
  lr read for split_plateau SPLIT_D8_M: 0.001 (Adam groups); Muon lr 0.005
  lr read for split_plateau SPLIT_D8_A: 0.001 (Adam groups)
  S36 readings: (a) 'the split fixes four-stream merges under Muon' if SPLIT4k4_M binds >= 8/10, 'it does not' if <= 5/10, otherwise neither; (b) per arm 'it breaks the eight-stream stall' if >= 3/10 bind by 43200, otherwise 'it does not' (BOUND at 28800 printed, the paired outcome)
  queue order: the (b) arms' 43200-step runs first (arm priority), then (a)
  repro_check: arm A seed 160, 2400 steps, lr 0.001: BIT-IDENTICAL to X (56s)
    here [[1200, 0.25732421875, 2.1073341369628906], [2400, 0.50244140625, 1.1376346349716187]]
    X    [[1200, 0.25732421875, 2.1073341369628906], [2400, 0.50244140625, 1.1376346349716187]]
  CHECKs skipped (repro check above still run): the screen code is unchanged — no file outside explore_out/ and explore_batch12.py differs from fcb4a27, where the full CHECK suite passed (2026-10-03 18:39:18 UTC; its output is earlier in this log). git diff --stat fcb4a27:
     explore_out/README.md                          |     2 +-
     explore_out/batch12.log                        |    73 +
     explore_out/batch12_checks.json                |     6 +
     explore_out/split_plateau_results.json         | 40417 +++++++++++++++++++++++
     explore_out/split_plateau_runtime_results.json |    20 +
     5 files changed, 40517 insertions(+), 1 deletion(-)
----------------------------------------------------------------------------------------------------
[EXPLORATORY, not a result] SCREEN split_plateau
  idea    a label-free plateau trigger that applies S24's SPLIT to merged or stalled multi-stream runs
  source  batch 8's S24 (SPLIT un-merged 8/8 merged runs); batch 10's S33 (Muon keeps merges at S=4 k=4; the coarse split at S=8)
  change  every 2400 updates from 4800: if probe accuracy < 0.95 and rose < 0.02, W_g[idlest] <- W_g[busiest] + noise (both rows, 0.1 std), W_g's optimizer state reset
  arm SPLIT4k4_M   lr 0.001  iters 28800  seeds 240-249 (10)  — S33's A_HINGE + the trigger (S=4, P=4, k=4, conv)
                   schedule: Muon lr 0.005: gate W_in/W_h/W_g throughout, other Muon weights x0.1 for updates 1-2400; Adam on embedding and conv 0.0001 for 1-2400, 0.001 after; + main's HINGE hinge; + the trigger (every 2400 from 4800: probe acc < 0.95 and rise < 0.02 -> S24's SPLIT, W_g state reset)
  arm SPLIT_D8_M   lr 0.001  iters 43200  seeds 260-269 (10)  — S33's D8_HINGE + the trigger (S=8, P=4, k=16, conv)
                   schedule: Muon lr 0.005: gate W_in/W_h/W_g throughout, other Muon weights x0.1 for updates 1-2400; Adam on embedding and conv 0.0001 for 1-2400, 0.001 after; + main's HINGE hinge; + the trigger (every 2400 from 4800: probe acc < 0.95 and rise < 0.02 -> S24's SPLIT, W_g state reset)
  arm SPLIT_D8_A   lr 0.001  iters 43200  seeds 260-269 (10)  — main's HINGE_D8 + the trigger (S=8, P=4, k=16, conv; Adam)
                   schedule: gate W_in/W_h/W_g 0.001 throughout; every other parameter 0.0001 for updates 1-2400, 0.001 after; + main's HINGE hinge; + the trigger (every 2400 from 4800: probe acc < 0.95 and rise < 0.02 -> S24's SPLIT, W_g state reset)
  pairing (a) 240-249 with S33's A_HINGE; (b) 260-269 with S33's D8_HINGE (Muon) and X's recorded HINGE_D8 (Adam); same initial parameters and batches until the first split
----------------------------------------------------------------------------------------------------
  PROJECTION (worst case: every run to its iters; pool-load timing: the median interval between optimizer steps, one child per arm at once (SPLIT_D8_M twice), 1 thread each, this machine):
    split_plateau  SPLIT4k4_M  10 runs x  25.7 min  (28800 steps x 49.6 ms + 24 evals x 4.7 s)
    split_plateau  SPLIT_D8_M  10 runs x  75.5 min  (43200 steps x 100.2 ms + 36 evals x 5.5 s)
    split_plateau  SPLIT_D8_A  10 runs x  74.4 min  (43200 steps x 98.5 ms + 36 evals x 5.8 s)
    total 29.26 h of runs; makespan on 4 workers 7.52 h (worst case)
  RUNTIME RULE (stored 2026-10-03 18:39:57 UTC: makespan 7.79 h on 4 workers): no cut
  24 runs queued on 4 workers (1 torch thread each), submitted in waves: SPLIT_D8_A|262 SPLIT_D8_M|262 SPLIT_D8_A|263 SPLIT_D8_M|263 SPLIT4k4_M|241 SPLIT4k4_M|243 SPLIT4k4_M|244 SPLIT4k4_M|245 SPLIT_D8_A|264 SPLIT_D8_M|264 SPLIT_D8_A|265 SPLIT_D8_M|265 SPLIT4k4_M|246 SPLIT4k4_M|247 SPLIT4k4_M|248 SPLIT4k4_M|249 SPLIT_D8_A|266 SPLIT_D8_M|266 SPLIT_D8_A|267 SPLIT_D8_M|267 SPLIT_D8_A|268 SPLIT_D8_M|268 SPLIT_D8_A|269 SPLIT_D8_M|269
  [  1/24]   75.0 min  split_plateau  SPLIT_D8_A seed 262  lr 0.001 (gate W_in/W_h/W_g 0.001 throughout; every other parameter 0.0001 for updates 1-2400, 0.001 after; + main's HINGE hinge; + the trigger (every 2400 from 4800: probe acc < 0.95 and rise < 0.02 -> S24's SPLIT, W_g state reset))
          acc 0.250  trans  None  VALcos 1.000  margin 0.40  STREAM-PARTIAL  splits 8
  [  2/24]   75.1 min  split_plateau  SPLIT_D8_A seed 263  lr 0.001 (gate W_in/W_h/W_g 0.001 throughout; every other parameter 0.0001 for updates 1-2400, 0.001 after; + main's HINGE hinge; + the trigger (every 2400 from 4800: probe acc < 0.95 and rise < 0.02 -> S24's SPLIT, W_g state reset))
          acc 0.385  trans  None  VALcos 0.000  margin 0.43  STREAM-PARTIAL  splits 10
  [  3/24]   78.2 min  split_plateau  SPLIT_D8_M seed 263  lr 0.001 (Muon lr 0.005: gate W_in/W_h/W_g throughout, other Muon weights x0.1 for updates 1-2400; Adam on embedding and conv 0.0001 for 1-2400, 0.001 after; + main's HINGE hinge; + the trigger (every 2400 from 4800: probe acc < 0.95 and rise < 0.02 -> S24's SPLIT, W_g state reset))
          acc 0.375  trans  None  VALcos 0.000  margin 0.55  STREAM-PARTIAL  splits 8
  [  4/24]   78.8 min  split_plateau  SPLIT_D8_M seed 262  lr 0.001 (Muon lr 0.005: gate W_in/W_h/W_g throughout, other Muon weights x0.1 for updates 1-2400; Adam on embedding and conv 0.0001 for 1-2400, 0.001 after; + main's HINGE hinge; + the trigger (every 2400 from 4800: probe acc < 0.95 and rise < 0.02 -> S24's SPLIT, W_g state reset))
          acc 0.380  trans  None  VALcos 1.000  margin 0.52  STREAM-PARTIAL  splits 9
  [  5/24]  100.8 min  split_plateau  SPLIT4k4_M seed 243  lr 0.001 (Muon lr 0.005: gate W_in/W_h/W_g throughout, other Muon weights x0.1 for updates 1-2400; Adam on embedding and conv 0.0001 for 1-2400, 0.001 after; + main's HINGE hinge; + the trigger (every 2400 from 4800: probe acc < 0.95 and rise < 0.02 -> S24's SPLIT, W_g state reset))
          acc 0.702  trans  None  VALcos 0.116  margin 0.78  STREAM-PARTIAL  splits 5
  [  6/24]  100.8 min  split_plateau  SPLIT4k4_M seed 241  lr 0.001 (Muon lr 0.005: gate W_in/W_h/W_g throughout, other Muon weights x0.1 for updates 1-2400; Adam on embedding and conv 0.0001 for 1-2400, 0.001 after; + main's HINGE hinge; + the trigger (every 2400 from 4800: probe acc < 0.95 and rise < 0.02 -> S24's SPLIT, W_g state reset))
          acc 0.768  trans  None  VALcos 0.011  margin 0.76  STREAM-PARTIAL  splits 7
  [  7/24]  104.1 min  split_plateau  SPLIT4k4_M seed 244  lr 0.001 (Muon lr 0.005: gate W_in/W_h/W_g throughout, other Muon weights x0.1 for updates 1-2400; Adam on embedding and conv 0.0001 for 1-2400, 0.001 after; + main's HINGE hinge; + the trigger (every 2400 from 4800: probe acc < 0.95 and rise < 0.02 -> S24's SPLIT, W_g state reset))
          acc 0.489  trans  None  VALcos 0.000  margin 0.57  STREAM-PARTIAL  splits 5
  [  8/24]  104.9 min  split_plateau  SPLIT4k4_M seed 245  lr 0.001 (Muon lr 0.005: gate W_in/W_h/W_g throughout, other Muon weights x0.1 for updates 1-2400; Adam on embedding and conv 0.0001 for 1-2400, 0.001 after; + main's HINGE hinge; + the trigger (every 2400 from 4800: probe acc < 0.95 and rise < 0.02 -> S24's SPLIT, W_g state reset))
          acc 0.497  trans  None  VALcos 0.000  margin 0.67  STREAM-PARTIAL  splits 6
#################### RESUME 2026-10-03 22:25:10 UTC — the previous segment was stopped by the session's background time limit; saved runs are reused, missing runs re-run (EXPLORATORY, not a result) ####################
====================================================================================================
EXPLORATORY, NOT A RESULT — batch 12: split_plateau (S36)
  cpu Intel(R) Xeon(R) Processor @ 2.10GHz | torch 2.14.0+cu130 | git e9e9c4e+dirty | python 3.11.15 | torch threads 1
====================================================================================================
  recipe read in the child from main at 9c5939e: test_slow_start.LR 0.001, test_stream_recipe.LR 0.001, test_stream_curriculum.LR 0.001 (Adam groups; the branch's SUB_LR 0.001); WARM 2400, TAU 0.2, LAMBDA 1.0; Muon lr 0.005 (S33's validity choice {'a': 0.005, 'b': 0.005}); schedules {'t_check': 4800, 'a_check': 0.4, 'total': 28800, 'eval_every': 1200} (a, total 28800), {'t1': 4800, 't2': 9600, 'total': 28800, 'eval_every': 1200, 't_check': 2400, 'a_check': 0.6} (b, total set to 43200); 1 torch thread per run
  lr read for split_plateau SPLIT4k4_M: 0.001 (Adam groups); Muon lr 0.005
  lr read for split_plateau SPLIT_D8_M: 0.001 (Adam groups); Muon lr 0.005
  lr read for split_plateau SPLIT_D8_A: 0.001 (Adam groups)
  S36 readings: (a) 'the split fixes four-stream merges under Muon' if SPLIT4k4_M binds >= 8/10, 'it does not' if <= 5/10, otherwise neither; (b) per arm 'it breaks the eight-stream stall' if >= 3/10 bind by 43200, otherwise 'it does not' (BOUND at 28800 printed, the paired outcome)
  queue order: the (b) arms' 43200-step runs first (arm priority), then (a)
  repro_check: arm A seed 160, 2400 steps, lr 0.001: BIT-IDENTICAL to X (52s)
    here [[1200, 0.25732421875, 2.1073341369628906], [2400, 0.50244140625, 1.1376346349716187]]
    X    [[1200, 0.25732421875, 2.1073341369628906], [2400, 0.50244140625, 1.1376346349716187]]
  CHECKs skipped (repro check above still run): the screen code is unchanged — no file outside explore_out/ and explore_batch12.py differs from fcb4a27, where the full CHECK suite passed (2026-10-03 18:39:18 UTC; its output is earlier in this log). git diff --stat fcb4a27:
     explore_out/README.md                          |     2 +-
     explore_out/batch12.log                        |   130 +
     explore_out/batch12_checks.json                |     6 +
     explore_out/split_plateau_results.json         | 89243 +++++++++++++++++++++++
     explore_out/split_plateau_runtime_results.json |    20 +
     5 files changed, 89400 insertions(+), 1 deletion(-)
----------------------------------------------------------------------------------------------------
[EXPLORATORY, not a result] SCREEN split_plateau
  idea    a label-free plateau trigger that applies S24's SPLIT to merged or stalled multi-stream runs
  source  batch 8's S24 (SPLIT un-merged 8/8 merged runs); batch 10's S33 (Muon keeps merges at S=4 k=4; the coarse split at S=8)
  change  every 2400 updates from 4800: if probe accuracy < 0.95 and rose < 0.02, W_g[idlest] <- W_g[busiest] + noise (both rows, 0.1 std), W_g's optimizer state reset
  arm SPLIT4k4_M   lr 0.001  iters 28800  seeds 240-249 (10)  — S33's A_HINGE + the trigger (S=4, P=4, k=4, conv)
                   schedule: Muon lr 0.005: gate W_in/W_h/W_g throughout, other Muon weights x0.1 for updates 1-2400; Adam on embedding and conv 0.0001 for 1-2400, 0.001 after; + main's HINGE hinge; + the trigger (every 2400 from 4800: probe acc < 0.95 and rise < 0.02 -> S24's SPLIT, W_g state reset)
  arm SPLIT_D8_M   lr 0.001  iters 43200  seeds 260-269 (10)  — S33's D8_HINGE + the trigger (S=8, P=4, k=16, conv)
                   schedule: Muon lr 0.005: gate W_in/W_h/W_g throughout, other Muon weights x0.1 for updates 1-2400; Adam on embedding and conv 0.0001 for 1-2400, 0.001 after; + main's HINGE hinge; + the trigger (every 2400 from 4800: probe acc < 0.95 and rise < 0.02 -> S24's SPLIT, W_g state reset)
  arm SPLIT_D8_A   lr 0.001  iters 43200  seeds 260-269 (10)  — main's HINGE_D8 + the trigger (S=8, P=4, k=16, conv; Adam)
                   schedule: gate W_in/W_h/W_g 0.001 throughout; every other parameter 0.0001 for updates 1-2400, 0.001 after; + main's HINGE hinge; + the trigger (every 2400 from 4800: probe acc < 0.95 and rise < 0.02 -> S24's SPLIT, W_g state reset)
  pairing (a) 240-249 with S33's A_HINGE; (b) 260-269 with S33's D8_HINGE (Muon) and X's recorded HINGE_D8 (Adam); same initial parameters and batches until the first split
----------------------------------------------------------------------------------------------------
  PROJECTION (worst case: every run to its iters; pool-load timing: the median interval between optimizer steps, one child per arm at once (SPLIT_D8_M twice), 1 thread each, this machine):
    split_plateau  SPLIT4k4_M  10 runs x  23.8 min  (28800 steps x 46.1 ms + 24 evals x 4.2 s)
    split_plateau  SPLIT_D8_M  10 runs x  71.7 min  (43200 steps x 95.1 ms + 36 evals x 5.3 s)
    split_plateau  SPLIT_D8_A  10 runs x  69.1 min  (43200 steps x 90.6 ms + 36 evals x 6.5 s)
    total 27.43 h of runs; makespan on 4 workers 7.03 h (worst case)
  RUNTIME RULE (stored 2026-10-03 18:39:57 UTC: makespan 7.79 h on 4 workers): no cut
  16 runs queued on 4 workers (1 torch thread each), submitted in waves: SPLIT_D8_A|264 SPLIT_D8_M|264 SPLIT_D8_A|265 SPLIT_D8_M|265 SPLIT4k4_M|246 SPLIT4k4_M|247 SPLIT4k4_M|248 SPLIT4k4_M|249 SPLIT_D8_A|266 SPLIT_D8_M|266 SPLIT_D8_A|267 SPLIT_D8_M|267 SPLIT_D8_A|268 SPLIT_D8_M|268 SPLIT_D8_A|269 SPLIT_D8_M|269
  [  1/16]   74.2 min  split_plateau  SPLIT_D8_A seed 264  lr 0.001 (gate W_in/W_h/W_g 0.001 throughout; every other parameter 0.0001 for updates 1-2400, 0.001 after; + main's HINGE hinge; + the trigger (every 2400 from 4800: probe acc < 0.95 and rise < 0.02 -> S24's SPLIT, W_g state reset))
          acc 0.092  trans  None  VALcos 0.990  margin 0.00  KEY  splits 12
  [  2/16]   74.9 min  split_plateau  SPLIT_D8_A seed 265  lr 0.001 (gate W_in/W_h/W_g 0.001 throughout; every other parameter 0.0001 for updates 1-2400, 0.001 after; + main's HINGE hinge; + the trigger (every 2400 from 4800: probe acc < 0.95 and rise < 0.02 -> S24's SPLIT, W_g state reset))
          acc 0.490  trans  None  VALcos 0.000  margin 0.31  STREAM-PARTIAL  splits 7
  [  3/16]   77.0 min  split_plateau  SPLIT_D8_M seed 264  lr 0.001 (Muon lr 0.005: gate W_in/W_h/W_g throughout, other Muon weights x0.1 for updates 1-2400; Adam on embedding and conv 0.0001 for 1-2400, 0.001 after; + main's HINGE hinge; + the trigger (every 2400 from 4800: probe acc < 0.95 and rise < 0.02 -> S24's SPLIT, W_g state reset))
          acc 0.116  trans  None  VALcos 0.986  margin -0.00  OTHER  splits 12
  [  4/16]   77.6 min  split_plateau  SPLIT_D8_M seed 265  lr 0.001 (Muon lr 0.005: gate W_in/W_h/W_g throughout, other Muon weights x0.1 for updates 1-2400; Adam on embedding and conv 0.0001 for 1-2400, 0.001 after; + main's HINGE hinge; + the trigger (every 2400 from 4800: probe acc < 0.95 and rise < 0.02 -> S24's SPLIT, W_g state reset))
          acc 0.236  trans  None  VALcos 0.000  margin 0.21  KEY  splits 11
  [  5/16]   81.5 min  split_plateau  SPLIT4k4_M seed 246  lr 0.001 (Muon lr 0.005: gate W_in/W_h/W_g throughout, other Muon weights x0.1 for updates 1-2400; Adam on embedding and conv 0.0001 for 1-2400, 0.001 after; + main's HINGE hinge; + the trigger (every 2400 from 4800: probe acc < 0.95 and rise < 0.02 -> S24's SPLIT, W_g state reset))
          acc 1.000  trans  2400  VALcos 0.000  margin 1.00  DISCOVERED  splits 0
  [  6/16]   84.2 min  split_plateau  SPLIT4k4_M seed 248  lr 0.001 (Muon lr 0.005: gate W_in/W_h/W_g throughout, other Muon weights x0.1 for updates 1-2400; Adam on embedding and conv 0.0001 for 1-2400, 0.001 after; + main's HINGE hinge; + the trigger (every 2400 from 4800: probe acc < 0.95 and rise < 0.02 -> S24's SPLIT, W_g state reset))
          acc 1.000  trans  2400  VALcos 0.000  margin 1.00  DISCOVERED  splits 0
  [  7/16]   84.2 min  split_plateau  SPLIT4k4_M seed 247  lr 0.001 (Muon lr 0.005: gate W_in/W_h/W_g throughout, other Muon weights x0.1 for updates 1-2400; Adam on embedding and conv 0.0001 for 1-2400, 0.001 after; + main's HINGE hinge; + the trigger (every 2400 from 4800: probe acc < 0.95 and rise < 0.02 -> S24's SPLIT, W_g state reset))
          acc 1.000  trans  8400  VALcos 0.000  margin 1.00  DISCOVERED  splits 1
  [  8/16]  101.7 min  split_plateau  SPLIT4k4_M seed 249  lr 0.001 (Muon lr 0.005: gate W_in/W_h/W_g throughout, other Muon weights x0.1 for updates 1-2400; Adam on embedding and conv 0.0001 for 1-2400, 0.001 after; + main's HINGE hinge; + the trigger (every 2400 from 4800: probe acc < 0.95 and rise < 0.02 -> S24's SPLIT, W_g state reset))
          acc 0.773  trans  None  VALcos 0.000  margin 0.74  STREAM-PARTIAL  splits 6
#################### RESUME 2026-10-04 00:25:22 UTC — the previous segment was stopped by the session's background time limit; saved runs are reused, missing runs re-run (EXPLORATORY, not a result) ####################
====================================================================================================
EXPLORATORY, NOT A RESULT — batch 12: split_plateau (S36)
  cpu Intel(R) Xeon(R) Processor @ 2.10GHz | torch 2.14.0+cu130 | git e3d76a1+dirty | python 3.11.15 | torch threads 1
====================================================================================================
  recipe read in the child from main at 9c5939e: test_slow_start.LR 0.001, test_stream_recipe.LR 0.001, test_stream_curriculum.LR 0.001 (Adam groups; the branch's SUB_LR 0.001); WARM 2400, TAU 0.2, LAMBDA 1.0; Muon lr 0.005 (S33's validity choice {'a': 0.005, 'b': 0.005}); schedules {'t_check': 4800, 'a_check': 0.4, 'total': 28800, 'eval_every': 1200} (a, total 28800), {'t1': 4800, 't2': 9600, 'total': 28800, 'eval_every': 1200, 't_check': 2400, 'a_check': 0.6} (b, total set to 43200); 1 torch thread per run
  lr read for split_plateau SPLIT4k4_M: 0.001 (Adam groups); Muon lr 0.005
  lr read for split_plateau SPLIT_D8_M: 0.001 (Adam groups); Muon lr 0.005
  lr read for split_plateau SPLIT_D8_A: 0.001 (Adam groups)
  S36 readings: (a) 'the split fixes four-stream merges under Muon' if SPLIT4k4_M binds >= 8/10, 'it does not' if <= 5/10, otherwise neither; (b) per arm 'it breaks the eight-stream stall' if >= 3/10 bind by 43200, otherwise 'it does not' (BOUND at 28800 printed, the paired outcome)
  queue order: the (b) arms' 43200-step runs first (arm priority), then (a)
  repro_check: arm A seed 160, 2400 steps, lr 0.001: BIT-IDENTICAL to X (53s)
    here [[1200, 0.25732421875, 2.1073341369628906], [2400, 0.50244140625, 1.1376346349716187]]
    X    [[1200, 0.25732421875, 2.1073341369628906], [2400, 0.50244140625, 1.1376346349716187]]
  CHECKs skipped (repro check above still run): the screen code is unchanged — no file outside explore_out/ and explore_batch12.py differs from fcb4a27, where the full CHECK suite passed (2026-10-03 18:39:18 UTC; its output is earlier in this log). git diff --stat fcb4a27:
     explore_out/README.md                          |      2 +-
     explore_out/batch12.log                        |    187 +
     explore_out/batch12_checks.json                |      6 +
     explore_out/split_plateau_results.json         | 133352 ++++++++++++++++++++++
     explore_out/split_plateau_runtime_results.json |     20 +
     5 files changed, 133566 insertions(+), 1 deletion(-)
----------------------------------------------------------------------------------------------------
[EXPLORATORY, not a result] SCREEN split_plateau
  idea    a label-free plateau trigger that applies S24's SPLIT to merged or stalled multi-stream runs
  source  batch 8's S24 (SPLIT un-merged 8/8 merged runs); batch 10's S33 (Muon keeps merges at S=4 k=4; the coarse split at S=8)
  change  every 2400 updates from 4800: if probe accuracy < 0.95 and rose < 0.02, W_g[idlest] <- W_g[busiest] + noise (both rows, 0.1 std), W_g's optimizer state reset
  arm SPLIT4k4_M   lr 0.001  iters 28800  seeds 240-249 (10)  — S33's A_HINGE + the trigger (S=4, P=4, k=4, conv)
                   schedule: Muon lr 0.005: gate W_in/W_h/W_g throughout, other Muon weights x0.1 for updates 1-2400; Adam on embedding and conv 0.0001 for 1-2400, 0.001 after; + main's HINGE hinge; + the trigger (every 2400 from 4800: probe acc < 0.95 and rise < 0.02 -> S24's SPLIT, W_g state reset)
  arm SPLIT_D8_M   lr 0.001  iters 43200  seeds 260-269 (10)  — S33's D8_HINGE + the trigger (S=8, P=4, k=16, conv)
                   schedule: Muon lr 0.005: gate W_in/W_h/W_g throughout, other Muon weights x0.1 for updates 1-2400; Adam on embedding and conv 0.0001 for 1-2400, 0.001 after; + main's HINGE hinge; + the trigger (every 2400 from 4800: probe acc < 0.95 and rise < 0.02 -> S24's SPLIT, W_g state reset)
  arm SPLIT_D8_A   lr 0.001  iters 43200  seeds 260-269 (10)  — main's HINGE_D8 + the trigger (S=8, P=4, k=16, conv; Adam)
                   schedule: gate W_in/W_h/W_g 0.001 throughout; every other parameter 0.0001 for updates 1-2400, 0.001 after; + main's HINGE hinge; + the trigger (every 2400 from 4800: probe acc < 0.95 and rise < 0.02 -> S24's SPLIT, W_g state reset)
  pairing (a) 240-249 with S33's A_HINGE; (b) 260-269 with S33's D8_HINGE (Muon) and X's recorded HINGE_D8 (Adam); same initial parameters and batches until the first split
----------------------------------------------------------------------------------------------------
  PROJECTION (worst case: every run to its iters; pool-load timing: the median interval between optimizer steps, one child per arm at once (SPLIT_D8_M twice), 1 thread each, this machine):
    split_plateau  SPLIT4k4_M  10 runs x  25.0 min  (28800 steps x 48.8 ms + 24 evals x 4.0 s)
    split_plateau  SPLIT_D8_M  10 runs x  73.8 min  (43200 steps x 97.9 ms + 36 evals x 5.5 s)
    split_plateau  SPLIT_D8_A  10 runs x  69.4 min  (43200 steps x 92.0 ms + 36 evals x 5.3 s)
    total 28.04 h of runs; makespan on 4 workers 7.18 h (worst case)
  RUNTIME RULE (stored 2026-10-03 18:39:57 UTC: makespan 7.79 h on 4 workers): no cut
  8 runs queued on 4 workers (1 torch thread each), submitted in waves: SPLIT_D8_A|266 SPLIT_D8_M|266 SPLIT_D8_A|267 SPLIT_D8_M|267 SPLIT_D8_A|268 SPLIT_D8_M|268 SPLIT_D8_A|269 SPLIT_D8_M|269
  [  1/8]   74.4 min  split_plateau  SPLIT_D8_A seed 266  lr 0.001 (gate W_in/W_h/W_g 0.001 throughout; every other parameter 0.0001 for updates 1-2400, 0.001 after; + main's HINGE hinge; + the trigger (every 2400 from 4800: probe acc < 0.95 and rise < 0.02 -> S24's SPLIT, W_g state reset))
          acc 0.246  trans  None  VALcos 1.000  margin 0.20  OTHER  splits 8
  [  2/8]   75.1 min  split_plateau  SPLIT_D8_A seed 267  lr 0.001 (gate W_in/W_h/W_g 0.001 throughout; every other parameter 0.0001 for updates 1-2400, 0.001 after; + main's HINGE hinge; + the trigger (every 2400 from 4800: probe acc < 0.95 and rise < 0.02 -> S24's SPLIT, W_g state reset))
          acc 0.105  trans  None  VALcos 1.000  margin -0.00  OTHER  splits 12
  [  3/8]   77.4 min  split_plateau  SPLIT_D8_M seed 267  lr 0.001 (Muon lr 0.005: gate W_in/W_h/W_g throughout, other Muon weights x0.1 for updates 1-2400; Adam on embedding and conv 0.0001 for 1-2400, 0.001 after; + main's HINGE hinge; + the trigger (every 2400 from 4800: probe acc < 0.95 and rise < 0.02 -> S24's SPLIT, W_g state reset))
          acc 0.114  trans  None  VALcos 0.999  margin 0.00  OTHER  splits 11
  [  4/8]   77.5 min  split_plateau  SPLIT_D8_M seed 266  lr 0.001 (Muon lr 0.005: gate W_in/W_h/W_g throughout, other Muon weights x0.1 for updates 1-2400; Adam on embedding and conv 0.0001 for 1-2400, 0.001 after; + main's HINGE hinge; + the trigger (every 2400 from 4800: probe acc < 0.95 and rise < 0.02 -> S24's SPLIT, W_g state reset))
          acc 0.106  trans  None  VALcos 0.985  margin 0.05  OTHER  splits 12
#################### RESUME 2026-10-04 02:25:34 UTC — the previous segment was stopped by the session's background time limit; saved runs are reused, missing runs re-run (EXPLORATORY, not a result) ####################
====================================================================================================
EXPLORATORY, NOT A RESULT — batch 12: split_plateau (S36)
  cpu Intel(R) Xeon(R) Processor @ 2.10GHz | torch 2.14.0+cu130 | git 6739017+dirty | python 3.11.15 | torch threads 1
====================================================================================================
  recipe read in the child from main at 9c5939e: test_slow_start.LR 0.001, test_stream_recipe.LR 0.001, test_stream_curriculum.LR 0.001 (Adam groups; the branch's SUB_LR 0.001); WARM 2400, TAU 0.2, LAMBDA 1.0; Muon lr 0.005 (S33's validity choice {'a': 0.005, 'b': 0.005}); schedules {'t_check': 4800, 'a_check': 0.4, 'total': 28800, 'eval_every': 1200} (a, total 28800), {'t1': 4800, 't2': 9600, 'total': 28800, 'eval_every': 1200, 't_check': 2400, 'a_check': 0.6} (b, total set to 43200); 1 torch thread per run
  lr read for split_plateau SPLIT4k4_M: 0.001 (Adam groups); Muon lr 0.005
  lr read for split_plateau SPLIT_D8_M: 0.001 (Adam groups); Muon lr 0.005
  lr read for split_plateau SPLIT_D8_A: 0.001 (Adam groups)
  S36 readings: (a) 'the split fixes four-stream merges under Muon' if SPLIT4k4_M binds >= 8/10, 'it does not' if <= 5/10, otherwise neither; (b) per arm 'it breaks the eight-stream stall' if >= 3/10 bind by 43200, otherwise 'it does not' (BOUND at 28800 printed, the paired outcome)
  queue order: the (b) arms' 43200-step runs first (arm priority), then (a)
  repro_check: arm A seed 160, 2400 steps, lr 0.001: BIT-IDENTICAL to X (53s)
    here [[1200, 0.25732421875, 2.1073341369628906], [2400, 0.50244140625, 1.1376346349716187]]
    X    [[1200, 0.25732421875, 2.1073341369628906], [2400, 0.50244140625, 1.1376346349716187]]
  CHECKs skipped (repro check above still run): the screen code is unchanged — no file outside explore_out/ and explore_batch12.py differs from fcb4a27, where the full CHECK suite passed (2026-10-03 18:39:18 UTC; its output is earlier in this log). git diff --stat fcb4a27:
     explore_out/README.md                          |      2 +-
     explore_out/batch12.log                        |    236 +
     explore_out/batch12_checks.json                |      6 +
     explore_out/split_plateau_results.json         | 171923 ++++++++++++++++++++++
     explore_out/split_plateau_runtime_results.json |     20 +
     5 files changed, 172186 insertions(+), 1 deletion(-)
----------------------------------------------------------------------------------------------------
[EXPLORATORY, not a result] SCREEN split_plateau
  idea    a label-free plateau trigger that applies S24's SPLIT to merged or stalled multi-stream runs
  source  batch 8's S24 (SPLIT un-merged 8/8 merged runs); batch 10's S33 (Muon keeps merges at S=4 k=4; the coarse split at S=8)
  change  every 2400 updates from 4800: if probe accuracy < 0.95 and rose < 0.02, W_g[idlest] <- W_g[busiest] + noise (both rows, 0.1 std), W_g's optimizer state reset
  arm SPLIT4k4_M   lr 0.001  iters 28800  seeds 240-249 (10)  — S33's A_HINGE + the trigger (S=4, P=4, k=4, conv)
                   schedule: Muon lr 0.005: gate W_in/W_h/W_g throughout, other Muon weights x0.1 for updates 1-2400; Adam on embedding and conv 0.0001 for 1-2400, 0.001 after; + main's HINGE hinge; + the trigger (every 2400 from 4800: probe acc < 0.95 and rise < 0.02 -> S24's SPLIT, W_g state reset)
  arm SPLIT_D8_M   lr 0.001  iters 43200  seeds 260-269 (10)  — S33's D8_HINGE + the trigger (S=8, P=4, k=16, conv)
                   schedule: Muon lr 0.005: gate W_in/W_h/W_g throughout, other Muon weights x0.1 for updates 1-2400; Adam on embedding and conv 0.0001 for 1-2400, 0.001 after; + main's HINGE hinge; + the trigger (every 2400 from 4800: probe acc < 0.95 and rise < 0.02 -> S24's SPLIT, W_g state reset)
  arm SPLIT_D8_A   lr 0.001  iters 43200  seeds 260-269 (10)  — main's HINGE_D8 + the trigger (S=8, P=4, k=16, conv; Adam)
                   schedule: gate W_in/W_h/W_g 0.001 throughout; every other parameter 0.0001 for updates 1-2400, 0.001 after; + main's HINGE hinge; + the trigger (every 2400 from 4800: probe acc < 0.95 and rise < 0.02 -> S24's SPLIT, W_g state reset)
  pairing (a) 240-249 with S33's A_HINGE; (b) 260-269 with S33's D8_HINGE (Muon) and X's recorded HINGE_D8 (Adam); same initial parameters and batches until the first split
----------------------------------------------------------------------------------------------------
  PROJECTION (worst case: every run to its iters; pool-load timing: the median interval between optimizer steps, one child per arm at once (SPLIT_D8_M twice), 1 thread each, this machine):
    split_plateau  SPLIT4k4_M  10 runs x  24.0 min  (28800 steps x 47.6 ms + 24 evals x 2.9 s)
    split_plateau  SPLIT_D8_M  10 runs x  73.5 min  (43200 steps x 97.5 ms + 36 evals x 5.5 s)
    split_plateau  SPLIT_D8_A  10 runs x  70.3 min  (43200 steps x 93.1 ms + 36 evals x 5.5 s)
    total 27.97 h of runs; makespan on 4 workers 7.17 h (worst case)
  RUNTIME RULE (stored 2026-10-03 18:39:57 UTC: makespan 7.79 h on 4 workers): no cut
  4 runs queued on 4 workers (1 torch thread each), submitted in waves: SPLIT_D8_A|268 SPLIT_D8_M|268 SPLIT_D8_A|269 SPLIT_D8_M|269
  [  1/4]   74.2 min  split_plateau  SPLIT_D8_A seed 269  lr 0.001 (gate W_in/W_h/W_g 0.001 throughout; every other parameter 0.0001 for updates 1-2400, 0.001 after; + main's HINGE hinge; + the trigger (every 2400 from 4800: probe acc < 0.95 and rise < 0.02 -> S24's SPLIT, W_g state reset))
          acc 0.105  trans  None  VALcos 1.000  margin -0.00  OTHER  splits 8
  [  2/4]   74.3 min  split_plateau  SPLIT_D8_A seed 268  lr 0.001 (gate W_in/W_h/W_g 0.001 throughout; every other parameter 0.0001 for updates 1-2400, 0.001 after; + main's HINGE hinge; + the trigger (every 2400 from 4800: probe acc < 0.95 and rise < 0.02 -> S24's SPLIT, W_g state reset))
          acc 0.274  trans  None  VALcos 1.000  margin 0.44  STREAM-PARTIAL  splits 9
  [  3/4]   77.1 min  split_plateau  SPLIT_D8_M seed 269  lr 0.001 (Muon lr 0.005: gate W_in/W_h/W_g throughout, other Muon weights x0.1 for updates 1-2400; Adam on embedding and conv 0.0001 for 1-2400, 0.001 after; + main's HINGE hinge; + the trigger (every 2400 from 4800: probe acc < 0.95 and rise < 0.02 -> S24's SPLIT, W_g state reset))
          acc 0.108  trans  None  VALcos 0.998  margin -0.00  OTHER  splits 9
  [  4/4]   77.1 min  split_plateau  SPLIT_D8_M seed 268  lr 0.001 (Muon lr 0.005: gate W_in/W_h/W_g throughout, other Muon weights x0.1 for updates 1-2400; Adam on embedding and conv 0.0001 for 1-2400, 0.001 after; + main's HINGE hinge; + the trigger (every 2400 from 4800: probe acc < 0.95 and rise < 0.02 -> S24's SPLIT, W_g state reset))
          acc 0.380  trans  None  VALcos 0.000  margin 0.33  STREAM-PARTIAL  splits 10
  batch wall clock 77.1 min (this segment)
####################################################################################################
REPORTS — EXPLORATORY, not a result
####################################################################################################
----------------------------------------------------------------------------------------------------
[EXPLORATORY, not a result] SCREEN split_plateau
  idea    a label-free plateau trigger that applies S24's SPLIT to merged or stalled multi-stream runs
  source  batch 8's S24 (SPLIT un-merged 8/8 merged runs); batch 10's S33 (Muon keeps merges at S=4 k=4; the coarse split at S=8)
  change  every 2400 updates from 4800: if probe accuracy < 0.95 and rose < 0.02, W_g[idlest] <- W_g[busiest] + noise (both rows, 0.1 std), W_g's optimizer state reset
  arm SPLIT4k4_M   lr 0.001  iters 28800  seeds 240-249 (10)  — S33's A_HINGE + the trigger (S=4, P=4, k=4, conv)
                   schedule: Muon lr 0.005: gate W_in/W_h/W_g throughout, other Muon weights x0.1 for updates 1-2400; Adam on embedding and conv 0.0001 for 1-2400, 0.001 after; + main's HINGE hinge; + the trigger (every 2400 from 4800: probe acc < 0.95 and rise < 0.02 -> S24's SPLIT, W_g state reset)
  arm SPLIT_D8_M   lr 0.001  iters 43200  seeds 260-269 (10)  — S33's D8_HINGE + the trigger (S=8, P=4, k=16, conv)
                   schedule: Muon lr 0.005: gate W_in/W_h/W_g throughout, other Muon weights x0.1 for updates 1-2400; Adam on embedding and conv 0.0001 for 1-2400, 0.001 after; + main's HINGE hinge; + the trigger (every 2400 from 4800: probe acc < 0.95 and rise < 0.02 -> S24's SPLIT, W_g state reset)
  arm SPLIT_D8_A   lr 0.001  iters 43200  seeds 260-269 (10)  — main's HINGE_D8 + the trigger (S=8, P=4, k=16, conv; Adam)
                   schedule: gate W_in/W_h/W_g 0.001 throughout; every other parameter 0.0001 for updates 1-2400, 0.001 after; + main's HINGE hinge; + the trigger (every 2400 from 4800: probe acc < 0.95 and rise < 0.02 -> S24's SPLIT, W_g state reset)
  pairing (a) 240-249 with S33's A_HINGE; (b) 260-269 with S33's D8_HINGE (Muon) and X's recorded HINGE_D8 (Adam); same initial parameters and batches until the first split
----------------------------------------------------------------------------------------------------
  ARM SPLIT4k4_M (S33's A_HINGE + the trigger (S=4, P=4, k=4, conv)); seeds 240-249 (10); paired with A_HINGE
    seed | SPLIT4k4_M                 trans   acc B28800 splits ch end     per ch | A_HINGE                    trans ch end
     240 | BOUND ROUTED                7200 0.999      Y      1      4    1+1+1+1 | MERGED (2 share)            None      3
     241 | MERGED (2 share)            None 0.768      -      7      3      2+1+1 | MERGED (2 share)            None      3
     242 | BOUND ROUTED                2400 0.993      Y      0      4    1+1+1+1 | BOUND ROUTED                2400      4
     243 | MERGED (2 share)            None 0.702      -      5      3      2+1+1 | MERGED (2 share)            None      3
     244 | MERGED (2 share)            None 0.489      -      5      2        2+2 | MERGED (2 share)            None      2
     245 | MERGED (2 share)            None 0.497      -      6      2        2+2 | BOUND NOT routed           27600      2
     246 | BOUND ROUTED                2400 1.000      Y      0      4    1+1+1+1 | BOUND ROUTED                2400      4
     247 | BOUND ROUTED                8400 1.000      Y      1      4    1+1+1+1 | MERGED (2 share)            None      3
     248 | BOUND ROUTED                2400 1.000      Y      0      4    1+1+1+1 | BOUND ROUTED                2400      4
     249 | MERGED (2 share)            None 0.773      -      6      3      2+1+1 | MERGED (2 share)            None      3
  SPLIT4k4_M vs A_HINGE (paired):
    BOUND@28800  SPLIT4k4_M 5/10  A_HINGE 4/10  SPLIT4k4_M only 2, A_HINGE only 1, McNemar two-sided p = 1 (printed)
    BOUND@28800  SPLIT4k4_M 5/10  A_HINGE 4/10  SPLIT4k4_M only 2, A_HINGE only 1, McNemar two-sided p = 1 (printed)
  SPLIT4k4_M checks per run (step: probe acc, '*' = split c*->c0; masses at each check):
    240: 2400:0.719  4800:0.688*3->1  7200:1.000  9600:1.000
          2400 acc 0.719 no    c*  3 c0  1 masses [0.24 0.12 0.21 0.43]
          4800 acc 0.688 FIRED c*  3 c0  1 masses [0.25 0.19 0.24 0.32]
          7200 acc 1.000 no    c*  2 c0  3 masses [0.24 0.27 0.29 0.20]
          9600 acc 1.000 no    c*  1 c0  0 masses [0.23 0.26 0.25 0.25]
    241: 2400:0.781  4800:0.750*1->2  7200:0.641*3->1  9600:0.797  12000:0.781*0->3  14400:0.438*1->2  16800:0.812  19200:0.828*0->2  21600:0.531*1->2  24000:0.812  26400:0.797*0->3
          2400 acc 0.781 no    c*  0 c0  1 masses [0.33 0.13 0.29 0.25]
          4800 acc 0.750 FIRED c*  1 c0  2 masses [0.30 0.34 0.18 0.18]
          7200 acc 0.641 FIRED c*  3 c0  1 masses [0.28 0.07 0.31 0.35]
          9600 acc 0.797 no    c*  2 c0  3 masses [0.29 0.21 0.32 0.18]
         12000 acc 0.781 FIRED c*  0 c0  3 masses [0.29 0.28 0.25 0.18]
         14400 acc 0.438 FIRED c*  1 c0  2 masses [0.25 0.45 0.09 0.20]
         16800 acc 0.812 no    c*  0 c0  2 masses [0.30 0.28 0.20 0.21]
         19200 acc 0.828 FIRED c*  0 c0  2 masses [0.28 0.25 0.21 0.26]
         21600 acc 0.531 FIRED c*  1 c0  2 masses [0.31 0.36 0.10 0.23]
         24000 acc 0.812 no    c*  0 c0  2 masses [0.33 0.23 0.20 0.24]
         26400 acc 0.797 FIRED c*  0 c0  3 masses [0.30 0.22 0.28 0.21]
    242: 2400:1.000  4800:0.984  7200:1.000
          2400 acc 1.000 no    c*  0 c0  1 masses [0.26 0.25 0.25 0.25]
          4800 acc 0.984 no    c*  2 c0  3 masses [0.25 0.26 0.27 0.23]
          7200 acc 1.000 no    c*  0 c0  3 masses [0.27 0.26 0.25 0.21]
    243: 2400:0.797  4800:0.828  7200:0.859  9600:0.797*2->0  12000:0.438*2->0  14400:0.422*1->2  16800:0.781  19200:0.828  21600:0.844*0->2  24000:0.406*3->0  26400:0.688
          2400 acc 0.797 no    c*  3 c0  0 masses [0.20 0.20 0.22 0.38]
          4800 acc 0.828 no    c*  3 c0  0 masses [0.17 0.17 0.33 0.34]
          7200 acc 0.859 no    c*  2 c0  1 masses [0.17 0.17 0.34 0.33]
          9600 acc 0.797 FIRED c*  2 c0  0 masses [0.17 0.17 0.35 0.32]
         12000 acc 0.438 FIRED c*  2 c0  0 masses [0.05 0.33 0.34 0.28]
         14400 acc 0.422 FIRED c*  1 c0  2 masses [0.32 0.34 0.04 0.30]
         16800 acc 0.781 no    c*  0 c0  2 masses [0.34 0.17 0.17 0.33]
         19200 acc 0.828 no    c*  0 c0  1 masses [0.36 0.16 0.17 0.31]
         21600 acc 0.844 FIRED c*  0 c0  2 masses [0.41 0.17 0.16 0.26]
         24000 acc 0.406 FIRED c*  3 c0  0 masses [0.07 0.29 0.12 0.53]
         26400 acc 0.688 no    c*  0 c0  2 masses [0.35 0.33 0.13 0.19]
    244: 2400:0.516  4800:0.438*2->1  7200:0.484  9600:0.625  12000:0.500*0->1  14400:0.547  16800:0.531*3->0  19200:0.641  21600:0.438*1->3  24000:0.500  26400:0.453*3->1
          2400 acc 0.516 no    c*  0 c0  3 masses [0.35 0.26 0.23 0.16]
          4800 acc 0.438 FIRED c*  2 c0  1 masses [0.29 0.18 0.31 0.22]
          7200 acc 0.484 no    c*  0 c0  1 masses [0.33 0.05 0.29 0.33]
          9600 acc 0.625 no    c*  0 c0  1 masses [0.38 0.08 0.29 0.26]
         12000 acc 0.500 FIRED c*  0 c0  1 masses [0.38 0.06 0.28 0.27]
         14400 acc 0.547 no    c*  1 c0  0 masses [0.13 0.32 0.31 0.23]
         16800 acc 0.531 FIRED c*  3 c0  0 masses [0.11 0.31 0.26 0.32]
         19200 acc 0.641 no    c*  1 c0  3 masses [0.21 0.37 0.24 0.18]
         21600 acc 0.438 FIRED c*  1 c0  3 masses [0.31 0.36 0.28 0.05]
         24000 acc 0.500 no    c*  3 c0  1 masses [0.23 0.15 0.30 0.33]
         26400 acc 0.453 FIRED c*  3 c0  1 masses [0.24 0.13 0.29 0.33]
    245: 2400:0.453  4800:0.562  7200:0.469*0->3  9600:0.562  12000:0.484*0->3  14400:0.578  16800:0.562*3->0  19200:0.453*2->0  21600:0.438*1->2  24000:0.547  26400:0.516*3->2
          2400 acc 0.453 no    c*  2 c0  3 masses [0.25 0.28 0.28 0.19]
          4800 acc 0.562 no    c*  1 c0  3 masses [0.31 0.33 0.28 0.09]
          7200 acc 0.469 FIRED c*  0 c0  3 masses [0.32 0.30 0.29 0.09]
          9600 acc 0.562 no    c*  2 c0  3 masses [0.33 0.27 0.33 0.06]
         12000 acc 0.484 FIRED c*  0 c0  3 masses [0.33 0.32 0.33 0.01]
         14400 acc 0.578 no    c*  3 c0  0 masses [0.01 0.32 0.33 0.33]
         16800 acc 0.562 FIRED c*  3 c0  0 masses [0.00 0.33 0.33 0.34]
         19200 acc 0.453 FIRED c*  2 c0  0 masses [0.05 0.33 0.33 0.29]
         21600 acc 0.438 FIRED c*  1 c0  2 masses [0.31 0.33 0.03 0.33]
         24000 acc 0.547 no    c*  3 c0  2 masses [0.33 0.32 0.01 0.34]
         26400 acc 0.516 FIRED c*  3 c0  2 masses [0.33 0.27 0.06 0.34]
    246: 2400:0.953  4800:1.000  7200:1.000
          2400 acc 0.953 no    c*  1 c0  0 masses [0.24 0.26 0.25 0.25]
          4800 acc 1.000 no    c*  2 c0  3 masses [0.25 0.25 0.27 0.24]
          7200 acc 1.000 no    c*  2 c0  0 masses [0.22 0.25 0.27 0.25]
    247: 2400:0.609  4800:0.656  7200:0.641*2->0  9600:1.000
          2400 acc 0.609 no    c*  2 c0  0 masses [0.15 0.31 0.36 0.18]
          4800 acc 0.656 no    c*  1 c0  0 masses [0.14 0.35 0.32 0.19]
          7200 acc 0.641 FIRED c*  2 c0  0 masses [0.12 0.34 0.36 0.17]
          9600 acc 1.000 no    c*  2 c0  0 masses [0.22 0.23 0.28 0.27]
    248: 2400:1.000  4800:0.969  7200:1.000
          2400 acc 1.000 no    c*  2 c0  3 masses [0.25 0.25 0.25 0.25]
          4800 acc 0.969 no    c*  3 c0  0 masses [0.19 0.28 0.23 0.30]
          7200 acc 1.000 no    c*  1 c0  3 masses [0.26 0.29 0.26 0.19]
    249: 2400:0.719  4800:0.781  7200:0.703*1->0  9600:0.781  12000:0.719*1->3  14400:0.719*3->1  16800:0.719*2->3  19200:0.781  21600:0.750*2->0  24000:0.469*1->0  26400:0.750
          2400 acc 0.719 no    c*  2 c0  0 masses [0.18 0.25 0.40 0.18]
          4800 acc 0.781 no    c*  1 c0  3 masses [0.17 0.36 0.30 0.17]
          7200 acc 0.703 FIRED c*  1 c0  0 masses [0.18 0.36 0.28 0.18]
          9600 acc 0.781 no    c*  1 c0  3 masses [0.19 0.33 0.31 0.17]
         12000 acc 0.719 FIRED c*  1 c0  3 masses [0.28 0.29 0.26 0.17]
         14400 acc 0.719 FIRED c*  3 c0  1 masses [0.22 0.18 0.29 0.30]
         16800 acc 0.719 FIRED c*  2 c0  3 masses [0.22 0.26 0.31 0.21]
         19200 acc 0.781 no    c*  2 c0  0 masses [0.20 0.26 0.32 0.22]
         21600 acc 0.750 FIRED c*  2 c0  0 masses [0.18 0.23 0.31 0.28]
         24000 acc 0.469 FIRED c*  1 c0  0 masses [0.13 0.40 0.34 0.13]
         26400 acc 0.750 no    c*  2 c0  3 masses [0.26 0.19 0.40 0.15]
  SPLIT4k4_M splits per run: {240: 1, 241: 7, 242: 0, 243: 5, 244: 5, 245: 6, 246: 0, 247: 1, 248: 0, 249: 6} (total 31; runs with a split 7/10)
  SPLIT4k4_M distinct channels holding the 4 streams (labelled: routing_k's ch_map on the run's probe) before -> right after -> at the next check, per split:
    240: 4800 3->1: 3 (2+1+1) -> 3 (2+1+1) -> 4 (1+1+1+1)
    241: 4800 1->2: 3 (2+1+1) -> 2 (2+2) -> 2 (2+2); 7200 3->1: 2 (2+2) -> 2 (2+2) -> 3 (2+1+1); 12000 0->3: 3 (2+1+1) -> 2 (2+2) -> 2 (2+2); 14400 1->2: 2 (2+2) -> 2 (2+2) -> 3 (2+1+1); 19200 0->2: 3 (2+1+1) -> 2 (2+2) -> 2 (2+2); 21600 1->2: 2 (2+2) -> 3 (2+1+1) -> 3 (2+1+1); 26400 0->3: 3 (2+1+1) -> 3 (2+1+1) -> 3 (2+1+1)
    243: 9600 2->0: 3 (2+1+1) -> 2 (3+1) -> 2 (2+2); 12000 2->0: 2 (2+2) -> 2 (2+2) -> 2 (2+2); 14400 1->2: 2 (2+2) -> 2 (2+2) -> 3 (2+1+1); 21600 0->2: 3 (2+1+1) -> 2 (2+2) -> 2 (3+1); 24000 3->0: 2 (3+1) -> 2 (3+1) -> 3 (2+1+1)
    244: 4800 2->1: 2 (2+2) -> 2 (2+2) -> 2 (2+2); 12000 0->1: 2 (2+2) -> 2 (2+2) -> 2 (2+2); 16800 3->0: 2 (2+2) -> 2 (2+2) -> 2 (2+2); 21600 1->3: 2 (2+2) -> 2 (2+2) -> 2 (2+2); 26400 3->1: 2 (2+2) -> 2 (2+2) -> 2 (2+2)
    245: 7200 0->3: 2 (2+2) -> 2 (2+2) -> 2 (2+2); 12000 0->3: 2 (2+2) -> 2 (2+2) -> 2 (2+2); 16800 3->0: 2 (2+2) -> 2 (2+2) -> 2 (2+2); 19200 2->0: 2 (2+2) -> 2 (2+2) -> 2 (2+2); 21600 1->2: 2 (2+2) -> 2 (2+2) -> 2 (2+2); 26400 3->2: 2 (2+2) -> 2 (2+2) -> 2 (2+2)
    247: 7200 2->0: 3 (2+1+1) -> 3 (2+1+1) -> 4 (1+1+1+1)
    249: 7200 1->0: 3 (2+1+1) -> 2 (2+2) -> 3 (2+1+1); 12000 1->3: 3 (2+1+1) -> 2 (3+1) -> 3 (2+1+1); 14400 3->1: 3 (2+1+1) -> 2 (3+1) -> 3 (2+1+1); 16800 2->3: 3 (2+1+1) -> 2 (2+2) -> 3 (2+1+1); 21600 2->0: 3 (2+1+1) -> 2 (2+2) -> 2 (2+2); 24000 1->0: 2 (2+2) -> 2 (2+2) -> 3 (2+1+1)
  SPLIT4k4_M HARM (held-out accuracy 2400 updates after a split > 0.05 below the value at it): 3/10 runs {241: [(4800, 0.764, 0.495), (12000, 0.749, 0.5), (19200, 0.755, 0.487)], 243: [(9600, 0.768, 0.504), (21600, 0.748, 0.354)], 249: [(21600, 0.762, 0.51)]}
  READING S36 SPLIT4k4_M: it does not (BOUND 5/10; >= 8 fixes, <= 5 not)
  ARM SPLIT_D8_M (S33's D8_HINGE + the trigger (S=8, P=4, k=16, conv)); seeds 260-269 (10); paired with D8_HINGE
    seed | SPLIT_D8_M                 trans   acc B28800 splits ch end     per ch | D8_HINGE                   trans ch end
     260 | non-stream OTHER            None 0.116      -      8      2        5+3 | non-stream OTHER            None      3
     261 | MERGED (4 share)            None 0.491      -      8      4    4+2+1+1 | MERGED (6 share)            None      2
     262 | MERGED (3 share)            None 0.380      -      9      3      3+3+2 | non-stream OTHER            None      5
     263 | MERGED (4 share)            None 0.375      -      8      3      4+2+2 | MERGED (4 share)            None      3
     264 | non-stream OTHER            None 0.116      -     12      3      6+1+1 | non-stream OTHER            None      3
     265 | non-stream KEY              None 0.236      -     11      3      5+2+1 | non-stream OTHER            None      2
     266 | non-stream OTHER            None 0.106      -     12      1          8 | MERGED (5 share)            None      2
     267 | non-stream OTHER            None 0.114      -     11      1          8 | non-stream OTHER            None      1
     268 | MERGED (4 share)            None 0.380      -     10      3      4+3+1 | non-stream OTHER            None      2
     269 | non-stream OTHER            None 0.108      -      9      1          8 | non-stream OTHER            None      1
  SPLIT_D8_M vs D8_HINGE (paired):
    BOUND@28800  SPLIT_D8_M 0/10  D8_HINGE 0/10  SPLIT_D8_M only 0, D8_HINGE only 0, McNemar two-sided p = 1 (printed)
    BOUND@43200  SPLIT_D8_M 0/10  D8_HINGE 0/10  SPLIT_D8_M only 0, D8_HINGE only 0, McNemar two-sided p = 1 (printed)
  SPLIT_D8_M checks per run (step: probe acc, '*' = split c*->c0; masses at each check):
    260: 2400:0.078  4800:0.125  7200:0.109*11->12  9600:0.109*6->11  12000:0.141  14400:0.062*7->5  16800:0.125  19200:0.172  21600:0.062*6->14  24000:0.109  26400:0.172  28800:0.172*12->1  31200:0.109*12->0  33600:0.141  36000:0.156*2->8  38400:0.062*2->10  40800:0.109
          2400 acc 0.078 no    c*  9 c0  0 masses [0.06 0.06 0.06 0.06 0.06 0.06 0.06 0.06 0.07 0.07 0.06 0.06 0.06 0.06 0.06 0.07]
          4800 acc 0.125 no    c*  3 c0 10 masses [0.06 0.06 0.06 0.08 0.06 0.06 0.06 0.06 0.06 0.06 0.05 0.07 0.07 0.07 0.05 0.07]
          7200 acc 0.109 FIRED c* 11 c0 12 masses [0.06 0.06 0.07 0.06 0.06 0.06 0.07 0.06 0.06 0.06 0.06 0.09 0.05 0.06 0.06 0.06]
          9600 acc 0.109 FIRED c*  6 c0 11 masses [0.07 0.07 0.06 0.06 0.06 0.06 0.09 0.07 0.06 0.06 0.07 0.06 0.06 0.06 0.06 0.06]
         12000 acc 0.141 no    c*  9 c0  8 masses [0.06 0.07 0.06 0.06 0.07 0.06 0.08 0.05 0.05 0.09 0.05 0.06 0.06 0.05 0.06 0.07]
         14400 acc 0.062 FIRED c*  7 c0  5 masses [0.06 0.06 0.06 0.06 0.06 0.05 0.06 0.10 0.06 0.06 0.07 0.06 0.06 0.06 0.06 0.06]
         16800 acc 0.125 no    c*  7 c0  8 masses [0.06 0.06 0.06 0.07 0.06 0.06 0.07 0.08 0.06 0.06 0.06 0.06 0.06 0.06 0.06 0.06]
         19200 acc 0.172 no    c*  6 c0 12 masses [0.06 0.06 0.06 0.06 0.06 0.06 0.07 0.07 0.06 0.07 0.07 0.06 0.06 0.06 0.06 0.06]
         21600 acc 0.062 FIRED c*  6 c0 14 masses [0.06 0.06 0.06 0.06 0.06 0.06 0.11 0.06 0.06 0.06 0.06 0.06 0.06 0.06 0.06 0.07]
         24000 acc 0.109 no    c*  2 c0 11 masses [0.06 0.06 0.09 0.06 0.06 0.06 0.06 0.06 0.06 0.06 0.06 0.05 0.06 0.06 0.08 0.06]
         26400 acc 0.172 no    c*  5 c0 11 masses [0.06 0.06 0.06 0.06 0.06 0.10 0.06 0.06 0.06 0.06 0.06 0.06 0.06 0.06 0.07 0.06]
         28800 acc 0.172 FIRED c* 12 c0  1 masses [0.06 0.06 0.06 0.06 0.06 0.06 0.06 0.06 0.06 0.06 0.06 0.06 0.07 0.06 0.07 0.06]
         31200 acc 0.109 FIRED c* 12 c0  0 masses [0.06 0.06 0.06 0.07 0.07 0.06 0.06 0.06 0.06 0.07 0.06 0.06 0.07 0.06 0.07 0.06]
         33600 acc 0.141 no    c*  3 c0  6 masses [0.06 0.06 0.06 0.10 0.06 0.06 0.06 0.06 0.06 0.06 0.06 0.06 0.07 0.06 0.08 0.06]
         36000 acc 0.156 FIRED c*  2 c0  8 masses [0.06 0.06 0.08 0.07 0.06 0.06 0.05 0.05 0.05 0.07 0.06 0.05 0.07 0.07 0.07 0.06]
         38400 acc 0.062 FIRED c*  2 c0 10 masses [0.05 0.06 0.10 0.07 0.06 0.05 0.06 0.05 0.06 0.06 0.05 0.08 0.06 0.06 0.08 0.06]
         40800 acc 0.109 no    c*  4 c0  7 masses [0.06 0.05 0.07 0.08 0.08 0.07 0.05 0.04 0.07 0.06 0.07 0.04 0.05 0.07 0.07 0.06]
    261: 2400:0.062  4800:0.078*15->7  7200:0.078*13->8  9600:0.109  12000:0.109*14->4  14400:0.109*7->6  16800:0.203  19200:0.234  21600:0.297  24000:0.344  26400:0.344*4->0  28800:0.422  31200:0.328*14->10  33600:0.344*0->3  36000:0.469  38400:0.422*0->11  40800:0.469
          2400 acc 0.062 no    c*  0 c0  6 masses [0.07 0.06 0.06 0.06 0.06 0.06 0.06 0.06 0.06 0.06 0.06 0.06 0.06 0.06 0.07 0.06]
          4800 acc 0.078 FIRED c* 15 c0  7 masses [0.06 0.06 0.05 0.05 0.06 0.05 0.06 0.05 0.08 0.06 0.07 0.06 0.06 0.06 0.07 0.10]
          7200 acc 0.078 FIRED c* 13 c0  8 masses [0.06 0.06 0.07 0.07 0.06 0.07 0.06 0.07 0.05 0.06 0.06 0.06 0.06 0.07 0.06 0.06]
          9600 acc 0.109 no    c* 15 c0 12 masses [0.05 0.04 0.06 0.05 0.04 0.07 0.04 0.08 0.03 0.14 0.03 0.05 0.03 0.05 0.09 0.15]
         12000 acc 0.109 FIRED c* 14 c0  4 masses [0.01 0.02 0.10 0.01 0.01 0.06 0.04 0.12 0.01 0.03 0.02 0.03 0.02 0.04 0.29 0.21]
         14400 acc 0.109 FIRED c*  7 c0  6 masses [0.02 0.02 0.05 0.03 0.14 0.01 0.01 0.29 0.02 0.10 0.01 0.01 0.04 0.07 0.11 0.07]
         16800 acc 0.203 no    c*  6 c0 11 masses [0.02 0.01 0.03 0.02 0.12 0.04 0.23 0.21 0.01 0.15 0.02 0.01 0.02 0.02 0.03 0.04]
         19200 acc 0.234 no    c*  4 c0 11 masses [0.03 0.00 0.02 0.01 0.29 0.05 0.09 0.13 0.01 0.17 0.02 0.00 0.00 0.02 0.08 0.08]
         21600 acc 0.297 no    c*  4 c0 11 masses [0.03 0.01 0.02 0.00 0.30 0.05 0.09 0.10 0.03 0.16 0.00 0.00 0.01 0.01 0.12 0.07]
         24000 acc 0.344 no    c*  4 c0  3 masses [0.01 0.03 0.01 0.01 0.25 0.07 0.08 0.06 0.04 0.14 0.02 0.02 0.02 0.02 0.17 0.07]
         26400 acc 0.344 FIRED c*  4 c0  0 masses [0.00 0.02 0.02 0.01 0.25 0.07 0.08 0.07 0.02 0.15 0.01 0.01 0.01 0.01 0.19 0.09]
         28800 acc 0.422 no    c* 14 c0 13 masses [0.16 0.01 0.02 0.01 0.11 0.07 0.08 0.01 0.01 0.14 0.01 0.01 0.01 0.01 0.22 0.13]
         31200 acc 0.328 FIRED c* 14 c0 10 masses [0.20 0.01 0.02 0.02 0.07 0.06 0.08 0.01 0.01 0.14 0.01 0.01 0.01 0.01 0.22 0.13]
         33600 acc 0.344 FIRED c*  0 c0  3 masses [0.24 0.01 0.01 0.01 0.02 0.08 0.08 0.02 0.01 0.14 0.18 0.01 0.01 0.01 0.04 0.13]
         36000 acc 0.469 no    c* 10 c0 11 masses [0.13 0.02 0.02 0.11 0.01 0.06 0.08 0.02 0.02 0.13 0.20 0.01 0.01 0.01 0.02 0.13]
         38400 acc 0.422 FIRED c*  0 c0 11 masses [0.22 0.01 0.03 0.02 0.01 0.07 0.08 0.02 0.01 0.13 0.19 0.01 0.02 0.01 0.02 0.13]
         40800 acc 0.469 no    c* 10 c0  4 masses [0.12 0.01 0.03 0.01 0.01 0.07 0.08 0.02 0.01 0.13 0.19 0.14 0.02 0.01 0.02 0.13]
    262: 2400:0.078  4800:0.078*15->1  7200:0.047*7->4  9600:0.125  12000:0.281  14400:0.234*5->6  16800:0.328  19200:0.312*6->3  21600:0.266*2->5  24000:0.297  26400:0.344  28800:0.281*3->14  31200:0.312  33600:0.297*5->0  36000:0.312*0->11  38400:0.312*14->8  40800:0.375
          2400 acc 0.078 no    c* 13 c0  7 masses [0.06 0.06 0.07 0.06 0.06 0.06 0.06 0.06 0.06 0.06 0.06 0.06 0.06 0.07 0.06 0.06]
          4800 acc 0.078 FIRED c* 15 c0  1 masses [0.06 0.06 0.06 0.06 0.06 0.06 0.06 0.06 0.06 0.06 0.06 0.07 0.07 0.06 0.06 0.08]
          7200 acc 0.047 FIRED c*  7 c0  4 masses [0.06 0.06 0.06 0.06 0.06 0.06 0.06 0.07 0.07 0.06 0.06 0.07 0.06 0.06 0.06 0.06]
          9600 acc 0.125 no    c*  2 c0 14 masses [0.02 0.15 0.24 0.02 0.02 0.08 0.02 0.02 0.09 0.14 0.02 0.03 0.02 0.08 0.02 0.02]
         12000 acc 0.281 no    c*  5 c0  3 masses [0.02 0.03 0.27 0.01 0.01 0.27 0.01 0.04 0.02 0.17 0.03 0.02 0.02 0.02 0.02 0.03]
         14400 acc 0.234 FIRED c*  5 c0  6 masses [0.03 0.10 0.24 0.00 0.02 0.25 0.00 0.10 0.03 0.14 0.01 0.01 0.01 0.01 0.01 0.02]
         16800 acc 0.328 no    c*  2 c0  3 masses [0.01 0.09 0.24 0.00 0.01 0.02 0.23 0.14 0.04 0.12 0.02 0.01 0.01 0.02 0.02 0.03]
         19200 acc 0.312 FIRED c*  6 c0  3 masses [0.01 0.06 0.23 0.00 0.05 0.01 0.24 0.07 0.03 0.13 0.04 0.01 0.08 0.01 0.01 0.02]
         21600 acc 0.266 FIRED c*  2 c0  5 masses [0.01 0.10 0.22 0.15 0.05 0.01 0.09 0.09 0.03 0.13 0.04 0.02 0.02 0.01 0.01 0.02]
         24000 acc 0.297 no    c*  3 c0  0 masses [0.00 0.09 0.08 0.21 0.07 0.15 0.04 0.07 0.03 0.13 0.07 0.01 0.03 0.01 0.01 0.01]
         26400 acc 0.344 no    c*  3 c0  0 masses [0.00 0.10 0.04 0.20 0.07 0.19 0.04 0.09 0.02 0.13 0.07 0.01 0.02 0.01 0.01 0.01]
         28800 acc 0.281 FIRED c*  3 c0 14 masses [0.01 0.10 0.04 0.18 0.07 0.18 0.04 0.09 0.02 0.14 0.07 0.01 0.02 0.00 0.00 0.01]
         31200 acc 0.312 no    c*  5 c0  0 masses [0.00 0.09 0.05 0.03 0.07 0.19 0.03 0.10 0.01 0.15 0.07 0.01 0.01 0.01 0.18 0.01]
         33600 acc 0.297 FIRED c*  5 c0  0 masses [0.00 0.10 0.04 0.02 0.07 0.19 0.04 0.10 0.01 0.15 0.07 0.01 0.01 0.00 0.17 0.01]
         36000 acc 0.312 FIRED c*  0 c0 11 masses [0.19 0.11 0.02 0.04 0.07 0.03 0.02 0.10 0.01 0.15 0.06 0.00 0.01 0.01 0.18 0.01]
         38400 acc 0.312 FIRED c* 14 c0  8 masses [0.01 0.13 0.02 0.02 0.07 0.03 0.03 0.07 0.00 0.16 0.06 0.17 0.01 0.00 0.19 0.01]
         40800 acc 0.375 no    c* 11 c0 12 masses [0.01 0.17 0.04 0.01 0.08 0.02 0.03 0.01 0.18 0.16 0.07 0.18 0.00 0.00 0.03 0.01]
    263: 2400:0.266  4800:0.172*4->7  7200:0.250  9600:0.312  12000:0.344  14400:0.344*2->11  16800:0.422  19200:0.266*2->11  21600:0.344  24000:0.391  26400:0.406*11->8  28800:0.359*8->2  31200:0.359*2->11  33600:0.422  36000:0.406*2->8  38400:0.469  40800:0.375*8->11
          2400 acc 0.266 no    c* 15 c0  7 masses [0.02 0.04 0.02 0.02 0.20 0.16 0.02 0.01 0.02 0.02 0.02 0.01 0.08 0.01 0.02 0.32]
          4800 acc 0.172 FIRED c*  4 c0  7 masses [0.02 0.03 0.05 0.03 0.26 0.14 0.03 0.00 0.02 0.03 0.09 0.01 0.04 0.01 0.06 0.15]
          7200 acc 0.250 no    c*  4 c0 11 masses [0.01 0.02 0.20 0.03 0.23 0.14 0.02 0.03 0.03 0.02 0.07 0.00 0.03 0.01 0.02 0.14]
          9600 acc 0.312 no    c*  2 c0 11 masses [0.01 0.01 0.30 0.01 0.21 0.16 0.01 0.05 0.01 0.01 0.02 0.00 0.02 0.02 0.02 0.14]
         12000 acc 0.344 no    c*  2 c0 10 masses [0.02 0.03 0.33 0.01 0.22 0.15 0.01 0.03 0.01 0.01 0.00 0.00 0.03 0.01 0.02 0.12]
         14400 acc 0.344 FIRED c*  2 c0 11 masses [0.02 0.01 0.32 0.01 0.23 0.15 0.01 0.01 0.01 0.01 0.01 0.01 0.02 0.02 0.02 0.14]
         16800 acc 0.422 no    c*  2 c0 11 masses [0.01 0.00 0.33 0.01 0.22 0.16 0.02 0.02 0.01 0.02 0.02 0.00 0.02 0.01 0.01 0.15]
         19200 acc 0.266 FIRED c*  2 c0 11 masses [0.01 0.00 0.33 0.02 0.22 0.15 0.01 0.01 0.01 0.02 0.01 0.00 0.02 0.01 0.01 0.15]
         21600 acc 0.344 no    c* 11 c0  2 masses [0.01 0.01 0.00 0.01 0.24 0.16 0.01 0.02 0.00 0.01 0.01 0.33 0.01 0.00 0.01 0.16]
         24000 acc 0.391 no    c* 11 c0  8 masses [0.01 0.00 0.00 0.01 0.25 0.17 0.01 0.01 0.00 0.01 0.01 0.33 0.01 0.00 0.01 0.16]
         26400 acc 0.406 FIRED c* 11 c0  8 masses [0.01 0.01 0.00 0.01 0.23 0.17 0.00 0.02 0.00 0.01 0.01 0.33 0.01 0.01 0.02 0.15]
         28800 acc 0.359 FIRED c*  8 c0  2 masses [0.02 0.00 0.00 0.02 0.22 0.17 0.00 0.02 0.33 0.02 0.02 0.00 0.02 0.00 0.02 0.16]
         31200 acc 0.359 FIRED c*  2 c0 11 masses [0.02 0.00 0.33 0.02 0.23 0.17 0.00 0.02 0.00 0.02 0.01 0.00 0.02 0.00 0.02 0.16]
         33600 acc 0.422 no    c*  2 c0  8 masses [0.01 0.00 0.33 0.02 0.22 0.17 0.00 0.02 0.00 0.01 0.02 0.00 0.01 0.00 0.02 0.16]
         36000 acc 0.406 FIRED c*  2 c0  8 masses [0.01 0.00 0.33 0.02 0.22 0.17 0.00 0.01 0.00 0.02 0.02 0.00 0.02 0.00 0.02 0.16]
         38400 acc 0.469 no    c*  8 c0 11 masses [0.01 0.00 0.00 0.02 0.22 0.17 0.00 0.02 0.33 0.02 0.02 0.00 0.02 0.00 0.02 0.16]
         40800 acc 0.375 FIRED c*  8 c0 11 masses [0.00 0.00 0.00 0.01 0.24 0.17 0.00 0.02 0.33 0.02 0.01 0.00 0.02 0.00 0.02 0.16]
    264: 2400:0.109  4800:0.016*5->6  7200:0.125  9600:0.172  12000:0.094*2->14  14400:0.094*13->14  16800:0.109*7->0  19200:0.109*6->2  21600:0.109*10->2  24000:0.094*6->8  26400:0.109*9->1  28800:0.078*14->6  31200:0.094*8->3  33600:0.125  36000:0.078*15->2  38400:0.062*12->13  40800:0.109
          2400 acc 0.109 no    c*  1 c0 10 masses [0.06 0.06 0.06 0.06 0.06 0.06 0.06 0.06 0.06 0.06 0.06 0.06 0.06 0.06 0.06 0.06]
          4800 acc 0.016 FIRED c*  5 c0  6 masses [0.05 0.06 0.06 0.06 0.06 0.12 0.05 0.06 0.06 0.07 0.06 0.06 0.06 0.05 0.06 0.06]
          7200 acc 0.125 no    c*  6 c0 14 masses [0.06 0.05 0.05 0.06 0.06 0.07 0.08 0.06 0.06 0.07 0.06 0.06 0.07 0.07 0.05 0.06]
          9600 acc 0.172 no    c*  1 c0  0 masses [0.05 0.11 0.05 0.06 0.07 0.08 0.06 0.05 0.06 0.05 0.05 0.06 0.05 0.06 0.07 0.06]
         12000 acc 0.094 FIRED c*  2 c0 14 masses [0.06 0.06 0.08 0.06 0.07 0.06 0.07 0.05 0.06 0.06 0.06 0.07 0.07 0.06 0.05 0.05]
         14400 acc 0.094 FIRED c* 13 c0 14 masses [0.05 0.06 0.06 0.06 0.06 0.08 0.07 0.07 0.07 0.05 0.07 0.05 0.06 0.08 0.05 0.07]
         16800 acc 0.109 FIRED c*  7 c0  0 masses [0.05 0.06 0.06 0.06 0.06 0.06 0.06 0.11 0.06 0.06 0.06 0.06 0.06 0.06 0.07 0.05]
         19200 acc 0.109 FIRED c*  6 c0  2 masses [0.06 0.06 0.05 0.06 0.06 0.06 0.07 0.07 0.06 0.06 0.07 0.06 0.07 0.07 0.07 0.06]
         21600 acc 0.109 FIRED c* 10 c0  2 masses [0.07 0.06 0.05 0.05 0.06 0.05 0.05 0.06 0.06 0.06 0.11 0.05 0.10 0.05 0.05 0.06]
         24000 acc 0.094 FIRED c*  6 c0  8 masses [0.06 0.05 0.07 0.05 0.06 0.07 0.09 0.07 0.05 0.06 0.08 0.05 0.06 0.06 0.06 0.06]
         26400 acc 0.109 FIRED c*  9 c0  1 masses [0.06 0.05 0.06 0.06 0.06 0.07 0.06 0.06 0.06 0.08 0.06 0.06 0.06 0.06 0.06 0.07]
         28800 acc 0.078 FIRED c* 14 c0  6 masses [0.07 0.07 0.05 0.06 0.07 0.07 0.05 0.06 0.06 0.06 0.06 0.06 0.06 0.06 0.07 0.06]
         31200 acc 0.094 FIRED c*  8 c0  3 masses [0.05 0.05 0.05 0.05 0.05 0.05 0.05 0.06 0.20 0.06 0.05 0.06 0.05 0.05 0.07 0.06]
         33600 acc 0.125 no    c* 15 c0 11 masses [0.05 0.06 0.05 0.05 0.05 0.05 0.09 0.05 0.05 0.05 0.06 0.05 0.06 0.05 0.06 0.16]
         36000 acc 0.078 FIRED c* 15 c0  2 masses [0.06 0.06 0.06 0.06 0.06 0.06 0.07 0.06 0.06 0.07 0.06 0.07 0.06 0.06 0.06 0.07]
         38400 acc 0.062 FIRED c* 12 c0 13 masses [0.06 0.06 0.06 0.06 0.07 0.06 0.07 0.06 0.06 0.07 0.06 0.06 0.08 0.06 0.06 0.06]
         40800 acc 0.109 no    c*  5 c0  3 masses [0.06 0.06 0.06 0.05 0.06 0.08 0.06 0.06 0.06 0.08 0.06 0.06 0.06 0.06 0.06 0.06]
    265: 2400:0.125  4800:0.219  7200:0.172*1->9  9600:0.203  12000:0.125*1->3  14400:0.328  16800:0.234*3->15  19200:0.172*7->9  21600:0.188*9->10  24000:0.266  26400:0.234*15->2  28800:0.188*15->1  31200:0.188*9->5  33600:0.203*9->8  36000:0.156*15->3  38400:0.188  40800:0.156*9->10
          2400 acc 0.125 no    c*  1 c0  4 masses [0.05 0.26 0.04 0.03 0.01 0.02 0.04 0.24 0.03 0.03 0.04 0.02 0.05 0.08 0.03 0.02]
          4800 acc 0.219 no    c*  1 c0 11 masses [0.05 0.25 0.04 0.02 0.03 0.01 0.02 0.23 0.09 0.03 0.01 0.01 0.10 0.08 0.01 0.01]
          7200 acc 0.172 FIRED c*  1 c0  9 masses [0.04 0.25 0.05 0.02 0.05 0.01 0.04 0.20 0.10 0.01 0.02 0.01 0.06 0.08 0.02 0.01]
          9600 acc 0.203 no    c*  7 c0  3 masses [0.02 0.20 0.01 0.00 0.04 0.02 0.03 0.21 0.15 0.02 0.02 0.02 0.14 0.08 0.01 0.02]
         12000 acc 0.125 FIRED c*  1 c0  3 masses [0.02 0.24 0.01 0.01 0.04 0.02 0.05 0.23 0.10 0.01 0.02 0.02 0.12 0.08 0.01 0.02]
         14400 acc 0.328 no    c*  7 c0  5 masses [0.09 0.02 0.01 0.25 0.04 0.00 0.06 0.30 0.03 0.01 0.01 0.02 0.05 0.08 0.00 0.01]
         16800 acc 0.234 FIRED c*  3 c0 15 masses [0.06 0.01 0.02 0.24 0.04 0.00 0.16 0.23 0.01 0.01 0.01 0.01 0.09 0.08 0.01 0.00]
         19200 acc 0.172 FIRED c*  7 c0  9 masses [0.08 0.01 0.01 0.02 0.04 0.02 0.07 0.27 0.03 0.00 0.01 0.04 0.06 0.08 0.00 0.25]
         21600 acc 0.188 FIRED c*  9 c0 10 masses [0.09 0.01 0.00 0.01 0.04 0.00 0.10 0.03 0.01 0.29 0.00 0.01 0.05 0.08 0.01 0.28]
         24000 acc 0.266 no    c* 15 c0  2 masses [0.12 0.01 0.00 0.00 0.04 0.01 0.08 0.03 0.00 0.25 0.05 0.01 0.02 0.08 0.01 0.28]
         26400 acc 0.234 FIRED c* 15 c0  2 masses [0.02 0.03 0.00 0.01 0.04 0.00 0.10 0.03 0.00 0.26 0.01 0.02 0.09 0.08 0.01 0.27]
         28800 acc 0.188 FIRED c* 15 c0  1 masses [0.17 0.00 0.01 0.01 0.04 0.01 0.06 0.02 0.01 0.26 0.02 0.01 0.04 0.08 0.02 0.26]
         31200 acc 0.188 FIRED c*  9 c0  5 masses [0.18 0.02 0.00 0.01 0.04 0.00 0.03 0.01 0.02 0.27 0.01 0.02 0.04 0.08 0.03 0.25]
         33600 acc 0.203 FIRED c*  9 c0  8 masses [0.03 0.01 0.00 0.00 0.04 0.03 0.14 0.01 0.00 0.25 0.01 0.02 0.12 0.08 0.02 0.25]
         36000 acc 0.156 FIRED c* 15 c0  3 masses [0.01 0.01 0.01 0.00 0.04 0.02 0.13 0.03 0.02 0.23 0.00 0.02 0.13 0.08 0.01 0.24]
         38400 acc 0.188 no    c*  9 c0 14 masses [0.19 0.01 0.00 0.01 0.04 0.02 0.04 0.02 0.01 0.25 0.00 0.02 0.04 0.08 0.00 0.25]
         40800 acc 0.156 FIRED c*  9 c0 10 masses [0.14 0.01 0.01 0.01 0.04 0.01 0.15 0.02 0.01 0.25 0.00 0.01 0.00 0.08 0.01 0.25]
    266: 2400:0.094  4800:0.062*3->2  7200:0.047*2->5  9600:0.047*2->5  12000:0.062*5->2  14400:0.141  16800:0.125*5->2  19200:0.094*5->0  21600:0.062*5->1  24000:0.078*5->7  26400:0.047*7->1  28800:0.078  31200:0.156  33600:0.078*7->6  36000:0.062*6->12  38400:0.109  40800:0.109*12->6
          2400 acc 0.094 no    c*  0 c0  5 masses [0.07 0.06 0.06 0.06 0.06 0.06 0.06 0.06 0.06 0.06 0.06 0.06 0.06 0.06 0.06 0.06]
          4800 acc 0.062 FIRED c*  3 c0  2 masses [0.04 0.04 0.03 0.29 0.03 0.03 0.04 0.03 0.05 0.04 0.04 0.03 0.19 0.05 0.04 0.04]
          7200 acc 0.047 FIRED c*  2 c0  5 masses [0.04 0.04 0.30 0.04 0.04 0.04 0.05 0.04 0.04 0.04 0.04 0.04 0.13 0.04 0.04 0.04]
          9600 acc 0.047 FIRED c*  2 c0  5 masses [0.04 0.04 0.27 0.04 0.04 0.03 0.05 0.05 0.04 0.04 0.05 0.04 0.14 0.04 0.06 0.04]
         12000 acc 0.062 FIRED c*  5 c0  2 masses [0.02 0.05 0.02 0.04 0.05 0.30 0.04 0.03 0.06 0.06 0.05 0.05 0.12 0.06 0.04 0.03]
         14400 acc 0.141 no    c*  5 c0  2 masses [0.02 0.03 0.02 0.02 0.03 0.35 0.02 0.02 0.05 0.05 0.08 0.09 0.12 0.04 0.02 0.03]
         16800 acc 0.125 FIRED c*  5 c0  2 masses [0.02 0.02 0.01 0.03 0.04 0.35 0.03 0.02 0.04 0.07 0.06 0.09 0.09 0.05 0.03 0.04]
         19200 acc 0.094 FIRED c*  5 c0  0 masses [0.01 0.01 0.03 0.03 0.04 0.31 0.03 0.02 0.05 0.12 0.06 0.05 0.09 0.07 0.03 0.04]
         21600 acc 0.062 FIRED c*  5 c0  1 masses [0.03 0.01 0.03 0.03 0.03 0.32 0.03 0.02 0.03 0.10 0.10 0.10 0.09 0.03 0.03 0.04]
         24000 acc 0.078 FIRED c*  5 c0  7 masses [0.02 0.01 0.02 0.02 0.03 0.32 0.02 0.01 0.03 0.10 0.10 0.10 0.12 0.02 0.03 0.03]
         26400 acc 0.047 FIRED c*  7 c0  1 masses [0.02 0.02 0.02 0.02 0.02 0.03 0.02 0.33 0.02 0.08 0.06 0.19 0.10 0.03 0.02 0.03]
         28800 acc 0.078 no    c*  7 c0  1 masses [0.02 0.02 0.02 0.02 0.03 0.02 0.02 0.30 0.02 0.09 0.10 0.15 0.09 0.03 0.02 0.04]
         31200 acc 0.156 no    c*  7 c0 14 masses [0.03 0.03 0.03 0.02 0.02 0.03 0.02 0.32 0.03 0.09 0.06 0.07 0.08 0.14 0.01 0.02]
         33600 acc 0.078 FIRED c*  7 c0  6 masses [0.02 0.02 0.02 0.02 0.02 0.02 0.01 0.34 0.03 0.09 0.07 0.07 0.10 0.13 0.01 0.02]
         36000 acc 0.062 FIRED c*  6 c0 12 masses [0.02 0.02 0.02 0.03 0.02 0.02 0.40 0.02 0.03 0.02 0.10 0.07 0.00 0.17 0.02 0.02]
         38400 acc 0.109 no    c* 12 c0 15 masses [0.02 0.02 0.02 0.02 0.02 0.02 0.02 0.02 0.02 0.05 0.04 0.18 0.37 0.13 0.03 0.02]
         40800 acc 0.109 FIRED c* 12 c0  6 masses [0.02 0.02 0.02 0.02 0.02 0.02 0.02 0.02 0.02 0.03 0.04 0.18 0.39 0.14 0.04 0.02]
    267: 2400:0.078  4800:0.031*12->15  7200:0.109  9600:0.047*4->11  12000:0.047*15->8  14400:0.094  16800:0.078*4->10  19200:0.094*10->6  21600:0.109*15->7  24000:0.125*7->9  26400:0.094*6->13  28800:0.141  31200:0.109*6->3  33600:0.047*3->14  36000:0.094  38400:0.141  40800:0.062*3->6
          2400 acc 0.078 no    c*  1 c0  8 masses [0.05 0.12 0.04 0.06 0.05 0.05 0.05 0.09 0.04 0.06 0.05 0.05 0.09 0.07 0.09 0.05]
          4800 acc 0.031 FIRED c* 12 c0 15 masses [0.04 0.11 0.04 0.12 0.04 0.05 0.04 0.04 0.04 0.06 0.04 0.04 0.17 0.08 0.07 0.03]
          7200 acc 0.109 no    c* 12 c0 10 masses [0.04 0.07 0.05 0.06 0.07 0.04 0.03 0.04 0.04 0.03 0.02 0.02 0.23 0.07 0.04 0.17]
          9600 acc 0.047 FIRED c*  4 c0 11 masses [0.00 0.01 0.00 0.00 0.45 0.00 0.00 0.00 0.00 0.00 0.00 0.00 0.09 0.00 0.00 0.44]
         12000 acc 0.047 FIRED c* 15 c0  8 masses [0.03 0.03 0.01 0.00 0.25 0.00 0.00 0.00 0.00 0.00 0.00 0.15 0.16 0.00 0.01 0.34]
         14400 acc 0.094 no    c*  4 c0 10 masses [0.06 0.07 0.06 0.01 0.26 0.00 0.00 0.00 0.07 0.00 0.00 0.07 0.09 0.00 0.07 0.24]
         16800 acc 0.078 FIRED c*  4 c0 10 masses [0.06 0.04 0.07 0.01 0.32 0.01 0.00 0.00 0.02 0.00 0.00 0.08 0.08 0.00 0.07 0.22]
         19200 acc 0.094 FIRED c* 10 c0  6 masses [0.04 0.08 0.05 0.00 0.04 0.03 0.00 0.00 0.07 0.00 0.25 0.05 0.08 0.01 0.08 0.24]
         21600 acc 0.109 FIRED c* 15 c0  7 masses [0.04 0.03 0.03 0.01 0.03 0.05 0.23 0.00 0.03 0.00 0.04 0.03 0.03 0.00 0.03 0.43]
         24000 acc 0.125 FIRED c*  7 c0  9 masses [0.05 0.03 0.02 0.01 0.04 0.03 0.22 0.30 0.02 0.00 0.04 0.06 0.03 0.00 0.02 0.13]
         26400 acc 0.094 FIRED c*  6 c0 13 masses [0.09 0.01 0.06 0.00 0.07 0.09 0.41 0.07 0.01 0.01 0.06 0.07 0.01 0.00 0.01 0.01]
         28800 acc 0.141 no    c*  6 c0  3 masses [0.09 0.01 0.08 0.00 0.08 0.08 0.31 0.10 0.01 0.01 0.07 0.10 0.01 0.04 0.01 0.01]
         31200 acc 0.109 FIRED c*  6 c0  3 masses [0.08 0.04 0.05 0.00 0.07 0.05 0.42 0.02 0.01 0.02 0.05 0.07 0.03 0.05 0.01 0.02]
         33600 acc 0.047 FIRED c*  3 c0 14 masses [0.08 0.02 0.06 0.35 0.07 0.07 0.02 0.06 0.02 0.01 0.06 0.07 0.02 0.06 0.01 0.02]
         36000 acc 0.094 no    c* 14 c0  6 masses [0.04 0.00 0.05 0.12 0.04 0.04 0.00 0.14 0.00 0.00 0.05 0.05 0.00 0.05 0.42 0.00]
         38400 acc 0.141 no    c* 14 c0  6 masses [0.09 0.02 0.10 0.08 0.05 0.11 0.00 0.05 0.02 0.02 0.10 0.07 0.02 0.10 0.15 0.02]
         40800 acc 0.062 FIRED c*  3 c0  6 masses [0.03 0.00 0.04 0.53 0.04 0.04 0.00 0.13 0.00 0.00 0.04 0.04 0.00 0.04 0.04 0.00]
    268: 2400:0.094  4800:0.172  7200:0.141*3->10  9600:0.156*3->1  12000:0.344  14400:0.359*8->4  16800:0.359*8->4  19200:0.281*8->7  21600:0.375  24000:0.328*8->4  26400:0.391  28800:0.375*4->7  31200:0.391*7->8  33600:0.328*8->4  36000:0.359  38400:0.516  40800:0.391*8->4
          2400 acc 0.094 no    c*  3 c0 13 masses [0.04 0.03 0.02 0.38 0.02 0.02 0.09 0.03 0.04 0.03 0.02 0.03 0.14 0.02 0.03 0.03]
          4800 acc 0.172 no    c*  3 c0 13 masses [0.02 0.02 0.01 0.27 0.02 0.02 0.05 0.04 0.24 0.02 0.01 0.04 0.16 0.01 0.02 0.04]
          7200 acc 0.141 FIRED c*  3 c0 10 masses [0.01 0.02 0.01 0.32 0.03 0.02 0.03 0.02 0.29 0.02 0.01 0.02 0.16 0.02 0.01 0.02]
          9600 acc 0.156 FIRED c*  3 c0  1 masses [0.01 0.01 0.01 0.25 0.07 0.01 0.03 0.02 0.22 0.02 0.08 0.03 0.18 0.02 0.02 0.02]
         12000 acc 0.344 no    c*  8 c0  7 masses [0.02 0.04 0.02 0.22 0.00 0.02 0.02 0.00 0.33 0.02 0.07 0.03 0.15 0.02 0.02 0.01]
         14400 acc 0.359 FIRED c*  8 c0  4 masses [0.03 0.02 0.02 0.27 0.00 0.03 0.01 0.01 0.33 0.01 0.06 0.01 0.14 0.02 0.01 0.02]
         16800 acc 0.359 FIRED c*  8 c0  4 masses [0.02 0.03 0.01 0.25 0.01 0.02 0.01 0.01 0.33 0.02 0.06 0.01 0.14 0.03 0.02 0.02]
         19200 acc 0.281 FIRED c*  8 c0  7 masses [0.03 0.04 0.01 0.23 0.01 0.02 0.02 0.01 0.32 0.02 0.06 0.02 0.14 0.03 0.02 0.02]
         21600 acc 0.375 no    c*  8 c0  4 masses [0.02 0.05 0.01 0.25 0.00 0.02 0.02 0.01 0.32 0.01 0.06 0.01 0.17 0.02 0.02 0.01]
         24000 acc 0.328 FIRED c*  8 c0  4 masses [0.03 0.03 0.01 0.24 0.00 0.02 0.01 0.00 0.33 0.01 0.06 0.04 0.16 0.03 0.01 0.02]
         26400 acc 0.391 no    c*  4 c0  7 masses [0.02 0.04 0.02 0.24 0.33 0.04 0.02 0.00 0.00 0.01 0.05 0.02 0.15 0.04 0.01 0.01]
         28800 acc 0.375 FIRED c*  4 c0  7 masses [0.02 0.03 0.01 0.25 0.33 0.02 0.01 0.00 0.00 0.01 0.06 0.03 0.18 0.04 0.01 0.01]
         31200 acc 0.391 FIRED c*  7 c0  8 masses [0.02 0.03 0.01 0.24 0.01 0.02 0.01 0.32 0.00 0.02 0.05 0.03 0.15 0.04 0.02 0.02]
         33600 acc 0.328 FIRED c*  8 c0  4 masses [0.01 0.02 0.02 0.27 0.00 0.01 0.02 0.00 0.33 0.02 0.05 0.03 0.16 0.03 0.01 0.02]
         36000 acc 0.359 no    c*  8 c0  7 masses [0.03 0.04 0.01 0.24 0.02 0.01 0.02 0.00 0.32 0.01 0.05 0.03 0.17 0.03 0.01 0.02]
         38400 acc 0.516 no    c*  8 c0  7 masses [0.03 0.02 0.03 0.24 0.00 0.03 0.02 0.00 0.33 0.02 0.05 0.03 0.15 0.02 0.01 0.02]
         40800 acc 0.391 FIRED c*  8 c0  4 masses [0.01 0.02 0.01 0.25 0.00 0.01 0.01 0.01 0.33 0.01 0.05 0.04 0.20 0.02 0.00 0.03]
    269: 2400:0.141  4800:0.047*12->1  7200:0.125  9600:0.031*12->13  12000:0.078  14400:0.094*13->15  16800:0.094*13->8  19200:0.125  21600:0.156  24000:0.109*0->4  26400:0.141  28800:0.078*8->11  31200:0.062*8->3  33600:0.125  36000:0.078*4->6  38400:0.156  40800:0.047*3->2
          2400 acc 0.141 no    c* 10 c0  4 masses [0.06 0.06 0.06 0.06 0.06 0.06 0.06 0.06 0.06 0.06 0.07 0.06 0.06 0.06 0.06 0.06]
          4800 acc 0.047 FIRED c* 12 c0  1 masses [0.12 0.04 0.04 0.05 0.05 0.05 0.04 0.05 0.05 0.05 0.05 0.05 0.23 0.05 0.05 0.04]
          7200 acc 0.125 no    c* 12 c0 13 masses [0.16 0.04 0.04 0.05 0.05 0.04 0.04 0.05 0.05 0.05 0.05 0.05 0.23 0.04 0.04 0.04]
          9600 acc 0.031 FIRED c* 12 c0 13 masses [0.19 0.04 0.03 0.03 0.05 0.03 0.03 0.06 0.05 0.05 0.06 0.05 0.26 0.03 0.03 0.03]
         12000 acc 0.078 no    c* 13 c0 14 masses [0.17 0.05 0.03 0.03 0.06 0.03 0.03 0.06 0.05 0.07 0.03 0.05 0.03 0.26 0.02 0.02]
         14400 acc 0.094 FIRED c* 13 c0 15 masses [0.09 0.05 0.03 0.04 0.04 0.06 0.03 0.05 0.03 0.07 0.05 0.03 0.08 0.29 0.05 0.02]
         16800 acc 0.094 FIRED c* 13 c0  8 masses [0.09 0.03 0.08 0.03 0.04 0.09 0.03 0.03 0.03 0.08 0.06 0.04 0.11 0.13 0.03 0.10]
         19200 acc 0.125 no    c*  8 c0  4 masses [0.10 0.06 0.08 0.04 0.03 0.08 0.04 0.04 0.12 0.08 0.08 0.04 0.07 0.07 0.03 0.06]
         21600 acc 0.156 no    c*  0 c0 14 masses [0.14 0.05 0.09 0.02 0.02 0.08 0.02 0.03 0.12 0.08 0.07 0.02 0.08 0.09 0.02 0.08]
         24000 acc 0.109 FIRED c*  0 c0  4 masses [0.12 0.05 0.10 0.02 0.02 0.08 0.03 0.02 0.11 0.09 0.10 0.02 0.09 0.07 0.02 0.06]
         26400 acc 0.141 no    c*  8 c0  3 masses [0.08 0.09 0.07 0.01 0.10 0.08 0.02 0.01 0.13 0.07 0.05 0.01 0.10 0.09 0.01 0.08]
         28800 acc 0.078 FIRED c*  8 c0 11 masses [0.08 0.07 0.03 0.01 0.07 0.08 0.01 0.01 0.17 0.09 0.07 0.01 0.09 0.10 0.01 0.09]
         31200 acc 0.062 FIRED c*  8 c0  3 masses [0.09 0.05 0.02 0.01 0.12 0.05 0.01 0.01 0.13 0.06 0.07 0.10 0.08 0.11 0.01 0.09]
         33600 acc 0.125 no    c* 10 c0  6 masses [0.05 0.08 0.01 0.11 0.10 0.03 0.01 0.01 0.07 0.12 0.13 0.07 0.08 0.06 0.01 0.07]
         36000 acc 0.078 FIRED c*  4 c0  6 masses [0.05 0.08 0.01 0.10 0.13 0.02 0.01 0.01 0.08 0.09 0.12 0.05 0.09 0.08 0.01 0.07]
         38400 acc 0.156 no    c*  4 c0  7 masses [0.02 0.09 0.01 0.09 0.12 0.02 0.08 0.01 0.10 0.07 0.10 0.05 0.09 0.07 0.01 0.08]
         40800 acc 0.047 FIRED c*  3 c0  2 masses [0.01 0.08 0.01 0.13 0.11 0.01 0.08 0.01 0.08 0.12 0.07 0.05 0.09 0.10 0.01 0.04]
  SPLIT_D8_M splits per run: {260: 8, 261: 8, 262: 9, 263: 8, 264: 12, 265: 11, 266: 12, 267: 11, 268: 10, 269: 9} (total 98; runs with a split 10/10)
  SPLIT_D8_M distinct channels holding the 8 streams (labelled: routing_k's ch_map on the run's probe) before -> right after -> at the next check, per split:
    260: 7200 11->12: 1 (8) -> 1 (8) -> 1 (8); 9600 6->11: 1 (8) -> 1 (8) -> 3 (4+3+1); 14400 7->5: 2 (7+1) -> 2 (7+1) -> 2 (7+1); 21600 6->14: 1 (8) -> 1 (8) -> 2 (4+4); 28800 12->1: 2 (7+1) -> 2 (4+4) -> 3 (4+3+1); 31200 12->0: 3 (4+3+1) -> 4 (3+2+2+1) -> 2 (5+3); 36000 2->8: 3 (5+2+1) -> 1 (8) -> 4 (3+3+1+1); 38400 2->10: 4 (3+3+1+1) -> 3 (4+3+1) -> 2 (5+3)
    261: 4800 15->7: 1 (8) -> 1 (8) -> 2 (4+4); 7200 13->8: 2 (4+4) -> 2 (5+3) -> 2 (5+3); 12000 14->4: 1 (8) -> 1 (8) -> 3 (5+2+1); 14400 7->6: 3 (5+2+1) -> 4 (4+2+1+1) -> 3 (5+2+1); 26400 4->0: 4 (4+2+1+1) -> 4 (4+2+1+1) -> 4 (4+2+1+1); 31200 14->10: 4 (4+2+1+1) -> 4 (4+2+1+1) -> 4 (4+2+1+1); 33600 0->3: 4 (4+2+1+1) -> 4 (4+2+1+1) -> 4 (4+2+1+1); 38400 0->11: 4 (4+2+1+1) -> 4 (4+2+1+1) -> 4 (4+2+1+1)
    262: 4800 15->1: 1 (8) -> 1 (8) -> 3 (4+3+1); 7200 7->4: 3 (4+3+1) -> 4 (3+3+1+1) -> 3 (4+3+1); 14400 5->6: 3 (3+3+2) -> 3 (3+3+2) -> 3 (3+3+2); 19200 6->3: 3 (3+3+2) -> 3 (3+3+2) -> 3 (3+3+2); 21600 2->5: 3 (3+3+2) -> 3 (3+3+2) -> 3 (3+3+2); 28800 3->14: 3 (3+3+2) -> 3 (3+3+2) -> 3 (3+3+2); 33600 5->0: 3 (3+3+2) -> 3 (3+3+2) -> 3 (3+3+2); 36000 0->11: 3 (3+3+2) -> 3 (3+3+2) -> 3 (3+3+2); 38400 14->8: 3 (3+3+2) -> 3 (3+3+2) -> 3 (3+3+2)
    263: 4800 4->7: 3 (4+2+2) -> 3 (4+2+2) -> 3 (4+2+2); 14400 2->11: 3 (4+2+2) -> 3 (4+2+2) -> 3 (4+2+2); 19200 2->11: 3 (4+2+2) -> 3 (4+2+2) -> 3 (4+2+2); 26400 11->8: 3 (4+2+2) -> 3 (4+2+2) -> 3 (4+2+2); 28800 8->2: 3 (4+2+2) -> 3 (4+2+2) -> 3 (4+2+2); 31200 2->11: 3 (4+2+2) -> 3 (4+2+2) -> 3 (4+2+2); 36000 2->8: 3 (4+2+2) -> 3 (4+2+2) -> 3 (4+2+2); 40800 8->11: 3 (4+2+2) -> 3 (4+2+2) -> 3 (4+2+2)
    264: 4800 5->6: 1 (8) -> 1 (8) -> 3 (5+2+1); 12000 2->14: 4 (3+3+1+1) -> 2 (7+1) -> 1 (8); 14400 13->14: 1 (8) -> 2 (4+4) -> 1 (8); 16800 7->0: 1 (8) -> 1 (8) -> 3 (5+2+1); 19200 6->2: 3 (5+2+1) -> 2 (7+1) -> 4 (3+2+2+1); 21600 10->2: 4 (3+2+2+1) -> 4 (3+2+2+1) -> 2 (7+1); 24000 6->8: 2 (7+1) -> 1 (8) -> 4 (5+1+1+1); 26400 9->1: 4 (5+1+1+1) -> 5 (4+1+1+1+1) -> 3 (5+2+1); 28800 14->6: 3 (5+2+1) -> 2 (6+2) -> 2 (7+1); 31200 8->3: 2 (7+1) -> 2 (6+2) -> 4 (5+1+1+1); 36000 15->2: 1 (8) -> 1 (8) -> 1 (8); 38400 12->13: 1 (8) -> 1 (8) -> 1 (8)
    265: 7200 1->9: 2 (7+1) -> 2 (7+1) -> 2 (7+1); 12000 1->3: 2 (7+1) -> 2 (7+1) -> 2 (7+1); 16800 3->15: 2 (7+1) -> 2 (7+1) -> 2 (7+1); 19200 7->9: 2 (7+1) -> 2 (7+1) -> 2 (7+1); 21600 9->10: 2 (7+1) -> 2 (7+1) -> 2 (7+1); 26400 15->2: 2 (7+1) -> 2 (7+1) -> 2 (7+1); 28800 15->1: 2 (7+1) -> 2 (7+1) -> 2 (7+1); 31200 9->5: 2 (7+1) -> 2 (7+1) -> 2 (7+1); 33600 9->8: 2 (7+1) -> 2 (7+1) -> 2 (7+1); 36000 15->3: 2 (7+1) -> 2 (7+1) -> 2 (7+1); 40800 9->10: 2 (7+1) -> 2 (7+1) -> 3 (5+2+1)
    266: 4800 3->2: 1 (8) -> 1 (8) -> 1 (8); 7200 2->5: 1 (8) -> 1 (8) -> 1 (8); 9600 2->5: 1 (8) -> 1 (8) -> 1 (8); 12000 5->2: 1 (8) -> 1 (8) -> 1 (8); 16800 5->2: 1 (8) -> 1 (8) -> 1 (8); 19200 5->0: 1 (8) -> 2 (5+3) -> 1 (8); 21600 5->1: 1 (8) -> 1 (8) -> 1 (8); 24000 5->7: 1 (8) -> 1 (8) -> 1 (8); 26400 7->1: 1 (8) -> 1 (8) -> 1 (8); 33600 7->6: 1 (8) -> 1 (8) -> 1 (8); 36000 6->12: 1 (8) -> 1 (8) -> 1 (8); 40800 12->6: 1 (8) -> 1 (8) -> 1 (8)
    267: 4800 12->15: 1 (8) -> 1 (8) -> 1 (8); 9600 4->11: 1 (8) -> 1 (8) -> 1 (8); 12000 15->8: 1 (8) -> 1 (8) -> 1 (8); 16800 4->10: 1 (8) -> 1 (8) -> 1 (8); 19200 10->6: 1 (8) -> 1 (8) -> 1 (8); 21600 15->7: 1 (8) -> 1 (8) -> 1 (8); 24000 7->9: 1 (8) -> 1 (8) -> 1 (8); 26400 6->13: 1 (8) -> 1 (8) -> 1 (8); 31200 6->3: 1 (8) -> 1 (8) -> 1 (8); 33600 3->14: 1 (8) -> 1 (8) -> 1 (8); 40800 3->6: 1 (8) -> 1 (8) -> 1 (8)
    268: 7200 3->10: 2 (5+3) -> 2 (5+3) -> 3 (4+3+1); 9600 3->1: 3 (4+3+1) -> 3 (4+3+1) -> 3 (4+3+1); 14400 8->4: 3 (4+3+1) -> 3 (4+3+1) -> 3 (4+3+1); 16800 8->4: 3 (4+3+1) -> 3 (4+3+1) -> 3 (4+3+1); 19200 8->7: 3 (4+3+1) -> 3 (4+3+1) -> 3 (4+3+1); 24000 8->4: 3 (4+3+1) -> 3 (4+3+1) -> 3 (4+3+1); 28800 4->7: 3 (4+3+1) -> 3 (4+3+1) -> 3 (4+3+1); 31200 7->8: 3 (4+3+1) -> 3 (4+3+1) -> 3 (4+3+1); 33600 8->4: 3 (4+3+1) -> 3 (4+3+1) -> 3 (4+3+1); 40800 8->4: 3 (4+3+1) -> 3 (4+3+1) -> 3 (4+3+1)
    269: 4800 12->1: 1 (8) -> 1 (8) -> 1 (8); 9600 12->13: 1 (8) -> 1 (8) -> 1 (8); 14400 13->15: 1 (8) -> 1 (8) -> 1 (8); 16800 13->8: 1 (8) -> 1 (8) -> 1 (8); 24000 0->4: 3 (5+2+1) -> 2 (7+1) -> 1 (8); 28800 8->11: 1 (8) -> 1 (8) -> 1 (8); 31200 8->3: 1 (8) -> 3 (4+3+1) -> 2 (7+1); 36000 4->6: 3 (4+3+1) -> 2 (4+4) -> 1 (8); 40800 3->2: 2 (7+1) -> 3 (4+3+1) -> 1 (8)
  SPLIT_D8_M HARM (held-out accuracy 2400 updates after a split > 0.05 below the value at it): 0/10 runs {}
  READING S36 SPLIT_D8_M: it does not (BOUND by 43200 0/10, at 28800 0/10; >= 3 needed)
  ARM SPLIT_D8_A (main's HINGE_D8 + the trigger (S=8, P=4, k=16, conv; Adam)); seeds 260-269 (10); paired with X HINGE_D8
    seed | SPLIT_D8_A                 trans   acc B28800 splits ch end     per ch | X HINGE_D8                 trans ch end
     260 | non-stream OTHER            None 0.259      -     11      2        5+3 | non-stream OTHER            None      2
     261 | non-stream OTHER            None 0.113      -     12      1          8 | non-stream OTHER            None      1
     262 | MERGED (5 share)            None 0.250      -      8      2        5+3 | MERGED (4 share)            None      3
     263 | MERGED (3 share)            None 0.385      -     10      3      3+3+2 | non-stream OTHER            None      2
     264 | non-stream OTHER            None 0.092      -     12      2        5+3 | non-stream OTHER            None      3
     265 | MERGED (5 share)            None 0.490      -      7      2        5+3 | MERGED (4 share)            None      4
     266 | non-stream OTHER            None 0.246      -      8      2        6+2 | non-stream OTHER            None      1
     267 | non-stream OTHER            None 0.105      -     12      1          8 | MERGED (6 share)            None      2
     268 | MERGED (5 share)            None 0.274      -      9      3      5+2+1 | non-stream OTHER            None      1
     269 | non-stream OTHER            None 0.105      -      8      1          8 | MERGED (3 share)            None      3
  SPLIT_D8_A vs X HINGE_D8 (paired):
    BOUND@28800  SPLIT_D8_A 0/10  X HINGE_D8 0/10  SPLIT_D8_A only 0, X HINGE_D8 only 0, McNemar two-sided p = 1 (printed)
    BOUND@43200  SPLIT_D8_A 0/10  X HINGE_D8 0/10  SPLIT_D8_A only 0, X HINGE_D8 only 0, McNemar two-sided p = 1 (printed)
  SPLIT_D8_A checks per run (step: probe acc, '*' = split c*->c0; masses at each check):
    260: 2400:0.031  4800:0.062  7200:0.062*8->11  9600:0.203  12000:0.203*8->4  14400:0.203*4->9  16800:0.203*9->6  19200:0.141*9->15  21600:0.141*15->6  24000:0.266  26400:0.172*6->11  28800:0.219  31200:0.203*11->4  33600:0.281  36000:0.250*11->9  38400:0.234*9->15  40800:0.203*9->13
          2400 acc 0.031 no    c*  8 c0 13 masses [0.04 0.02 0.03 0.12 0.07 0.03 0.02 0.06 0.29 0.05 0.10 0.03 0.06 0.02 0.02 0.06]
          4800 acc 0.062 no    c*  8 c0 11 masses [0.05 0.05 0.05 0.02 0.01 0.07 0.05 0.01 0.51 0.01 0.04 0.01 0.01 0.06 0.05 0.01]
          7200 acc 0.062 FIRED c*  8 c0 11 masses [0.04 0.03 0.04 0.04 0.03 0.04 0.03 0.04 0.32 0.04 0.13 0.03 0.05 0.04 0.03 0.04]
          9600 acc 0.203 no    c* 11 c0  0 masses [0.01 0.02 0.03 0.05 0.02 0.02 0.02 0.03 0.23 0.03 0.03 0.24 0.19 0.03 0.03 0.03]
         12000 acc 0.203 FIRED c*  8 c0  4 masses [0.01 0.02 0.03 0.08 0.01 0.02 0.02 0.04 0.22 0.02 0.02 0.22 0.16 0.04 0.03 0.05]
         14400 acc 0.203 FIRED c*  4 c0  9 masses [0.02 0.02 0.02 0.10 0.18 0.02 0.02 0.03 0.17 0.01 0.02 0.13 0.18 0.02 0.02 0.04]
         16800 acc 0.203 FIRED c*  9 c0  6 masses [0.03 0.03 0.03 0.09 0.09 0.03 0.03 0.04 0.10 0.19 0.03 0.04 0.17 0.03 0.03 0.04]
         19200 acc 0.141 FIRED c*  9 c0 15 masses [0.04 0.03 0.04 0.09 0.04 0.04 0.05 0.03 0.04 0.25 0.04 0.03 0.18 0.04 0.04 0.03]
         21600 acc 0.141 FIRED c* 15 c0  6 masses [0.04 0.05 0.04 0.13 0.02 0.03 0.02 0.03 0.03 0.05 0.03 0.02 0.19 0.03 0.04 0.25]
         24000 acc 0.266 no    c*  6 c0 11 masses [0.06 0.05 0.04 0.13 0.02 0.04 0.26 0.03 0.02 0.02 0.03 0.02 0.19 0.03 0.06 0.02]
         26400 acc 0.172 FIRED c*  6 c0 11 masses [0.07 0.05 0.03 0.13 0.02 0.03 0.28 0.03 0.02 0.02 0.03 0.01 0.20 0.02 0.05 0.02]
         28800 acc 0.219 no    c* 11 c0  9 masses [0.09 0.05 0.03 0.13 0.02 0.03 0.02 0.03 0.02 0.02 0.03 0.26 0.18 0.03 0.06 0.02]
         31200 acc 0.203 FIRED c* 11 c0  4 masses [0.13 0.03 0.03 0.13 0.02 0.03 0.02 0.03 0.02 0.02 0.03 0.25 0.19 0.02 0.04 0.02]
         33600 acc 0.281 no    c* 11 c0  8 masses [0.19 0.02 0.02 0.13 0.02 0.02 0.02 0.03 0.02 0.02 0.03 0.24 0.18 0.02 0.02 0.02]
         36000 acc 0.250 FIRED c* 11 c0  9 masses [0.20 0.02 0.02 0.13 0.02 0.02 0.02 0.03 0.02 0.02 0.03 0.26 0.18 0.02 0.02 0.02]
         38400 acc 0.234 FIRED c*  9 c0 15 masses [0.21 0.02 0.02 0.13 0.02 0.02 0.01 0.05 0.01 0.25 0.03 0.02 0.17 0.02 0.02 0.01]
         40800 acc 0.203 FIRED c*  9 c0 13 masses [0.20 0.02 0.02 0.13 0.02 0.02 0.02 0.04 0.02 0.24 0.03 0.02 0.17 0.01 0.02 0.03]
    261: 2400:0.109  4800:0.031*15->8  7200:0.031*6->7  9600:0.078  12000:0.062*7->3  14400:0.062*5->13  16800:0.078*13->12  19200:0.016*13->0  21600:0.062  24000:0.078*13->4  26400:0.047*13->2  28800:0.094  31200:0.078*4->8  33600:0.062*8->9  36000:0.031*8->5  38400:0.125  40800:0.078*5->15
          2400 acc 0.109 no    c*  9 c0 10 masses [0.06 0.06 0.06 0.06 0.06 0.06 0.06 0.06 0.06 0.06 0.06 0.06 0.06 0.06 0.06 0.06]
          4800 acc 0.031 FIRED c* 15 c0  8 masses [0.06 0.06 0.06 0.06 0.06 0.06 0.07 0.06 0.06 0.06 0.06 0.06 0.06 0.06 0.06 0.07]
          7200 acc 0.031 FIRED c*  6 c0  7 masses [0.03 0.02 0.02 0.01 0.04 0.02 0.44 0.01 0.11 0.02 0.01 0.01 0.01 0.01 0.01 0.23]
          9600 acc 0.078 no    c*  7 c0 10 masses [0.02 0.03 0.02 0.01 0.03 0.02 0.18 0.25 0.14 0.02 0.01 0.02 0.02 0.01 0.01 0.20]
         12000 acc 0.062 FIRED c*  7 c0  3 masses [0.01 0.15 0.08 0.00 0.07 0.10 0.14 0.20 0.08 0.06 0.00 0.00 0.00 0.00 0.00 0.10]
         14400 acc 0.062 FIRED c*  5 c0 13 masses [0.00 0.33 0.01 0.13 0.01 0.34 0.02 0.09 0.02 0.01 0.00 0.00 0.00 0.00 0.00 0.03]
         16800 acc 0.078 FIRED c* 13 c0 12 masses [0.00 0.04 0.00 0.07 0.00 0.03 0.04 0.14 0.00 0.00 0.00 0.00 0.00 0.67 0.00 0.00]
         19200 acc 0.016 FIRED c* 13 c0  0 masses [0.00 0.01 0.00 0.18 0.00 0.01 0.01 0.06 0.00 0.00 0.00 0.00 0.35 0.38 0.00 0.00]
         21600 acc 0.062 no    c* 13 c0  4 masses [0.12 0.00 0.00 0.18 0.00 0.00 0.01 0.06 0.00 0.00 0.00 0.00 0.28 0.34 0.00 0.00]
         24000 acc 0.078 FIRED c* 13 c0  4 masses [0.12 0.00 0.00 0.01 0.00 0.00 0.00 0.24 0.00 0.00 0.00 0.00 0.19 0.43 0.00 0.00]
         26400 acc 0.047 FIRED c* 13 c0  2 masses [0.07 0.00 0.00 0.06 0.14 0.00 0.03 0.16 0.00 0.00 0.00 0.00 0.17 0.36 0.00 0.00]
         28800 acc 0.094 no    c*  4 c0  8 masses [0.01 0.00 0.04 0.18 0.59 0.00 0.01 0.07 0.00 0.00 0.00 0.00 0.02 0.09 0.00 0.00]
         31200 acc 0.078 FIRED c*  4 c0  8 masses [0.00 0.00 0.01 0.01 0.83 0.00 0.00 0.13 0.00 0.00 0.00 0.00 0.01 0.01 0.00 0.00]
         33600 acc 0.062 FIRED c*  8 c0  9 masses [0.00 0.00 0.00 0.02 0.34 0.00 0.00 0.22 0.40 0.00 0.00 0.00 0.00 0.01 0.00 0.00]
         36000 acc 0.031 FIRED c*  8 c0  5 masses [0.00 0.00 0.00 0.00 0.17 0.00 0.01 0.24 0.30 0.28 0.00 0.00 0.00 0.00 0.00 0.00]
         38400 acc 0.125 no    c*  8 c0 15 masses [0.00 0.00 0.00 0.01 0.08 0.28 0.01 0.22 0.31 0.08 0.00 0.00 0.00 0.00 0.00 0.00]
         40800 acc 0.078 FIRED c*  5 c0 15 masses [0.00 0.00 0.00 0.01 0.11 0.30 0.01 0.24 0.25 0.10 0.00 0.00 0.00 0.00 0.00 0.00]
    262: 2400:0.047  4800:0.031*14->12  7200:0.062  9600:0.094  12000:0.062*2->8  14400:0.062*10->6  16800:0.109  19200:0.109*12->15  21600:0.141  24000:0.078*14->5  26400:0.062*12->5  28800:0.109  31200:0.203  33600:0.234  36000:0.266  38400:0.281*10->5  40800:0.234*2->6
          2400 acc 0.047 no    c* 10 c0 12 masses [0.03 0.05 0.04 0.03 0.05 0.03 0.11 0.16 0.03 0.09 0.19 0.03 0.01 0.03 0.07 0.05]
          4800 acc 0.031 FIRED c* 14 c0 12 masses [0.06 0.07 0.10 0.03 0.06 0.10 0.09 0.05 0.04 0.09 0.06 0.04 0.01 0.03 0.11 0.06]
          7200 acc 0.062 no    c*  5 c0  8 masses [0.06 0.08 0.12 0.05 0.06 0.13 0.04 0.04 0.02 0.03 0.05 0.07 0.08 0.05 0.08 0.04]
          9600 acc 0.094 no    c* 14 c0  8 masses [0.05 0.08 0.13 0.06 0.05 0.09 0.02 0.04 0.02 0.04 0.05 0.05 0.07 0.04 0.13 0.07]
         12000 acc 0.062 FIRED c*  2 c0  8 masses [0.05 0.05 0.17 0.05 0.05 0.06 0.04 0.06 0.01 0.06 0.05 0.05 0.05 0.05 0.17 0.04]
         14400 acc 0.062 FIRED c* 10 c0  6 masses [0.04 0.04 0.14 0.01 0.15 0.05 0.01 0.01 0.12 0.01 0.16 0.04 0.05 0.03 0.13 0.01]
         16800 acc 0.109 no    c*  4 c0 15 masses [0.03 0.03 0.11 0.00 0.20 0.11 0.08 0.00 0.10 0.01 0.06 0.04 0.04 0.03 0.13 0.00]
         19200 acc 0.109 FIRED c* 12 c0 15 masses [0.07 0.05 0.06 0.02 0.01 0.04 0.07 0.02 0.06 0.02 0.04 0.16 0.23 0.08 0.06 0.01]
         21600 acc 0.141 no    c* 14 c0  7 masses [0.08 0.05 0.09 0.01 0.09 0.01 0.10 0.01 0.09 0.02 0.05 0.11 0.06 0.08 0.12 0.06]
         24000 acc 0.078 FIRED c* 14 c0  5 masses [0.08 0.09 0.04 0.01 0.05 0.00 0.08 0.01 0.04 0.03 0.08 0.15 0.05 0.07 0.16 0.06]
         26400 acc 0.062 FIRED c* 12 c0  5 masses [0.05 0.05 0.08 0.04 0.07 0.04 0.07 0.05 0.08 0.07 0.07 0.07 0.09 0.05 0.04 0.09]
         28800 acc 0.109 no    c*  1 c0 11 masses [0.06 0.22 0.04 0.06 0.05 0.02 0.03 0.08 0.04 0.04 0.19 0.02 0.02 0.07 0.03 0.02]
         31200 acc 0.203 no    c* 10 c0  5 masses [0.02 0.18 0.10 0.18 0.03 0.00 0.00 0.01 0.11 0.00 0.32 0.00 0.00 0.01 0.01 0.00]
         33600 acc 0.234 no    c* 10 c0  6 masses [0.01 0.18 0.19 0.22 0.01 0.00 0.00 0.01 0.07 0.00 0.31 0.00 0.00 0.00 0.00 0.00]
         36000 acc 0.266 no    c* 10 c0  6 masses [0.00 0.18 0.22 0.22 0.01 0.00 0.00 0.00 0.04 0.00 0.31 0.00 0.00 0.00 0.00 0.00]
         38400 acc 0.281 FIRED c* 10 c0  5 masses [0.00 0.19 0.22 0.22 0.01 0.00 0.00 0.00 0.04 0.00 0.31 0.00 0.00 0.00 0.00 0.00]
         40800 acc 0.234 FIRED c*  2 c0  6 masses [0.00 0.19 0.24 0.22 0.00 0.10 0.00 0.00 0.03 0.00 0.22 0.00 0.00 0.00 0.00 0.00]
    263: 2400:0.062  4800:0.062*9->0  7200:0.078*11->6  9600:0.078*7->3  12000:0.047*15->9  14400:0.141  16800:0.109*9->0  19200:0.266  21600:0.281*0->6  24000:0.328  26400:0.328*0->11  28800:0.375  31200:0.422  33600:0.391*13->12  36000:0.328*3->14  38400:0.438  40800:0.359*14->9
          2400 acc 0.062 no    c* 11 c0 10 masses [0.05 0.06 0.06 0.05 0.06 0.06 0.07 0.06 0.06 0.06 0.05 0.09 0.06 0.07 0.06 0.07]
          4800 acc 0.062 FIRED c*  9 c0  0 masses [0.02 0.07 0.06 0.07 0.03 0.13 0.03 0.02 0.09 0.16 0.03 0.07 0.06 0.08 0.03 0.06]
          7200 acc 0.078 FIRED c* 11 c0  6 masses [0.06 0.06 0.07 0.06 0.06 0.06 0.06 0.06 0.06 0.06 0.06 0.07 0.06 0.06 0.06 0.06]
          9600 acc 0.078 FIRED c*  7 c0  3 masses [0.06 0.06 0.06 0.06 0.06 0.06 0.06 0.07 0.06 0.06 0.06 0.06 0.06 0.06 0.06 0.06]
         12000 acc 0.047 FIRED c* 15 c0  9 masses [0.02 0.10 0.04 0.12 0.07 0.11 0.02 0.06 0.12 0.02 0.02 0.02 0.03 0.02 0.02 0.20]
         14400 acc 0.141 no    c*  3 c0 14 masses [0.00 0.06 0.02 0.25 0.17 0.08 0.01 0.03 0.01 0.22 0.01 0.01 0.01 0.01 0.00 0.10]
         16800 acc 0.109 FIRED c*  9 c0  0 masses [0.01 0.05 0.02 0.22 0.18 0.08 0.01 0.04 0.01 0.24 0.01 0.01 0.02 0.01 0.01 0.07]
         19200 acc 0.266 no    c*  3 c0 14 masses [0.24 0.05 0.03 0.25 0.16 0.11 0.02 0.03 0.01 0.02 0.01 0.02 0.02 0.02 0.01 0.02]
         21600 acc 0.281 FIRED c*  0 c0  6 masses [0.21 0.04 0.03 0.20 0.11 0.14 0.02 0.03 0.03 0.02 0.03 0.02 0.02 0.07 0.02 0.02]
         24000 acc 0.328 no    c*  3 c0 11 masses [0.18 0.03 0.02 0.21 0.12 0.13 0.02 0.03 0.02 0.02 0.03 0.01 0.01 0.13 0.02 0.02]
         26400 acc 0.328 FIRED c*  0 c0 11 masses [0.19 0.04 0.02 0.18 0.11 0.14 0.02 0.02 0.02 0.01 0.04 0.00 0.01 0.16 0.02 0.01]
         28800 acc 0.375 no    c*  0 c0 12 masses [0.18 0.03 0.01 0.17 0.12 0.13 0.01 0.03 0.02 0.01 0.04 0.02 0.01 0.18 0.02 0.01]
         31200 acc 0.422 no    c* 13 c0 12 masses [0.17 0.04 0.02 0.18 0.12 0.14 0.02 0.02 0.02 0.02 0.03 0.02 0.01 0.19 0.02 0.02]
         33600 acc 0.391 FIRED c* 13 c0 12 masses [0.16 0.04 0.02 0.18 0.12 0.14 0.02 0.02 0.02 0.02 0.02 0.02 0.01 0.20 0.02 0.02]
         36000 acc 0.328 FIRED c*  3 c0 14 masses [0.16 0.04 0.02 0.18 0.11 0.14 0.02 0.02 0.02 0.02 0.02 0.02 0.10 0.10 0.02 0.02]
         38400 acc 0.438 no    c* 14 c0  6 masses [0.17 0.05 0.02 0.02 0.11 0.14 0.01 0.02 0.02 0.02 0.02 0.01 0.11 0.10 0.18 0.02]
         40800 acc 0.359 FIRED c* 14 c0  9 masses [0.17 0.04 0.02 0.02 0.11 0.14 0.02 0.02 0.02 0.01 0.02 0.02 0.13 0.08 0.18 0.02]
    264: 2400:0.031  4800:0.109  7200:0.000*1->9  9600:0.094  12000:0.047*10->2  14400:0.078  16800:0.062*11->0  19200:0.062*12->5  21600:0.062*6->3  24000:0.062*11->5  26400:0.016*10->13  28800:0.031*3->6  31200:0.031*9->4  33600:0.047*4->14  36000:0.031*15->12  38400:0.062  40800:0.047*7->11
          2400 acc 0.031 no    c*  8 c0  3 masses [0.04 0.13 0.09 0.03 0.05 0.04 0.04 0.04 0.16 0.04 0.14 0.04 0.06 0.04 0.04 0.03]
          4800 acc 0.109 no    c*  8 c0 14 masses [0.04 0.06 0.10 0.04 0.11 0.05 0.08 0.06 0.12 0.03 0.09 0.06 0.04 0.04 0.03 0.05]
          7200 acc 0.000 FIRED c*  1 c0  9 masses [0.05 0.13 0.06 0.04 0.08 0.06 0.08 0.06 0.07 0.04 0.08 0.06 0.06 0.04 0.04 0.05]
          9600 acc 0.094 no    c*  9 c0  6 masses [0.05 0.10 0.06 0.10 0.04 0.06 0.04 0.04 0.05 0.10 0.08 0.04 0.07 0.08 0.04 0.04]
         12000 acc 0.047 FIRED c* 10 c0  2 masses [0.05 0.05 0.04 0.04 0.04 0.06 0.07 0.09 0.05 0.09 0.10 0.05 0.08 0.05 0.05 0.08]
         14400 acc 0.078 no    c* 12 c0  1 masses [0.05 0.05 0.07 0.05 0.07 0.05 0.06 0.07 0.05 0.07 0.07 0.05 0.08 0.05 0.06 0.07]
         16800 acc 0.062 FIRED c* 11 c0  0 masses [0.06 0.06 0.07 0.06 0.06 0.06 0.06 0.07 0.06 0.06 0.06 0.08 0.08 0.06 0.06 0.07]
         19200 acc 0.062 FIRED c* 12 c0  5 masses [0.06 0.06 0.06 0.06 0.07 0.06 0.07 0.06 0.06 0.06 0.06 0.06 0.07 0.06 0.06 0.06]
         21600 acc 0.062 FIRED c*  6 c0  3 masses [0.06 0.06 0.06 0.05 0.06 0.06 0.12 0.06 0.06 0.06 0.06 0.06 0.06 0.05 0.07 0.06]
         24000 acc 0.062 FIRED c* 11 c0  5 masses [0.08 0.07 0.05 0.05 0.05 0.05 0.05 0.05 0.06 0.09 0.05 0.10 0.05 0.05 0.07 0.08]
         26400 acc 0.016 FIRED c* 10 c0 13 masses [0.05 0.06 0.07 0.07 0.06 0.05 0.06 0.06 0.06 0.07 0.08 0.05 0.08 0.05 0.06 0.07]
         28800 acc 0.031 FIRED c*  3 c0  6 masses [0.06 0.07 0.06 0.08 0.06 0.06 0.05 0.06 0.06 0.07 0.06 0.06 0.06 0.07 0.06 0.06]
         31200 acc 0.031 FIRED c*  9 c0  4 masses [0.06 0.10 0.07 0.04 0.03 0.06 0.04 0.07 0.04 0.11 0.07 0.06 0.07 0.07 0.06 0.06]
         33600 acc 0.047 FIRED c*  4 c0 14 masses [0.06 0.07 0.07 0.06 0.07 0.06 0.06 0.06 0.06 0.07 0.06 0.06 0.06 0.07 0.05 0.06]
         36000 acc 0.031 FIRED c* 15 c0 12 masses [0.06 0.07 0.06 0.06 0.06 0.06 0.07 0.07 0.06 0.07 0.06 0.06 0.05 0.06 0.07 0.07]
         38400 acc 0.062 no    c*  7 c0  9 masses [0.06 0.06 0.06 0.06 0.06 0.06 0.06 0.07 0.06 0.06 0.06 0.06 0.06 0.06 0.06 0.06]
         40800 acc 0.047 FIRED c*  7 c0 11 masses [0.06 0.06 0.06 0.06 0.06 0.06 0.06 0.07 0.06 0.06 0.06 0.06 0.06 0.06 0.06 0.06]
    265: 2400:0.031  4800:0.062  7200:0.078*3->6  9600:0.078*3->9  12000:0.062*0->4  14400:0.062*9->14  16800:0.062*4->7  19200:0.094  21600:0.156  24000:0.047*4->8  26400:0.109  28800:0.172  31200:0.234  33600:0.281  36000:0.344  38400:0.359*3->15  40800:0.391
          2400 acc 0.031 no    c* 12 c0  6 masses [0.04 0.04 0.04 0.19 0.06 0.04 0.00 0.06 0.06 0.00 0.04 0.04 0.24 0.04 0.05 0.04]
          4800 acc 0.062 no    c*  3 c0  6 masses [0.07 0.03 0.05 0.62 0.00 0.04 0.00 0.00 0.00 0.00 0.01 0.03 0.04 0.04 0.00 0.06]
          7200 acc 0.078 FIRED c*  3 c0  6 masses [0.08 0.01 0.01 0.83 0.00 0.01 0.00 0.00 0.00 0.00 0.01 0.01 0.01 0.01 0.00 0.01]
          9600 acc 0.078 FIRED c*  3 c0  9 masses [0.11 0.06 0.11 0.22 0.00 0.12 0.01 0.00 0.00 0.00 0.01 0.08 0.03 0.13 0.00 0.11]
         12000 acc 0.062 FIRED c*  0 c0  4 masses [0.26 0.03 0.15 0.04 0.00 0.06 0.00 0.00 0.00 0.26 0.00 0.02 0.02 0.06 0.00 0.08]
         14400 acc 0.062 FIRED c*  9 c0 14 masses [0.19 0.04 0.05 0.04 0.19 0.05 0.01 0.00 0.00 0.33 0.00 0.04 0.00 0.04 0.00 0.03]
         16800 acc 0.062 FIRED c*  4 c0  7 masses [0.10 0.07 0.07 0.13 0.32 0.03 0.01 0.00 0.00 0.11 0.00 0.01 0.00 0.03 0.14 0.00]
         19200 acc 0.094 no    c*  4 c0 10 masses [0.03 0.01 0.01 0.03 0.49 0.01 0.02 0.08 0.00 0.03 0.00 0.00 0.00 0.01 0.29 0.00]
         21600 acc 0.156 no    c*  4 c0  8 masses [0.02 0.01 0.00 0.07 0.51 0.00 0.09 0.07 0.00 0.12 0.00 0.00 0.00 0.00 0.09 0.00]
         24000 acc 0.047 FIRED c*  4 c0  8 masses [0.02 0.01 0.00 0.01 0.55 0.00 0.01 0.04 0.00 0.34 0.00 0.00 0.00 0.00 0.01 0.00]
         26400 acc 0.109 no    c*  4 c0 10 masses [0.00 0.00 0.00 0.33 0.58 0.00 0.03 0.01 0.02 0.01 0.00 0.00 0.00 0.00 0.00 0.00]
         28800 acc 0.172 no    c*  4 c0 15 masses [0.00 0.00 0.00 0.35 0.61 0.00 0.02 0.00 0.00 0.00 0.00 0.00 0.00 0.00 0.00 0.00]
         31200 acc 0.234 no    c*  4 c0 12 masses [0.01 0.01 0.01 0.34 0.53 0.01 0.02 0.02 0.02 0.01 0.00 0.00 0.00 0.01 0.00 0.00]
         33600 acc 0.281 no    c*  3 c0 15 masses [0.03 0.05 0.11 0.34 0.02 0.01 0.09 0.04 0.20 0.02 0.01 0.01 0.01 0.01 0.02 0.01]
         36000 acc 0.344 no    c*  3 c0 15 masses [0.01 0.04 0.15 0.31 0.01 0.03 0.08 0.03 0.20 0.05 0.01 0.01 0.01 0.01 0.03 0.01]
         38400 acc 0.359 FIRED c*  3 c0 15 masses [0.02 0.03 0.13 0.22 0.02 0.04 0.07 0.03 0.15 0.13 0.02 0.02 0.02 0.02 0.07 0.01]
         40800 acc 0.391 no    c* 15 c0 13 masses [0.03 0.02 0.15 0.03 0.02 0.04 0.07 0.02 0.15 0.11 0.02 0.03 0.02 0.02 0.12 0.16]
    266: 2400:0.062  4800:0.047*6->13  7200:0.031*0->11  9600:0.062  12000:0.141  14400:0.172  16800:0.203  19200:0.172*0->10  21600:0.266  24000:0.172*10->4  26400:0.234  28800:0.203*10->7  31200:0.203*7->1  33600:0.141*1->9  36000:0.188  38400:0.203*9->8  40800:0.234
          2400 acc 0.062 no    c*  2 c0 13 masses [0.06 0.06 0.06 0.06 0.06 0.06 0.06 0.06 0.06 0.06 0.06 0.06 0.06 0.06 0.06 0.06]
          4800 acc 0.047 FIRED c*  6 c0 13 masses [0.06 0.06 0.06 0.06 0.06 0.06 0.06 0.06 0.06 0.06 0.06 0.06 0.06 0.06 0.06 0.06]
          7200 acc 0.031 FIRED c*  0 c0 11 masses [0.06 0.06 0.06 0.06 0.06 0.06 0.06 0.06 0.06 0.06 0.06 0.06 0.06 0.06 0.06 0.06]
          9600 acc 0.062 no    c*  2 c0 10 masses [0.10 0.02 0.13 0.12 0.02 0.06 0.02 0.02 0.12 0.10 0.01 0.10 0.10 0.02 0.03 0.02]
         12000 acc 0.141 no    c*  8 c0 10 masses [0.13 0.03 0.12 0.12 0.02 0.04 0.02 0.03 0.13 0.08 0.01 0.12 0.11 0.02 0.02 0.01]
         14400 acc 0.172 no    c*  0 c0 10 masses [0.14 0.02 0.12 0.12 0.02 0.05 0.02 0.02 0.12 0.06 0.01 0.14 0.11 0.02 0.03 0.03]
         16800 acc 0.203 no    c*  0 c0 10 masses [0.23 0.02 0.11 0.05 0.01 0.04 0.02 0.01 0.05 0.04 0.01 0.22 0.04 0.02 0.05 0.08]
         19200 acc 0.172 FIRED c*  0 c0 10 masses [0.26 0.02 0.11 0.04 0.02 0.04 0.02 0.02 0.04 0.03 0.01 0.21 0.04 0.02 0.05 0.09]
         21600 acc 0.266 no    c* 10 c0  4 masses [0.05 0.02 0.11 0.03 0.01 0.04 0.02 0.02 0.04 0.03 0.37 0.05 0.03 0.02 0.05 0.12]
         24000 acc 0.172 FIRED c* 10 c0  4 masses [0.06 0.02 0.11 0.03 0.01 0.04 0.01 0.01 0.03 0.03 0.37 0.06 0.03 0.02 0.05 0.11]
         26400 acc 0.234 no    c* 10 c0  7 masses [0.04 0.02 0.11 0.03 0.08 0.04 0.02 0.02 0.03 0.03 0.33 0.04 0.03 0.02 0.06 0.11]
         28800 acc 0.203 FIRED c* 10 c0  7 masses [0.04 0.02 0.11 0.03 0.08 0.03 0.02 0.02 0.03 0.03 0.35 0.04 0.03 0.02 0.04 0.13]
         31200 acc 0.203 FIRED c*  7 c0  1 masses [0.03 0.02 0.11 0.03 0.04 0.03 0.02 0.37 0.02 0.03 0.06 0.03 0.02 0.02 0.04 0.12]
         33600 acc 0.141 FIRED c*  1 c0  9 masses [0.03 0.36 0.13 0.02 0.03 0.02 0.02 0.06 0.02 0.02 0.03 0.03 0.02 0.02 0.02 0.16]
         36000 acc 0.188 no    c*  9 c0 12 masses [0.02 0.04 0.11 0.02 0.03 0.02 0.03 0.03 0.02 0.37 0.03 0.02 0.02 0.03 0.02 0.19]
         38400 acc 0.203 FIRED c*  9 c0  8 masses [0.02 0.03 0.11 0.02 0.03 0.03 0.03 0.02 0.02 0.36 0.03 0.02 0.02 0.03 0.03 0.21]
         40800 acc 0.234 no    c*  8 c0 12 masses [0.02 0.02 0.14 0.02 0.03 0.02 0.04 0.02 0.35 0.03 0.02 0.02 0.02 0.04 0.02 0.17]
    267: 2400:0.125  4800:0.062*8->1  7200:0.125  9600:0.109*9->5  12000:0.156  14400:0.078*13->11  16800:0.094*9->14  19200:0.094*13->12  21600:0.109*4->8  24000:0.156  26400:0.125*13->1  28800:0.094*12->10  31200:0.109*12->6  33600:0.141  36000:0.094*4->15  38400:0.094*15->2  40800:0.109*2->8
          2400 acc 0.125 no    c* 13 c0  6 masses [0.06 0.06 0.06 0.06 0.06 0.06 0.06 0.06 0.06 0.06 0.06 0.06 0.06 0.06 0.06 0.06]
          4800 acc 0.062 FIRED c*  8 c0  1 masses [0.06 0.06 0.06 0.06 0.06 0.06 0.06 0.06 0.06 0.06 0.06 0.06 0.06 0.06 0.06 0.06]
          7200 acc 0.125 no    c*  1 c0 13 masses [0.06 0.06 0.06 0.06 0.06 0.06 0.06 0.06 0.06 0.06 0.06 0.06 0.06 0.06 0.06 0.06]
          9600 acc 0.109 FIRED c*  9 c0  5 masses [0.04 0.06 0.03 0.03 0.07 0.02 0.06 0.10 0.06 0.18 0.07 0.02 0.09 0.12 0.02 0.04]
         12000 acc 0.156 no    c*  9 c0 14 masses [0.07 0.02 0.07 0.07 0.03 0.15 0.01 0.12 0.02 0.15 0.02 0.00 0.03 0.14 0.00 0.11]
         14400 acc 0.078 FIRED c* 13 c0 11 masses [0.08 0.02 0.06 0.08 0.01 0.15 0.03 0.10 0.02 0.15 0.01 0.00 0.03 0.17 0.00 0.08]
         16800 acc 0.094 FIRED c*  9 c0 14 masses [0.07 0.02 0.08 0.06 0.01 0.10 0.07 0.11 0.04 0.11 0.01 0.10 0.01 0.10 0.00 0.09]
         19200 acc 0.094 FIRED c* 13 c0 12 masses [0.04 0.01 0.05 0.05 0.11 0.11 0.02 0.05 0.01 0.10 0.02 0.11 0.01 0.12 0.11 0.06]
         21600 acc 0.109 FIRED c*  4 c0  8 masses [0.12 0.00 0.07 0.07 0.18 0.08 0.00 0.16 0.00 0.07 0.00 0.03 0.05 0.04 0.07 0.06]
         24000 acc 0.156 no    c*  4 c0  1 masses [0.07 0.00 0.03 0.04 0.13 0.08 0.00 0.12 0.11 0.08 0.00 0.07 0.07 0.07 0.11 0.03]
         26400 acc 0.125 FIRED c* 13 c0  1 masses [0.01 0.00 0.01 0.01 0.17 0.01 0.00 0.02 0.01 0.01 0.00 0.13 0.23 0.34 0.01 0.01]
         28800 acc 0.094 FIRED c* 12 c0 10 masses [0.01 0.13 0.00 0.01 0.13 0.02 0.00 0.02 0.06 0.02 0.00 0.13 0.35 0.11 0.02 0.00]
         31200 acc 0.109 FIRED c* 12 c0  6 masses [0.00 0.10 0.00 0.00 0.22 0.01 0.00 0.01 0.01 0.01 0.15 0.08 0.29 0.09 0.01 0.00]
         33600 acc 0.141 no    c*  4 c0 15 masses [0.00 0.03 0.00 0.00 0.65 0.00 0.06 0.00 0.00 0.00 0.05 0.10 0.03 0.06 0.00 0.00]
         36000 acc 0.094 FIRED c*  4 c0 15 masses [0.00 0.02 0.00 0.00 0.61 0.00 0.07 0.00 0.00 0.00 0.12 0.07 0.01 0.10 0.00 0.00]
         38400 acc 0.094 FIRED c* 15 c0  2 masses [0.00 0.05 0.00 0.00 0.03 0.00 0.08 0.00 0.00 0.00 0.06 0.09 0.01 0.11 0.00 0.58]
         40800 acc 0.109 FIRED c*  2 c0  8 masses [0.00 0.01 0.50 0.00 0.02 0.00 0.02 0.00 0.00 0.00 0.01 0.02 0.00 0.34 0.00 0.09]
    268: 2400:0.125  4800:0.062*12->1  7200:0.094  9600:0.062*4->5  12000:0.109  14400:0.047*4->2  16800:0.031*4->8  19200:0.062  21600:0.109  24000:0.125*5->11  26400:0.219  28800:0.203*11->10  31200:0.188*10->3  33600:0.172*10->0  36000:0.234  38400:0.250*10->14  40800:0.297
          2400 acc 0.125 no    c*  0 c0  1 masses [0.13 0.00 0.04 0.10 0.04 0.01 0.05 0.04 0.05 0.08 0.09 0.11 0.07 0.06 0.09 0.05]
          4800 acc 0.062 FIRED c* 12 c0  1 masses [0.11 0.00 0.02 0.13 0.04 0.01 0.02 0.02 0.02 0.02 0.10 0.13 0.13 0.09 0.13 0.02]
          7200 acc 0.094 no    c* 13 c0  5 masses [0.11 0.08 0.00 0.08 0.12 0.00 0.01 0.00 0.00 0.00 0.13 0.12 0.10 0.16 0.07 0.00]
          9600 acc 0.062 FIRED c*  4 c0  5 masses [0.10 0.16 0.00 0.07 0.22 0.00 0.00 0.00 0.00 0.00 0.13 0.09 0.03 0.12 0.06 0.00]
         12000 acc 0.109 no    c*  4 c0  2 masses [0.06 0.12 0.00 0.02 0.22 0.21 0.00 0.00 0.00 0.00 0.08 0.07 0.01 0.20 0.01 0.00]
         14400 acc 0.047 FIRED c*  4 c0  2 masses [0.01 0.15 0.00 0.00 0.35 0.35 0.00 0.00 0.00 0.00 0.03 0.01 0.01 0.08 0.00 0.00]
         16800 acc 0.031 FIRED c*  4 c0  8 masses [0.00 0.18 0.18 0.00 0.30 0.29 0.00 0.00 0.00 0.00 0.00 0.00 0.03 0.02 0.00 0.00]
         19200 acc 0.062 no    c*  5 c0 15 masses [0.00 0.20 0.01 0.00 0.06 0.70 0.00 0.00 0.01 0.00 0.00 0.00 0.00 0.01 0.00 0.00]
         21600 acc 0.109 no    c*  5 c0 10 masses [0.01 0.06 0.02 0.01 0.08 0.62 0.02 0.02 0.02 0.03 0.01 0.01 0.04 0.01 0.02 0.03]
         24000 acc 0.125 FIRED c*  5 c0 11 masses [0.00 0.19 0.01 0.00 0.04 0.60 0.00 0.01 0.01 0.01 0.00 0.00 0.01 0.00 0.00 0.12]
         26400 acc 0.219 no    c* 11 c0 10 masses [0.00 0.18 0.00 0.00 0.09 0.13 0.00 0.01 0.01 0.00 0.00 0.44 0.01 0.00 0.00 0.11]
         28800 acc 0.203 FIRED c* 11 c0 10 masses [0.00 0.17 0.01 0.00 0.11 0.12 0.00 0.02 0.01 0.00 0.00 0.43 0.02 0.00 0.00 0.11]
         31200 acc 0.188 FIRED c* 10 c0  3 masses [0.00 0.18 0.01 0.00 0.06 0.07 0.00 0.02 0.01 0.00 0.26 0.25 0.02 0.00 0.00 0.11]
         33600 acc 0.172 FIRED c* 10 c0  0 masses [0.00 0.17 0.01 0.12 0.05 0.07 0.00 0.01 0.02 0.00 0.22 0.19 0.01 0.00 0.00 0.11]
         36000 acc 0.234 no    c* 10 c0  9 masses [0.11 0.18 0.02 0.03 0.03 0.03 0.00 0.02 0.03 0.00 0.27 0.13 0.02 0.01 0.00 0.10]
         38400 acc 0.250 FIRED c* 10 c0 14 masses [0.04 0.17 0.02 0.01 0.03 0.01 0.01 0.02 0.04 0.01 0.36 0.10 0.06 0.00 0.00 0.11]
         40800 acc 0.297 no    c* 14 c0 13 masses [0.03 0.18 0.02 0.01 0.03 0.01 0.01 0.03 0.03 0.01 0.11 0.10 0.05 0.01 0.28 0.09]
    269: 2400:0.062  4800:0.031*1->14  7200:0.078  9600:0.141  12000:0.078*7->12  14400:0.125  16800:0.094*6->0  19200:0.172  21600:0.109*3->1  24000:0.156  26400:0.125*13->12  28800:0.172  31200:0.125*13->7  33600:0.156  36000:0.141*11->0  38400:0.125*1->4  40800:0.156
          2400 acc 0.062 no    c*  1 c0 14 masses [0.01 0.17 0.10 0.14 0.10 0.09 0.06 0.03 0.05 0.05 0.04 0.02 0.03 0.07 0.01 0.01]
          4800 acc 0.031 FIRED c*  1 c0 14 masses [0.01 0.25 0.12 0.13 0.12 0.11 0.06 0.04 0.02 0.01 0.02 0.01 0.03 0.05 0.01 0.01]
          7200 acc 0.078 no    c*  4 c0 12 masses [0.01 0.07 0.12 0.05 0.13 0.10 0.07 0.06 0.04 0.04 0.07 0.03 0.01 0.10 0.08 0.01]
          9600 acc 0.141 no    c*  1 c0 12 masses [0.01 0.23 0.04 0.15 0.03 0.01 0.03 0.07 0.03 0.03 0.02 0.12 0.00 0.04 0.16 0.01]
         12000 acc 0.078 FIRED c*  7 c0 12 masses [0.01 0.05 0.04 0.08 0.07 0.04 0.17 0.21 0.03 0.03 0.06 0.05 0.00 0.10 0.04 0.01]
         14400 acc 0.125 no    c*  6 c0  0 masses [0.00 0.00 0.06 0.07 0.07 0.00 0.21 0.14 0.00 0.01 0.01 0.20 0.14 0.07 0.01 0.00]
         16800 acc 0.094 FIRED c*  6 c0  0 masses [0.00 0.00 0.06 0.06 0.06 0.00 0.31 0.11 0.00 0.00 0.00 0.22 0.10 0.06 0.01 0.00]
         19200 acc 0.172 no    c*  4 c0 15 masses [0.01 0.00 0.08 0.07 0.48 0.00 0.01 0.01 0.00 0.00 0.00 0.23 0.01 0.09 0.00 0.00]
         21600 acc 0.109 FIRED c*  3 c0  1 masses [0.00 0.00 0.03 0.70 0.01 0.00 0.00 0.00 0.00 0.01 0.00 0.21 0.00 0.02 0.00 0.00]
         24000 acc 0.156 no    c*  3 c0 12 masses [0.00 0.03 0.01 0.71 0.00 0.00 0.00 0.00 0.00 0.01 0.00 0.22 0.00 0.01 0.00 0.00]
         26400 acc 0.125 FIRED c* 13 c0 12 masses [0.00 0.00 0.00 0.00 0.00 0.00 0.00 0.00 0.00 0.00 0.00 0.34 0.00 0.63 0.00 0.00]
         28800 acc 0.172 no    c* 13 c0  0 masses [0.00 0.00 0.01 0.00 0.00 0.00 0.00 0.00 0.00 0.00 0.00 0.34 0.07 0.55 0.00 0.00]
         31200 acc 0.125 FIRED c* 13 c0  7 masses [0.00 0.01 0.02 0.00 0.00 0.00 0.00 0.00 0.00 0.00 0.00 0.35 0.04 0.57 0.00 0.00]
         33600 acc 0.156 no    c* 11 c0  0 masses [0.00 0.03 0.05 0.00 0.00 0.00 0.00 0.23 0.00 0.00 0.00 0.35 0.05 0.29 0.00 0.00]
         36000 acc 0.141 FIRED c* 11 c0  0 masses [0.00 0.30 0.26 0.00 0.00 0.01 0.00 0.03 0.01 0.00 0.00 0.34 0.03 0.02 0.00 0.00]
         38400 acc 0.125 FIRED c*  1 c0  4 masses [0.01 0.49 0.07 0.00 0.00 0.00 0.00 0.01 0.00 0.00 0.00 0.34 0.06 0.01 0.00 0.00]
         40800 acc 0.156 no    c*  4 c0  3 masses [0.01 0.06 0.03 0.00 0.51 0.01 0.00 0.00 0.00 0.00 0.00 0.32 0.03 0.00 0.00 0.00]
  SPLIT_D8_A splits per run: {260: 11, 261: 12, 262: 8, 263: 10, 264: 12, 265: 7, 266: 8, 267: 12, 268: 9, 269: 8} (total 97; runs with a split 10/10)
  SPLIT_D8_A distinct channels holding the 8 streams (labelled: routing_k's ch_map on the run's probe) before -> right after -> at the next check, per split:
    260: 7200 8->11: 2 (7+1) -> 3 (5+2+1) -> 2 (5+3); 12000 8->4: 2 (5+3) -> 2 (5+3) -> 2 (5+3); 14400 4->9: 2 (5+3) -> 2 (5+3) -> 2 (5+3); 16800 9->6: 2 (5+3) -> 2 (5+3) -> 2 (5+3); 19200 9->15: 2 (5+3) -> 2 (5+3) -> 2 (5+3); 21600 15->6: 2 (5+3) -> 2 (5+3) -> 2 (5+3); 26400 6->11: 2 (5+3) -> 2 (5+3) -> 2 (5+3); 31200 11->4: 2 (5+3) -> 2 (5+3) -> 2 (5+3); 36000 11->9: 2 (5+3) -> 2 (5+3) -> 2 (5+3); 38400 9->15: 2 (5+3) -> 2 (5+3) -> 2 (5+3); 40800 9->13: 2 (5+3) -> 2 (5+3) -> 2 (5+3)
    261: 4800 15->8: 2 (5+3) -> 3 (4+3+1) -> 1 (8); 7200 6->7: 1 (8) -> 2 (4+4) -> 1 (8); 12000 7->3: 1 (8) -> 1 (8) -> 1 (8); 14400 5->13: 1 (8) -> 1 (8) -> 1 (8); 16800 13->12: 1 (8) -> 1 (8) -> 1 (8); 19200 13->0: 1 (8) -> 1 (8) -> 1 (8); 24000 13->4: 1 (8) -> 1 (8) -> 1 (8); 26400 13->2: 1 (8) -> 1 (8) -> 1 (8); 31200 4->8: 1 (8) -> 1 (8) -> 1 (8); 33600 8->9: 1 (8) -> 1 (8) -> 1 (8); 36000 8->5: 1 (8) -> 1 (8) -> 1 (8); 40800 5->15: 1 (8) -> 1 (8) -> 1 (8)
    262: 4800 14->12: 1 (8) -> 1 (8) -> 1 (8); 12000 2->8: 1 (8) -> 1 (8) -> 1 (8); 14400 10->6: 1 (8) -> 1 (8) -> 1 (8); 19200 12->15: 1 (8) -> 1 (8) -> 1 (8); 24000 14->5: 1 (8) -> 1 (8) -> 3 (6+1+1); 26400 12->5: 3 (6+1+1) -> 2 (7+1) -> 2 (4+4); 38400 10->5: 2 (5+3) -> 2 (5+3) -> 2 (5+3); 40800 2->6: 2 (5+3) -> 2 (5+3) -> 2 (5+3)
    263: 4800 9->0: 1 (8) -> 1 (8) -> 3 (3+3+2); 7200 11->6: 3 (3+3+2) -> 3 (4+3+1) -> 3 (4+3+1); 9600 7->3: 3 (4+3+1) -> 4 (3+2+2+1) -> 3 (4+3+1); 12000 15->9: 3 (4+3+1) -> 3 (4+3+1) -> 3 (3+3+2); 16800 9->0: 3 (3+3+2) -> 3 (3+3+2) -> 3 (3+3+2); 21600 0->6: 3 (3+3+2) -> 3 (3+3+2) -> 3 (3+3+2); 26400 0->11: 3 (3+3+2) -> 3 (3+3+2) -> 3 (3+3+2); 33600 13->12: 3 (3+3+2) -> 3 (3+3+2) -> 3 (3+3+2); 36000 3->14: 3 (3+3+2) -> 3 (3+3+2) -> 3 (3+3+2); 40800 14->9: 3 (3+3+2) -> 3 (3+3+2) -> 3 (3+3+2)
    264: 7200 1->9: 1 (8) -> 2 (7+1) -> 1 (8); 12000 10->2: 2 (7+1) -> 2 (4+4) -> 2 (7+1); 16800 11->0: 1 (8) -> 2 (5+3) -> 3 (4+3+1); 19200 12->5: 3 (4+3+1) -> 2 (4+4) -> 1 (8); 21600 6->3: 1 (8) -> 1 (8) -> 2 (7+1); 24000 11->5: 2 (7+1) -> 2 (4+4) -> 2 (5+3); 26400 10->13: 2 (5+3) -> 2 (5+3) -> 2 (5+3); 28800 3->6: 2 (5+3) -> 2 (4+4) -> 1 (8); 31200 9->4: 1 (8) -> 1 (8) -> 1 (8); 33600 4->14: 1 (8) -> 1 (8) -> 2 (5+3); 36000 15->12: 2 (5+3) -> 2 (5+3) -> 4 (3+2+2+1); 40800 7->11: 4 (4+2+1+1) -> 5 (3+2+1+1+1) -> 2 (5+3)
    265: 7200 3->6: 1 (8) -> 1 (8) -> 1 (8); 9600 3->9: 1 (8) -> 1 (8) -> 1 (8); 12000 0->4: 1 (8) -> 1 (8) -> 1 (8); 14400 9->14: 1 (8) -> 2 (6+2) -> 1 (8); 16800 4->7: 1 (8) -> 1 (8) -> 1 (8); 24000 4->8: 1 (8) -> 1 (8) -> 1 (8); 38400 3->15: 2 (5+3) -> 2 (5+3) -> 2 (5+3)
    266: 4800 6->13: 2 (6+2) -> 2 (6+2) -> 4 (3+2+2+1); 7200 0->11: 4 (3+2+2+1) -> 4 (3+2+2+1) -> 2 (6+2); 19200 0->10: 2 (6+2) -> 2 (6+2) -> 2 (6+2); 24000 10->4: 2 (6+2) -> 2 (6+2) -> 2 (6+2); 28800 10->7: 2 (6+2) -> 2 (6+2) -> 2 (6+2); 31200 7->1: 2 (6+2) -> 2 (6+2) -> 2 (6+2); 33600 1->9: 2 (6+2) -> 2 (6+2) -> 2 (6+2); 38400 9->8: 2 (6+2) -> 2 (6+2) -> 2 (6+2)
    267: 4800 8->1: 4 (4+2+1+1) -> 4 (4+2+1+1) -> 5 (3+2+1+1+1); 9600 9->5: 1 (8) -> 1 (8) -> 1 (8); 14400 13->11: 1 (8) -> 1 (8) -> 1 (8); 16800 9->14: 1 (8) -> 2 (7+1) -> 1 (8); 19200 13->12: 1 (8) -> 1 (8) -> 1 (8); 21600 4->8: 1 (8) -> 1 (8) -> 1 (8); 26400 13->1: 1 (8) -> 1 (8) -> 1 (8); 28800 12->10: 1 (8) -> 1 (8) -> 1 (8); 31200 12->6: 1 (8) -> 1 (8) -> 1 (8); 36000 4->15: 1 (8) -> 1 (8) -> 1 (8); 38400 15->2: 1 (8) -> 1 (8) -> 1 (8); 40800 2->8: 1 (8) -> 1 (8) -> 1 (8)
    268: 4800 12->1: 1 (8) -> 2 (7+1) -> 1 (8); 9600 4->5: 1 (8) -> 1 (8) -> 1 (8); 14400 4->2: 1 (8) -> 1 (8) -> 1 (8); 16800 4->8: 1 (8) -> 1 (8) -> 1 (8); 24000 5->11: 3 (5+2+1) -> 3 (5+2+1) -> 3 (5+2+1); 28800 11->10: 3 (5+2+1) -> 3 (5+2+1) -> 3 (5+2+1); 31200 10->3: 3 (5+2+1) -> 3 (5+2+1) -> 3 (5+2+1); 33600 10->0: 3 (5+2+1) -> 3 (5+2+1) -> 3 (5+2+1); 38400 10->14: 3 (5+2+1) -> 3 (5+2+1) -> 3 (5+2+1)
    269: 4800 1->14: 1 (8) -> 1 (8) -> 1 (8); 12000 7->12: 1 (8) -> 1 (8) -> 1 (8); 16800 6->0: 1 (8) -> 1 (8) -> 1 (8); 21600 3->1: 1 (8) -> 1 (8) -> 1 (8); 26400 13->12: 1 (8) -> 1 (8) -> 1 (8); 31200 13->7: 1 (8) -> 1 (8) -> 1 (8); 36000 11->0: 1 (8) -> 1 (8) -> 1 (8); 38400 1->4: 1 (8) -> 1 (8) -> 1 (8)
  SPLIT_D8_A HARM (held-out accuracy 2400 updates after a split > 0.05 below the value at it): 0/10 runs {}
  READING S36 SPLIT_D8_A: it does not (BOUND by 43200 0/10, at 28800 0/10; >= 3 needed)
  READING split_plateau SPLIT4k4_M: it does not (BOUND 5/10; >= 8 fixes, <= 5 not)  [EXPLORATORY, not a result]
  READING split_plateau SPLIT_D8_M: it does not (BOUND by 43200 0/10, at 28800 0/10; >= 3 needed)  [EXPLORATORY, not a result]
  READING split_plateau SPLIT_D8_A: it does not (BOUND by 43200 0/10, at 28800 0/10; >= 3 needed)  [EXPLORATORY, not a result]

####################################################################################################
SUMMARY — EXPLORATORY, not a result
  S36 SPLIT4k4_M: it does not (BOUND 5/10; >= 8 fixes, <= 5 not) (BOUND 5/10, at 28800 5/10 vs A_HINGE 4/10; splits 31; HARM 3 runs)
  S36 SPLIT_D8_M: it does not (BOUND by 43200 0/10, at 28800 0/10; >= 3 needed) (BOUND 0/10, at 28800 0/10 vs D8_HINGE 0/10; splits 98; HARM 0 runs)
  S36 SPLIT_D8_A: it does not (BOUND by 43200 0/10, at 28800 0/10; >= 3 needed) (BOUND 0/10, at 28800 0/10 vs X HINGE_D8 0/10; splits 97; HARM 0 runs)
####################################################################################################
