=== queue: S54 start Thu Oct  8 06:15:14 UTC 2026
==============================================================================================================
EXPLORATORY, NOT A RESULT — Session F s54 (F/window_delta, F/window_delta_scale)
  cpu Intel(R) Xeon(R) Processor @ 2.10GHz | torch 2.14.0+cu130 | git 147e5cf+dirty | python 3.11.17 | torch threads 1 | started 2026-10-08 06:15:16
==============================================================================================================
  code SHA F/window_delta: 30feac285d87 over 25 modules (bdh, bdh_recurrent, explore_b16_gates, explore_common, explore_common2, explore_delta_mem, explore_f_delta_fast, explore_f_tasks, explore_f_window_delta_child, explore_local_gate, explore_window_recipe_child, test_binding_capacity, test_binding_onset, test_binding_recipe, test_channel_binding, test_instrument_v2, test_interference, test_multilayer_binding, test_readout_path, test_router_confirm, test_router_curriculum, test_router_discovery, test_router_layout, test_router_reliability, test_short_conv)
  code SHA F/window_delta_scale: c8612c854acc over 44 modules (bdh, bdh_recurrent, explore_aux_gate, explore_b16_gates, explore_b16_main, explore_common, explore_common2, explore_delta_mem, explore_f_delta_fast, explore_f_window_delta_scale_child, explore_main9c, explore_muon_k16_child, explore_muon_recipe, explore_muon_scale_child, explore_slow_hinge, explore_slow_mem, explore_slow_pos, explore_split_child, explore_split_target_child, explore_stream_knobs_child, explore_window_d8_child, test_binding_capacity@main, test_binding_onset, test_binding_recipe, test_channel_binding, test_conv_lr, test_curriculum_confirm@main, test_instrument_v2, test_interference, test_load_curriculum, test_multilayer_binding, test_p_scaling, test_readout_path, test_router_confirm, test_router_curriculum, test_router_discovery, test_router_layout, test_router_reliability, test_scale_axes@main, test_short_conv@main, test_slow_start@main, test_stream_channels@main, test_stream_curriculum@main, test_stream_recipe@main)
  CHECK C1 parallel = sequential over 24 cases (beta 0 / 0.5 / 1 / per token, write tied / 1, decay fixed / routed / per-channel): forward max |diff| 4.44e-16 <= 1e-10, gradients 2.22e-15 <= 1e-8: ok
  CHECK C2 LOCAL3 S=2 k=2, parallel, beta 0 / write 1 / raw keys: logits max |diff| 1.34e-07, attention outputs 2.38e-06 (relative 2.4e-07) over 3 layers, all <= 1e-5: ok
  CHECK C2 LOCAL3 S=2 k=2, sequential, beta 0 / write 1 / raw keys: logits max |diff| 1.49e-07, attention outputs 3.81e-06 (relative 4.5e-07) over 3 layers, all <= 1e-5: ok
  CHECK C2 LOCAL3 S=2 k=2, impl hebb (beta 1 set, path disabled): logits bit-identical to the current model: ok
  CHECK C2 perfect S=2 k=2, parallel, beta 0 / write 1 / raw keys: logits max |diff| 0.00e+00, attention outputs 0.00e+00 (relative 0.0e+00) over 3 layers, all <= 1e-5: ok
  CHECK C2 perfect S=2 k=2, sequential, beta 0 / write 1 / raw keys: logits max |diff| 1.27e-07, attention outputs 6.68e-06 (relative 4.5e-07) over 3 layers, all <= 1e-5: ok
  CHECK C2 perfect S=2 k=2, impl hebb (beta 1 set, path disabled): logits bit-identical to the current model: ok
  CHECK C2 single k=1 (arm B), parallel, beta 0 / write 1 / raw keys: logits max |diff| 0.00e+00, attention outputs 0.00e+00 (relative 0.0e+00) over 3 layers, all <= 1e-5: ok
  CHECK C2 single k=1 (arm B), sequential, beta 0 / write 1 / raw keys: logits max |diff| 1.34e-07, attention outputs 8.58e-06 (relative 5.8e-07) over 3 layers, all <= 1e-5: ok
  CHECK C2 single k=1 (arm B), impl hebb (beta 1 set, path disabled): logits bit-identical to the current model: ok
  CHECK C2 LOCAL3 S=8 k=16 conv, parallel, beta 0 / write 1 / raw keys: logits max |diff| 1.19e-07, attention outputs 5.96e-07 (relative 3.8e-07) over 3 layers, all <= 1e-5: ok
  CHECK C2 LOCAL3 S=8 k=16 conv, sequential, beta 0 / write 1 / raw keys: logits max |diff| 1.79e-07, attention outputs 4.77e-07 (relative 3.9e-07) over 3 layers, all <= 1e-5: ok
  CHECK C2 LOCAL3 S=8 k=16 conv, impl hebb (beta 1 set, path disabled): logits bit-identical to the current model: ok
  CHECK C3 oracle gate, grouped, decay fixed, parallel: U^c = 0 outside stream c and the read gate 0 on other channels in all 3 layers (True); stream-s logits bit-identical with the other stream's VAL tokens replaced (True) and changed by its own (True): ok
  CHECK C3 oracle gate, grouped, decay fixed, sequential: U^c = 0 outside stream c and the read gate 0 on other channels in all 3 layers (True); stream-s logits bit-identical with the other stream's VAL tokens replaced (True) and changed by its own (True): ok
  CHECK C3 oracle gate, grouped, decay routed, parallel: U^c = 0 outside stream c and the read gate 0 on other channels in all 3 layers (True); stream-s logits bit-identical with the other stream's VAL tokens replaced (True) and changed by its own (True): ok
  CHECK C3 oracle gate, grouped, decay routed, sequential: U^c = 0 outside stream c and the read gate 0 on other channels in all 3 layers (True); stream-s logits bit-identical with the other stream's VAL tokens replaced (True) and changed by its own (True): ok
  CHECK C3 oracle gate, header, decay fixed, parallel: U^c = 0 outside stream c and the read gate 0 on other channels in all 3 layers (True); stream-s logits bit-identical with the other stream's VAL tokens replaced (True) and changed by its own (True): ok
  CHECK C3 oracle gate, header, decay fixed, sequential: U^c = 0 outside stream c and the read gate 0 on other channels in all 3 layers (True); stream-s logits bit-identical with the other stream's VAL tokens replaced (True) and changed by its own (True): ok
  CHECK C3 oracle gate, header, decay routed, parallel: U^c = 0 outside stream c and the read gate 0 on other channels in all 3 layers (True); stream-s logits bit-identical with the other stream's VAL tokens replaced (True) and changed by its own (True): ok
  CHECK C3 oracle gate, header, decay routed, sequential: U^c = 0 outside stream c and the read gate 0 on other channels in all 3 layers (True); stream-s logits bit-identical with the other stream's VAL tokens replaced (True) and changed by its own (True): ok
  CHECK C4 overwrite (beta 1, L2 keys, one channel, decay 0.95, float32): ‖S k̂ − v2‖ = 1.56e-06 after (k, v1), (k, v2); 1.09e-06 with 6 other writes between; the parallel read at a later key-k position equals 0.95·v2 to 1.59e-06 / 1.46e-06; all < 1e-5: ok
  CHECK C5 learned beta = 0.5 exactly at init (True); to_delta keeps every existing parameter (True) and adds ['attn.w_b', 'attn.b_b']: ok
  CHECK C5 routed decay at init: alpha at g = 1 0.9500000 (0.95 to 1e-6), at g = 0 1.0 (exactly 1), at g = 0.3 / 0.7 0.98473 / 0.96473; delta0 -2.6037: ok
  CHECK C5 GDN decay init (seed 350, k = 2): A [2.198, 13.653], dt [0.06425, 0.00468] (softplus(b_dt) recovers dt), alpha at init [0.8683, 0.9381]; w_a = 0; same seed same draw, another seed another: ok
  CHECK C6 recorded run LOCAL3_SLOW|160 (batch 16, S43) through 2400 with to_delta(impl='hebb'): curve [[1200, 0.482421875, 2.1559665203094482], [2400, 1.0, 0.4127413034439087]] vs [[1200, 0.482421875, 2.1559665203094482], [2400, 1.0, 0.4127413034439087]]; statistics at [0, 1200, 2400] equal (True); decoder at 1200/2400 equal (True); bit for bit on Intel(R) Xeon(R) Processor @ 2.10GHz (39 s): ok
  ALL CHECKS PASSED (26 ok, 0 n/a, 0 failed)
  (explore_f_delta_checks: 45 s, all passed)
/home/user/clankers/explore_f_delta_fast.py:175: UserWarning: Converting a tensor with requires_grad=True to a scalar may lead to unexpected behavior.
Consider using tensor.detach() first. (Triggered internally at /__w/pytorch/pytorch/torch/csrc/autograd/generated/python_variable_methods.cpp:820.)
  rel = float((of - op).abs().max() / op.abs().max())
  CHECK F/window_delta: explore_f_delta_fast: fast = parallel in float64 (beta 1 / 0.5 / per token, write tied / 1, k = 5): forward 0.0e+00 <= 1e-12, gradients 8.9e-16 <= 1e-10: ok
  CHECK F/window_delta: explore_f_delta_fast: fast = parallel in float32 at B 32, T 99, k 16: forward relative 0.0e+00 <= 1e-5, gradients relative 4.9e-07 <= 1e-4: ok
  CHECK F/window_delta: explore_f_delta_fast, grouped LOCAL3: model (DeltaLocalGateBDH, k 2): impl fast vs parallel, logits max |diff| 0.0e+00 <= 1e-5, parameter gradients relative 5.9e-05 <= 1e-4 over 10 tensors; fast memory class FastDeltaMemory: ok
  CHECK F/window_delta: explore_f_delta_fast, grouped LOCAL3: batch chunking (296 sequences, chunks of 256) vs batches of 40: max |diff| 0.0e+00 <= 1e-5: ok
  CHECK F/window_delta: RandHeaderTask: every (stream, key) appears exactly once in the body: ok
  CHECK F/window_delta: RandHeaderTask: S distinct values per key: ok
  CHECK F/window_delta: RandHeaderTask: each query is answered by its own stream's value; make_batch returns the query streams: ok
  CHECK F/window_delta: RandHeaderTask: exactly one CTX per block, at its start; 4 blocks per sequence: ok
  CHECK F/window_delta: RandHeaderTask: each stream has 2 blocks whose lengths are a composition of P = 8 with parts in 2..6: ok
  CHECK F/window_delta: RandHeaderTask: block-length frequencies {2: 0.201, 3: 0.198, 4: 0.202, 5: 0.198, 6: 0.201} each within 0.03 of 0.20: ok
  CHECK F/window_delta: RandHeaderTask: the stream order of the blocks varies (6 distinct orders over 4096 sequences): ok
  CHECK F/window_delta: RandHeaderTask: stream_labels = the latest CTX token's stream at every position: ok
  CHECK F/window_delta: RandHeaderTask: L = 39 = S(NB + 2P) + 3 n_q, qpos = [37]; select reads the query's KEY position and targets its value: ok
  CHECK F/window_delta: A_DELTA = S43's LOCAL3_SLOW model + to_delta(learned beta): shares every parameter (True), adds ['attn.w_b', 'attn.b_b']; W_h frozen (True); memory FastDeltaMemory beta learned, L2 keys True, decay 0.95: ok
  CHECK F/window_delta: D_HEBB / D_DELTA: LOCAL3 on RandHeaderTask's vocabulary (26; embed (26, 32), lm_head (32, 26)), share every initial parameter (True); gate group names present: ok
  CHECK F/window_delta: the window gate on RandHeaderTask ignores token t-3 (True) and sees t-2 (True): ok
  CHECK F/window_delta: A_DELTA: two groups cover every trainable parameter once (True); gate group = W_in, W_g, window (True); the memory's parameters ['attn.w_b', 'attn.b_b'] in the rest group (True); lrs at 1 [0.001, 0.0001], 2400 [0.001, 0.0001], 2401 [0.001, 0.001]: ok
  CHECK F/window_delta: D_DELTA: two groups cover every trainable parameter once (True); gate group = W_in, W_g, window (True); the memory's parameters ['attn.w_b', 'attn.b_b'] in the rest group (True); lrs at 1 [0.001, 0.0001], 2400 [0.001, 0.0001], 2401 [0.001, 0.001]: ok
  CHECK F/window_delta: D_HEBB: two groups cover every trainable parameter once (True); gate group = W_in, W_g, window (True); the memory's parameters [] in the rest group (True); lrs at 1 [0.001, 0.0001], 2400 [0.001, 0.0001], 2401 [0.001, 0.001]: ok
  CHECK F/window_delta: the perfect gate on RandHeaderTask: margin 1.0000, eta2 by stream at KEY / VAL 1.0000 / 1.0000: ok
=== queue: S54 (re)start Thu Oct  8 07:51:08 UTC 2026
==============================================================================================================
EXPLORATORY, NOT A RESULT — Session F s54 (F/window_delta, F/window_delta_scale)
  cpu Intel(R) Xeon(R) Processor @ 2.10GHz | torch 2.14.0+cu130 | git 61e2467+dirty | python 3.11.17 | torch threads 1 | started 2026-10-08 07:51:10
==============================================================================================================
  code SHA F/window_delta: 30feac285d87 over 25 modules (bdh, bdh_recurrent, explore_b16_gates, explore_common, explore_common2, explore_delta_mem, explore_f_delta_fast, explore_f_tasks, explore_f_window_delta_child, explore_local_gate, explore_window_recipe_child, test_binding_capacity, test_binding_onset, test_binding_recipe, test_channel_binding, test_instrument_v2, test_interference, test_multilayer_binding, test_readout_path, test_router_confirm, test_router_curriculum, test_router_discovery, test_router_layout, test_router_reliability, test_short_conv)
  code SHA F/window_delta_scale: c8612c854acc over 44 modules (bdh, bdh_recurrent, explore_aux_gate, explore_b16_gates, explore_b16_main, explore_common, explore_common2, explore_delta_mem, explore_f_delta_fast, explore_f_window_delta_scale_child, explore_main9c, explore_muon_k16_child, explore_muon_recipe, explore_muon_scale_child, explore_slow_hinge, explore_slow_mem, explore_slow_pos, explore_split_child, explore_split_target_child, explore_stream_knobs_child, explore_window_d8_child, test_binding_capacity@main, test_binding_onset, test_binding_recipe, test_channel_binding, test_conv_lr, test_curriculum_confirm@main, test_instrument_v2, test_interference, test_load_curriculum, test_multilayer_binding, test_p_scaling, test_readout_path, test_router_confirm, test_router_curriculum, test_router_discovery, test_router_layout, test_router_reliability, test_scale_axes@main, test_short_conv@main, test_slow_start@main, test_stream_channels@main, test_stream_curriculum@main, test_stream_recipe@main)
  CHECK C1 parallel = sequential over 24 cases (beta 0 / 0.5 / 1 / per token, write tied / 1, decay fixed / routed / per-channel): forward max |diff| 4.44e-16 <= 1e-10, gradients 2.22e-15 <= 1e-8: ok
  CHECK C2 LOCAL3 S=2 k=2, parallel, beta 0 / write 1 / raw keys: logits max |diff| 1.34e-07, attention outputs 2.38e-06 (relative 2.4e-07) over 3 layers, all <= 1e-5: ok
  CHECK C2 LOCAL3 S=2 k=2, sequential, beta 0 / write 1 / raw keys: logits max |diff| 1.49e-07, attention outputs 3.81e-06 (relative 4.5e-07) over 3 layers, all <= 1e-5: ok
  CHECK C2 LOCAL3 S=2 k=2, impl hebb (beta 1 set, path disabled): logits bit-identical to the current model: ok
  CHECK C2 perfect S=2 k=2, parallel, beta 0 / write 1 / raw keys: logits max |diff| 0.00e+00, attention outputs 0.00e+00 (relative 0.0e+00) over 3 layers, all <= 1e-5: ok
  CHECK C2 perfect S=2 k=2, sequential, beta 0 / write 1 / raw keys: logits max |diff| 1.27e-07, attention outputs 6.68e-06 (relative 4.5e-07) over 3 layers, all <= 1e-5: ok
  CHECK C2 perfect S=2 k=2, impl hebb (beta 1 set, path disabled): logits bit-identical to the current model: ok
  CHECK C2 single k=1 (arm B), parallel, beta 0 / write 1 / raw keys: logits max |diff| 0.00e+00, attention outputs 0.00e+00 (relative 0.0e+00) over 3 layers, all <= 1e-5: ok
  CHECK C2 single k=1 (arm B), sequential, beta 0 / write 1 / raw keys: logits max |diff| 1.34e-07, attention outputs 8.58e-06 (relative 5.8e-07) over 3 layers, all <= 1e-5: ok
  CHECK C2 single k=1 (arm B), impl hebb (beta 1 set, path disabled): logits bit-identical to the current model: ok
  CHECK C2 LOCAL3 S=8 k=16 conv, parallel, beta 0 / write 1 / raw keys: logits max |diff| 1.19e-07, attention outputs 5.96e-07 (relative 3.8e-07) over 3 layers, all <= 1e-5: ok
  CHECK C2 LOCAL3 S=8 k=16 conv, sequential, beta 0 / write 1 / raw keys: logits max |diff| 1.79e-07, attention outputs 4.77e-07 (relative 3.9e-07) over 3 layers, all <= 1e-5: ok
  CHECK C2 LOCAL3 S=8 k=16 conv, impl hebb (beta 1 set, path disabled): logits bit-identical to the current model: ok
  CHECK C3 oracle gate, grouped, decay fixed, parallel: U^c = 0 outside stream c and the read gate 0 on other channels in all 3 layers (True); stream-s logits bit-identical with the other stream's VAL tokens replaced (True) and changed by its own (True): ok
  CHECK C3 oracle gate, grouped, decay fixed, sequential: U^c = 0 outside stream c and the read gate 0 on other channels in all 3 layers (True); stream-s logits bit-identical with the other stream's VAL tokens replaced (True) and changed by its own (True): ok
  CHECK C3 oracle gate, grouped, decay routed, parallel: U^c = 0 outside stream c and the read gate 0 on other channels in all 3 layers (True); stream-s logits bit-identical with the other stream's VAL tokens replaced (True) and changed by its own (True): ok
  CHECK C3 oracle gate, grouped, decay routed, sequential: U^c = 0 outside stream c and the read gate 0 on other channels in all 3 layers (True); stream-s logits bit-identical with the other stream's VAL tokens replaced (True) and changed by its own (True): ok
  CHECK C3 oracle gate, header, decay fixed, parallel: U^c = 0 outside stream c and the read gate 0 on other channels in all 3 layers (True); stream-s logits bit-identical with the other stream's VAL tokens replaced (True) and changed by its own (True): ok
  CHECK C3 oracle gate, header, decay fixed, sequential: U^c = 0 outside stream c and the read gate 0 on other channels in all 3 layers (True); stream-s logits bit-identical with the other stream's VAL tokens replaced (True) and changed by its own (True): ok
  CHECK C3 oracle gate, header, decay routed, parallel: U^c = 0 outside stream c and the read gate 0 on other channels in all 3 layers (True); stream-s logits bit-identical with the other stream's VAL tokens replaced (True) and changed by its own (True): ok
  CHECK C3 oracle gate, header, decay routed, sequential: U^c = 0 outside stream c and the read gate 0 on other channels in all 3 layers (True); stream-s logits bit-identical with the other stream's VAL tokens replaced (True) and changed by its own (True): ok
  CHECK C4 overwrite (beta 1, L2 keys, one channel, decay 0.95, float32): ‖S k̂ − v2‖ = 1.56e-06 after (k, v1), (k, v2); 1.09e-06 with 6 other writes between; the parallel read at a later key-k position equals 0.95·v2 to 1.59e-06 / 1.46e-06; all < 1e-5: ok
  CHECK C5 learned beta = 0.5 exactly at init (True); to_delta keeps every existing parameter (True) and adds ['attn.w_b', 'attn.b_b']: ok
  CHECK C5 routed decay at init: alpha at g = 1 0.9500000 (0.95 to 1e-6), at g = 0 1.0 (exactly 1), at g = 0.3 / 0.7 0.98473 / 0.96473; delta0 -2.6037: ok
  CHECK C5 GDN decay init (seed 350, k = 2): A [2.198, 13.653], dt [0.06425, 0.00468] (softplus(b_dt) recovers dt), alpha at init [0.8683, 0.9381]; w_a = 0; same seed same draw, another seed another: ok
  CHECK C6 recorded run LOCAL3_SLOW|160 (batch 16, S43) through 2400 with to_delta(impl='hebb'): curve [[1200, 0.482421875, 2.1559665203094482], [2400, 1.0, 0.4127413034439087]] vs [[1200, 0.482421875, 2.1559665203094482], [2400, 1.0, 0.4127413034439087]]; statistics at [0, 1200, 2400] equal (True); decoder at 1200/2400 equal (True); bit for bit on Intel(R) Xeon(R) Processor @ 2.10GHz (59 s): ok
  ALL CHECKS PASSED (26 ok, 0 n/a, 0 failed)
  (explore_f_delta_checks: 69 s, all passed)
/home/user/clankers/explore_f_delta_fast.py:175: UserWarning: Converting a tensor with requires_grad=True to a scalar may lead to unexpected behavior.
Consider using tensor.detach() first. (Triggered internally at /__w/pytorch/pytorch/torch/csrc/autograd/generated/python_variable_methods.cpp:820.)
  rel = float((of - op).abs().max() / op.abs().max())
  CHECK F/window_delta: explore_f_delta_fast: fast = parallel in float64 (beta 1 / 0.5 / per token, write tied / 1, k = 5): forward 0.0e+00 <= 1e-12, gradients 8.9e-16 <= 1e-10: ok
  CHECK F/window_delta: explore_f_delta_fast: fast = parallel in float32 at B 32, T 99, k 16: forward relative 0.0e+00 <= 1e-5, gradients relative 4.9e-07 <= 1e-4: ok
  CHECK F/window_delta: explore_f_delta_fast, grouped LOCAL3: model (DeltaLocalGateBDH, k 2): impl fast vs parallel, logits max |diff| 0.0e+00 <= 1e-5, parameter gradients relative 5.9e-05 <= 1e-4 over 10 tensors; fast memory class FastDeltaMemory: ok
  CHECK F/window_delta: explore_f_delta_fast, grouped LOCAL3: batch chunking (296 sequences, chunks of 256) vs batches of 40: max |diff| 0.0e+00 <= 1e-5: ok
  CHECK F/window_delta: RandHeaderTask: every (stream, key) appears exactly once in the body: ok
  CHECK F/window_delta: RandHeaderTask: S distinct values per key: ok
  CHECK F/window_delta: RandHeaderTask: each query is answered by its own stream's value; make_batch returns the query streams: ok
  CHECK F/window_delta: RandHeaderTask: exactly one CTX per block, at its start; 4 blocks per sequence: ok
  CHECK F/window_delta: RandHeaderTask: each stream has 2 blocks whose lengths are a composition of P = 8 with parts in 2..6: ok
  CHECK F/window_delta: RandHeaderTask: block-length frequencies {2: 0.201, 3: 0.198, 4: 0.202, 5: 0.198, 6: 0.201} each within 0.03 of 0.20: ok
  CHECK F/window_delta: RandHeaderTask: the stream order of the blocks varies (6 distinct orders over 4096 sequences): ok
  CHECK F/window_delta: RandHeaderTask: stream_labels = the latest CTX token's stream at every position: ok
  CHECK F/window_delta: RandHeaderTask: L = 39 = S(NB + 2P) + 3 n_q, qpos = [37]; select reads the query's KEY position and targets its value: ok
  CHECK F/window_delta: A_DELTA = S43's LOCAL3_SLOW model + to_delta(learned beta): shares every parameter (True), adds ['attn.w_b', 'attn.b_b']; W_h frozen (True); memory FastDeltaMemory beta learned, L2 keys True, decay 0.95: ok
  CHECK F/window_delta: D_HEBB / D_DELTA: LOCAL3 on RandHeaderTask's vocabulary (26; embed (26, 32), lm_head (32, 26)), share every initial parameter (True); gate group names present: ok
  CHECK F/window_delta: the window gate on RandHeaderTask ignores token t-3 (True) and sees t-2 (True): ok
  CHECK F/window_delta: A_DELTA: two groups cover every trainable parameter once (True); gate group = W_in, W_g, window (True); the memory's parameters ['attn.w_b', 'attn.b_b'] in the rest group (True); lrs at 1 [0.001, 0.0001], 2400 [0.001, 0.0001], 2401 [0.001, 0.001]: ok
  CHECK F/window_delta: D_DELTA: two groups cover every trainable parameter once (True); gate group = W_in, W_g, window (True); the memory's parameters ['attn.w_b', 'attn.b_b'] in the rest group (True); lrs at 1 [0.001, 0.0001], 2400 [0.001, 0.0001], 2401 [0.001, 0.001]: ok
  CHECK F/window_delta: D_HEBB: two groups cover every trainable parameter once (True); gate group = W_in, W_g, window (True); the memory's parameters [] in the rest group (True); lrs at 1 [0.001, 0.0001], 2400 [0.001, 0.0001], 2401 [0.001, 0.001]: ok
  CHECK F/window_delta: the perfect gate on RandHeaderTask: margin 1.0000, eta2 by stream at KEY / VAL 1.0000 / 1.0000: ok
=== segment Thu Oct  8 08:38:26 UTC 2026
==============================================================================================================
EXPLORATORY, NOT A RESULT — Session F s54 (F/window_delta, F/window_delta_scale)
  cpu Intel(R) Xeon(R) Processor @ 2.10GHz | torch 2.14.0+cu130 | git 3de49ae+dirty | python 3.11.17 | torch threads 1 | started 2026-10-08 08:38:34
==============================================================================================================
  code SHA F/window_delta: 30feac285d87 over 25 modules (bdh, bdh_recurrent, explore_b16_gates, explore_common, explore_common2, explore_delta_mem, explore_f_delta_fast, explore_f_tasks, explore_f_window_delta_child, explore_local_gate, explore_window_recipe_child, test_binding_capacity, test_binding_onset, test_binding_recipe, test_channel_binding, test_instrument_v2, test_interference, test_multilayer_binding, test_readout_path, test_router_confirm, test_router_curriculum, test_router_discovery, test_router_layout, test_router_reliability, test_short_conv)
  code SHA F/window_delta_scale: c8612c854acc over 44 modules (bdh, bdh_recurrent, explore_aux_gate, explore_b16_gates, explore_b16_main, explore_common, explore_common2, explore_delta_mem, explore_f_delta_fast, explore_f_window_delta_scale_child, explore_main9c, explore_muon_k16_child, explore_muon_recipe, explore_muon_scale_child, explore_slow_hinge, explore_slow_mem, explore_slow_pos, explore_split_child, explore_split_target_child, explore_stream_knobs_child, explore_window_d8_child, test_binding_capacity@main, test_binding_onset, test_binding_recipe, test_channel_binding, test_conv_lr, test_curriculum_confirm@main, test_instrument_v2, test_interference, test_load_curriculum, test_multilayer_binding, test_p_scaling, test_readout_path, test_router_confirm, test_router_curriculum, test_router_discovery, test_router_layout, test_router_reliability, test_scale_axes@main, test_short_conv@main, test_slow_start@main, test_stream_channels@main, test_stream_curriculum@main, test_stream_recipe@main)
  CHECK C1 parallel = sequential over 24 cases (beta 0 / 0.5 / 1 / per token, write tied / 1, decay fixed / routed / per-channel): forward max |diff| 4.44e-16 <= 1e-10, gradients 2.22e-15 <= 1e-8: ok
  CHECK C2 LOCAL3 S=2 k=2, parallel, beta 0 / write 1 / raw keys: logits max |diff| 1.34e-07, attention outputs 2.38e-06 (relative 2.4e-07) over 3 layers, all <= 1e-5: ok
  CHECK C2 LOCAL3 S=2 k=2, sequential, beta 0 / write 1 / raw keys: logits max |diff| 1.49e-07, attention outputs 3.81e-06 (relative 4.5e-07) over 3 layers, all <= 1e-5: ok
  CHECK C2 LOCAL3 S=2 k=2, impl hebb (beta 1 set, path disabled): logits bit-identical to the current model: ok
  CHECK C2 perfect S=2 k=2, parallel, beta 0 / write 1 / raw keys: logits max |diff| 0.00e+00, attention outputs 0.00e+00 (relative 0.0e+00) over 3 layers, all <= 1e-5: ok
  CHECK C2 perfect S=2 k=2, sequential, beta 0 / write 1 / raw keys: logits max |diff| 1.27e-07, attention outputs 6.68e-06 (relative 4.5e-07) over 3 layers, all <= 1e-5: ok
  CHECK C2 perfect S=2 k=2, impl hebb (beta 1 set, path disabled): logits bit-identical to the current model: ok
  CHECK C2 single k=1 (arm B), parallel, beta 0 / write 1 / raw keys: logits max |diff| 0.00e+00, attention outputs 0.00e+00 (relative 0.0e+00) over 3 layers, all <= 1e-5: ok
  CHECK C2 single k=1 (arm B), sequential, beta 0 / write 1 / raw keys: logits max |diff| 1.34e-07, attention outputs 8.58e-06 (relative 5.8e-07) over 3 layers, all <= 1e-5: ok
  CHECK C2 single k=1 (arm B), impl hebb (beta 1 set, path disabled): logits bit-identical to the current model: ok
  CHECK C2 LOCAL3 S=8 k=16 conv, parallel, beta 0 / write 1 / raw keys: logits max |diff| 1.19e-07, attention outputs 5.96e-07 (relative 3.8e-07) over 3 layers, all <= 1e-5: ok
  CHECK C2 LOCAL3 S=8 k=16 conv, sequential, beta 0 / write 1 / raw keys: logits max |diff| 1.79e-07, attention outputs 4.77e-07 (relative 3.9e-07) over 3 layers, all <= 1e-5: ok
  CHECK C2 LOCAL3 S=8 k=16 conv, impl hebb (beta 1 set, path disabled): logits bit-identical to the current model: ok
  CHECK C3 oracle gate, grouped, decay fixed, parallel: U^c = 0 outside stream c and the read gate 0 on other channels in all 3 layers (True); stream-s logits bit-identical with the other stream's VAL tokens replaced (True) and changed by its own (True): ok
  CHECK C3 oracle gate, grouped, decay fixed, sequential: U^c = 0 outside stream c and the read gate 0 on other channels in all 3 layers (True); stream-s logits bit-identical with the other stream's VAL tokens replaced (True) and changed by its own (True): ok
  CHECK C3 oracle gate, grouped, decay routed, parallel: U^c = 0 outside stream c and the read gate 0 on other channels in all 3 layers (True); stream-s logits bit-identical with the other stream's VAL tokens replaced (True) and changed by its own (True): ok
  CHECK C3 oracle gate, grouped, decay routed, sequential: U^c = 0 outside stream c and the read gate 0 on other channels in all 3 layers (True); stream-s logits bit-identical with the other stream's VAL tokens replaced (True) and changed by its own (True): ok
  CHECK C3 oracle gate, header, decay fixed, parallel: U^c = 0 outside stream c and the read gate 0 on other channels in all 3 layers (True); stream-s logits bit-identical with the other stream's VAL tokens replaced (True) and changed by its own (True): ok
  CHECK C3 oracle gate, header, decay fixed, sequential: U^c = 0 outside stream c and the read gate 0 on other channels in all 3 layers (True); stream-s logits bit-identical with the other stream's VAL tokens replaced (True) and changed by its own (True): ok
  CHECK C3 oracle gate, header, decay routed, parallel: U^c = 0 outside stream c and the read gate 0 on other channels in all 3 layers (True); stream-s logits bit-identical with the other stream's VAL tokens replaced (True) and changed by its own (True): ok
  CHECK C3 oracle gate, header, decay routed, sequential: U^c = 0 outside stream c and the read gate 0 on other channels in all 3 layers (True); stream-s logits bit-identical with the other stream's VAL tokens replaced (True) and changed by its own (True): ok
  CHECK C4 overwrite (beta 1, L2 keys, one channel, decay 0.95, float32): ‖S k̂ − v2‖ = 1.56e-06 after (k, v1), (k, v2); 1.09e-06 with 6 other writes between; the parallel read at a later key-k position equals 0.95·v2 to 1.59e-06 / 1.46e-06; all < 1e-5: ok
  CHECK C5 learned beta = 0.5 exactly at init (True); to_delta keeps every existing parameter (True) and adds ['attn.w_b', 'attn.b_b']: ok
  CHECK C5 routed decay at init: alpha at g = 1 0.9500000 (0.95 to 1e-6), at g = 0 1.0 (exactly 1), at g = 0.3 / 0.7 0.98473 / 0.96473; delta0 -2.6037: ok
  CHECK C5 GDN decay init (seed 350, k = 2): A [2.198, 13.653], dt [0.06425, 0.00468] (softplus(b_dt) recovers dt), alpha at init [0.8683, 0.9381]; w_a = 0; same seed same draw, another seed another: ok
  CHECK C6 recorded run LOCAL3_SLOW|160 (batch 16, S43) through 2400 with to_delta(impl='hebb'): curve [[1200, 0.482421875, 2.1559665203094482], [2400, 1.0, 0.4127413034439087]] vs [[1200, 0.482421875, 2.1559665203094482], [2400, 1.0, 0.4127413034439087]]; statistics at [0, 1200, 2400] equal (True); decoder at 1200/2400 equal (True); bit for bit on Intel(R) Xeon(R) Processor @ 2.10GHz (49 s): ok
  ALL CHECKS PASSED (26 ok, 0 n/a, 0 failed)
  (explore_f_delta_checks: 55 s, all passed)
/home/user/clankers/explore_f_delta_fast.py:175: UserWarning: Converting a tensor with requires_grad=True to a scalar may lead to unexpected behavior.
Consider using tensor.detach() first. (Triggered internally at /__w/pytorch/pytorch/torch/csrc/autograd/generated/python_variable_methods.cpp:820.)
  rel = float((of - op).abs().max() / op.abs().max())
  CHECK F/window_delta: explore_f_delta_fast: fast = parallel in float64 (beta 1 / 0.5 / per token, write tied / 1, k = 5): forward 0.0e+00 <= 1e-12, gradients 8.9e-16 <= 1e-10: ok
  CHECK F/window_delta: explore_f_delta_fast: fast = parallel in float32 at B 32, T 99, k 16: forward relative 0.0e+00 <= 1e-5, gradients relative 4.9e-07 <= 1e-4: ok
  CHECK F/window_delta: explore_f_delta_fast, grouped LOCAL3: model (DeltaLocalGateBDH, k 2): impl fast vs parallel, logits max |diff| 0.0e+00 <= 1e-5, parameter gradients relative 5.9e-05 <= 1e-4 over 10 tensors; fast memory class FastDeltaMemory: ok
  CHECK F/window_delta: explore_f_delta_fast, grouped LOCAL3: batch chunking (296 sequences, chunks of 256) vs batches of 40: max |diff| 0.0e+00 <= 1e-5: ok
  CHECK F/window_delta: RandHeaderTask: every (stream, key) appears exactly once in the body: ok
  CHECK F/window_delta: RandHeaderTask: S distinct values per key: ok
  CHECK F/window_delta: RandHeaderTask: each query is answered by its own stream's value; make_batch returns the query streams: ok
  CHECK F/window_delta: RandHeaderTask: exactly one CTX per block, at its start; 4 blocks per sequence: ok
  CHECK F/window_delta: RandHeaderTask: each stream has 2 blocks whose lengths are a composition of P = 8 with parts in 2..6: ok
  CHECK F/window_delta: RandHeaderTask: block-length frequencies {2: 0.201, 3: 0.198, 4: 0.202, 5: 0.198, 6: 0.201} each within 0.03 of 0.20: ok
  CHECK F/window_delta: RandHeaderTask: the stream order of the blocks varies (6 distinct orders over 4096 sequences): ok
  CHECK F/window_delta: RandHeaderTask: stream_labels = the latest CTX token's stream at every position: ok
  CHECK F/window_delta: RandHeaderTask: L = 39 = S(NB + 2P) + 3 n_q, qpos = [37]; select reads the query's KEY position and targets its value: ok
  CHECK F/window_delta: A_DELTA = S43's LOCAL3_SLOW model + to_delta(learned beta): shares every parameter (True), adds ['attn.w_b', 'attn.b_b']; W_h frozen (True); memory FastDeltaMemory beta learned, L2 keys True, decay 0.95: ok
  CHECK F/window_delta: D_HEBB / D_DELTA: LOCAL3 on RandHeaderTask's vocabulary (26; embed (26, 32), lm_head (32, 26)), share every initial parameter (True); gate group names present: ok
  CHECK F/window_delta: the window gate on RandHeaderTask ignores token t-3 (True) and sees t-2 (True): ok
  CHECK F/window_delta: A_DELTA: two groups cover every trainable parameter once (True); gate group = W_in, W_g, window (True); the memory's parameters ['attn.w_b', 'attn.b_b'] in the rest group (True); lrs at 1 [0.001, 0.0001], 2400 [0.001, 0.0001], 2401 [0.001, 0.001]: ok
  CHECK F/window_delta: D_DELTA: two groups cover every trainable parameter once (True); gate group = W_in, W_g, window (True); the memory's parameters ['attn.w_b', 'attn.b_b'] in the rest group (True); lrs at 1 [0.001, 0.0001], 2400 [0.001, 0.0001], 2401 [0.001, 0.001]: ok
  CHECK F/window_delta: D_HEBB: two groups cover every trainable parameter once (True); gate group = W_in, W_g, window (True); the memory's parameters [] in the rest group (True); lrs at 1 [0.001, 0.0001], 2400 [0.001, 0.0001], 2401 [0.001, 0.001]: ok
  CHECK F/window_delta: the perfect gate on RandHeaderTask: margin 1.0000, eta2 by stream at KEY / VAL 1.0000 / 1.0000: ok
/home/user/clankers/explore_f_delta_fast.py:175: UserWarning: Converting a tensor with requires_grad=True to a scalar may lead to unexpected behavior.
Consider using tensor.detach() first. (Triggered internally at /__w/pytorch/pytorch/torch/csrc/autograd/generated/python_variable_methods.cpp:820.)
  rel = float((of - op).abs().max() / op.abs().max())
  CHECK F/window_delta_scale: b: C_HEBB (memory impl fast) on seed 260 reproduces W_SPLIT|260|375b30d487df|Intel(R) Xeon(R) Processor @ 2.10GHz through 2400 bit for bit (curve [[1200, 0.060546875, 2.809293270111084], [2400, 0.1005859375, 2.770794153213501]] vs [[1200, 0.060546875, 2.809293270111084], [2400, 0.1005859375, 2.770794153213501]]; statistics equal True; decoder at 1200/2400 equal True; 215 s): ok
  CHECK F/window_delta_scale: b: C_DELTA (memory impl hebb) on seed 260 reproduces W_SPLIT|260|375b30d487df|Intel(R) Xeon(R) Processor @ 2.10GHz through 2400 bit for bit (curve [[1200, 0.060546875, 2.809293270111084], [2400, 0.1005859375, 2.770794153213501]] vs [[1200, 0.060546875, 2.809293270111084], [2400, 0.1005859375, 2.770794153213501]]; statistics equal True; decoder at 1200/2400 equal True; 216 s): ok
  CHECK F/window_delta_scale: k16: B_HEBB (memory impl fast) on seed 242 reproduces LOCAL3_SLOW16_A|242|01767493e840|Intel(R) Xeon(R) Processor @ 2.10GHz through 2400 bit for bit (curve [[1200, 0.20068359375, 2.687786102294922], [2400, 0.30810546875, 2.3297181129455566]] vs [[1200, 0.20068359375, 2.687786102294922], [2400, 0.30810546875, 2.3297181129455566]]; statistics equal True; decoder at 1200/2400 equal True; 101 s): ok
  CHECK F/window_delta_scale: k16: B_DELTA (memory impl hebb) on seed 242 reproduces LOCAL3_SLOW16_A|242|01767493e840|Intel(R) Xeon(R) Processor @ 2.10GHz through 2400 bit for bit (curve [[1200, 0.20068359375, 2.687786102294922], [2400, 0.30810546875, 2.3297181129455566]] vs [[1200, 0.20068359375, 2.687786102294922], [2400, 0.30810546875, 2.3297181129455566]]; statistics equal True; decoder at 1200/2400 equal True; 105 s): ok
  CHECK F/window_delta_scale: explore_f_delta_fast: fast = parallel in float64 (beta 1 / 0.5 / per token, write tied / 1, k = 5): forward 0.0e+00 <= 1e-12, gradients 8.9e-16 <= 1e-10: ok
  CHECK F/window_delta_scale: explore_f_delta_fast: fast = parallel in float32 at B 32, T 99, k 16: forward relative 0.0e+00 <= 1e-5, gradients relative 4.9e-07 <= 1e-4: ok
  CHECK F/window_delta_scale: explore_f_delta_fast, S=8 k=16 LOCAL3 + conv: model (DeltaLocalBDH, k 16): impl fast vs parallel, logits max |diff| 0.0e+00 <= 1e-5, parameter gradients relative 1.3e-05 <= 1e-4 over 11 tensors; fast memory class FastDeltaMemory: ok
  CHECK F/window_delta_scale: explore_f_delta_fast, S=8 k=16 LOCAL3 + conv: batch chunking (296 sequences, chunks of 256) vs batches of 40: max |diff| 0.0e+00 <= 1e-5: ok
  CHECK F/window_delta_scale: k16: DELTA model DeltaLocalBDH, memory FastDeltaMemory; groups gate ['W_in', 'W_g', 'gate_conv.conv_w'], rest includes ['attn.w_b', 'attn.b_b']; every trainable parameter once: ok
  CHECK F/window_delta_scale: b: DELTA model DeltaLocalBDH, memory FastDeltaMemory; groups gate ['W_in', 'W_g', 'gate_conv.conv_w'], rest includes ['attn.w_b', 'attn.b_b']; every trainable parameter once: ok
  CHECK F/window_delta_scale: k16: the perfect gate (k 16) on the delta memory: read gate equal to the Hebbian model's and one-hot (True, True): ok
  CHECK F/window_delta_scale: b: the perfect gate (k 16) on the delta memory: read gate equal to the Hebbian model's and one-hot (True, True): ok
  timings measured (147 s): F/window_delta:A_DELTA 28.6 ms/step, F/window_delta:A_ORACLE_DELTA 23.8 ms/step, F/window_delta:A_ORACLE_HEBB 14.3 ms/step, F/window_delta:D_DELTA 35.0 ms/step, F/window_delta:D_HEBB 29.1 ms/step, F/window_delta:D_ORACLE_DELTA 37.9 ms/step, F/window_delta:D_ORACLE_HEBB 22.2 ms/step, F/window_delta_scale:B_DELTA 92.7 ms/step, F/window_delta_scale:B_HEBB 33.8 ms/step, F/window_delta_scale:C_DELTA 221.0 ms/step, F/window_delta_scale:C_HEBB 75.0 ms/step, F/window_delta_scale:B_ORACLE_DELTA 93.4 ms/step, F/window_delta_scale:B_ORACLE_HEBB 33.9 ms/step, F/window_delta_scale:C_ORACLE_DELTA 214.0 ms/step, F/window_delta_scale:C_ORACLE_HEBB 66.2 ms/step
  156 runs queued; projected worst case 89.36 h of runs, makespan 22.36 h on 4 workers; segment budget 110 min
  start    0.0 min  F/window_delta_scale C_HEBB                   seed 310  (projected worst case 58 min)
  start    0.0 min  F/window_delta_scale C_HEBB                   seed 311  (projected worst case 58 min)
  start    0.0 min  F/window_delta_scale C_HEBB                   seed 312  (projected worst case 58 min)
  start    0.0 min  F/window_delta_scale C_HEBB                   seed 313  (projected worst case 58 min)
=== queue: S54 (re)start Thu Oct  8 08:53:55 UTC 2026
==============================================================================================================
EXPLORATORY, NOT A RESULT — Session F s54 (F/window_delta, F/window_delta_scale)
  cpu Intel(R) Xeon(R) Processor @ 2.10GHz | torch 2.14.0+cu130 | git cbc932b+dirty | python 3.11.17 | torch threads 1 | started 2026-10-08 08:53:56
==============================================================================================================
  code SHA F/window_delta: 30feac285d87 over 25 modules (bdh, bdh_recurrent, explore_b16_gates, explore_common, explore_common2, explore_delta_mem, explore_f_delta_fast, explore_f_tasks, explore_f_window_delta_child, explore_local_gate, explore_window_recipe_child, test_binding_capacity, test_binding_onset, test_binding_recipe, test_channel_binding, test_instrument_v2, test_interference, test_multilayer_binding, test_readout_path, test_router_confirm, test_router_curriculum, test_router_discovery, test_router_layout, test_router_reliability, test_short_conv)
  code SHA F/window_delta_scale: c8612c854acc over 44 modules (bdh, bdh_recurrent, explore_aux_gate, explore_b16_gates, explore_b16_main, explore_common, explore_common2, explore_delta_mem, explore_f_delta_fast, explore_f_window_delta_scale_child, explore_main9c, explore_muon_k16_child, explore_muon_recipe, explore_muon_scale_child, explore_slow_hinge, explore_slow_mem, explore_slow_pos, explore_split_child, explore_split_target_child, explore_stream_knobs_child, explore_window_d8_child, test_binding_capacity@main, test_binding_onset, test_binding_recipe, test_channel_binding, test_conv_lr, test_curriculum_confirm@main, test_instrument_v2, test_interference, test_load_curriculum, test_multilayer_binding, test_p_scaling, test_readout_path, test_router_confirm, test_router_curriculum, test_router_discovery, test_router_layout, test_router_reliability, test_scale_axes@main, test_short_conv@main, test_slow_start@main, test_stream_channels@main, test_stream_curriculum@main, test_stream_recipe@main)
  CHECK C1 parallel = sequential over 24 cases (beta 0 / 0.5 / 1 / per token, write tied / 1, decay fixed / routed / per-channel): forward max |diff| 4.44e-16 <= 1e-10, gradients 2.22e-15 <= 1e-8: ok
  CHECK C2 LOCAL3 S=2 k=2, parallel, beta 0 / write 1 / raw keys: logits max |diff| 1.34e-07, attention outputs 2.38e-06 (relative 2.4e-07) over 3 layers, all <= 1e-5: ok
  CHECK C2 LOCAL3 S=2 k=2, sequential, beta 0 / write 1 / raw keys: logits max |diff| 1.49e-07, attention outputs 3.81e-06 (relative 4.5e-07) over 3 layers, all <= 1e-5: ok
  CHECK C2 LOCAL3 S=2 k=2, impl hebb (beta 1 set, path disabled): logits bit-identical to the current model: ok
  CHECK C2 perfect S=2 k=2, parallel, beta 0 / write 1 / raw keys: logits max |diff| 0.00e+00, attention outputs 0.00e+00 (relative 0.0e+00) over 3 layers, all <= 1e-5: ok
  CHECK C2 perfect S=2 k=2, sequential, beta 0 / write 1 / raw keys: logits max |diff| 1.27e-07, attention outputs 6.68e-06 (relative 4.5e-07) over 3 layers, all <= 1e-5: ok
  CHECK C2 perfect S=2 k=2, impl hebb (beta 1 set, path disabled): logits bit-identical to the current model: ok
  CHECK C2 single k=1 (arm B), parallel, beta 0 / write 1 / raw keys: logits max |diff| 0.00e+00, attention outputs 0.00e+00 (relative 0.0e+00) over 3 layers, all <= 1e-5: ok
  CHECK C2 single k=1 (arm B), sequential, beta 0 / write 1 / raw keys: logits max |diff| 1.34e-07, attention outputs 8.58e-06 (relative 5.8e-07) over 3 layers, all <= 1e-5: ok
  CHECK C2 single k=1 (arm B), impl hebb (beta 1 set, path disabled): logits bit-identical to the current model: ok
  CHECK C2 LOCAL3 S=8 k=16 conv, parallel, beta 0 / write 1 / raw keys: logits max |diff| 1.19e-07, attention outputs 5.96e-07 (relative 3.8e-07) over 3 layers, all <= 1e-5: ok
  CHECK C2 LOCAL3 S=8 k=16 conv, sequential, beta 0 / write 1 / raw keys: logits max |diff| 1.79e-07, attention outputs 4.77e-07 (relative 3.9e-07) over 3 layers, all <= 1e-5: ok
  CHECK C2 LOCAL3 S=8 k=16 conv, impl hebb (beta 1 set, path disabled): logits bit-identical to the current model: ok
  CHECK C3 oracle gate, grouped, decay fixed, parallel: U^c = 0 outside stream c and the read gate 0 on other channels in all 3 layers (True); stream-s logits bit-identical with the other stream's VAL tokens replaced (True) and changed by its own (True): ok
  CHECK C3 oracle gate, grouped, decay fixed, sequential: U^c = 0 outside stream c and the read gate 0 on other channels in all 3 layers (True); stream-s logits bit-identical with the other stream's VAL tokens replaced (True) and changed by its own (True): ok
  CHECK C3 oracle gate, grouped, decay routed, parallel: U^c = 0 outside stream c and the read gate 0 on other channels in all 3 layers (True); stream-s logits bit-identical with the other stream's VAL tokens replaced (True) and changed by its own (True): ok
  CHECK C3 oracle gate, grouped, decay routed, sequential: U^c = 0 outside stream c and the read gate 0 on other channels in all 3 layers (True); stream-s logits bit-identical with the other stream's VAL tokens replaced (True) and changed by its own (True): ok
  CHECK C3 oracle gate, header, decay fixed, parallel: U^c = 0 outside stream c and the read gate 0 on other channels in all 3 layers (True); stream-s logits bit-identical with the other stream's VAL tokens replaced (True) and changed by its own (True): ok
  CHECK C3 oracle gate, header, decay fixed, sequential: U^c = 0 outside stream c and the read gate 0 on other channels in all 3 layers (True); stream-s logits bit-identical with the other stream's VAL tokens replaced (True) and changed by its own (True): ok
  CHECK C3 oracle gate, header, decay routed, parallel: U^c = 0 outside stream c and the read gate 0 on other channels in all 3 layers (True); stream-s logits bit-identical with the other stream's VAL tokens replaced (True) and changed by its own (True): ok
  CHECK C3 oracle gate, header, decay routed, sequential: U^c = 0 outside stream c and the read gate 0 on other channels in all 3 layers (True); stream-s logits bit-identical with the other stream's VAL tokens replaced (True) and changed by its own (True): ok
  CHECK C4 overwrite (beta 1, L2 keys, one channel, decay 0.95, float32): ‖S k̂ − v2‖ = 1.56e-06 after (k, v1), (k, v2); 1.09e-06 with 6 other writes between; the parallel read at a later key-k position equals 0.95·v2 to 1.59e-06 / 1.46e-06; all < 1e-5: ok
  CHECK C5 learned beta = 0.5 exactly at init (True); to_delta keeps every existing parameter (True) and adds ['attn.w_b', 'attn.b_b']: ok
  CHECK C5 routed decay at init: alpha at g = 1 0.9500000 (0.95 to 1e-6), at g = 0 1.0 (exactly 1), at g = 0.3 / 0.7 0.98473 / 0.96473; delta0 -2.6037: ok
  CHECK C5 GDN decay init (seed 350, k = 2): A [2.198, 13.653], dt [0.06425, 0.00468] (softplus(b_dt) recovers dt), alpha at init [0.8683, 0.9381]; w_a = 0; same seed same draw, another seed another: ok
  CHECK C6 recorded run LOCAL3_SLOW|160 (batch 16, S43) through 2400 with to_delta(impl='hebb'): curve [[1200, 0.482421875, 2.1559665203094482], [2400, 1.0, 0.4127413034439087]] vs [[1200, 0.482421875, 2.1559665203094482], [2400, 1.0, 0.4127413034439087]]; statistics at [0, 1200, 2400] equal (True); decoder at 1200/2400 equal (True); bit for bit on Intel(R) Xeon(R) Processor @ 2.10GHz (41 s): ok
  ALL CHECKS PASSED (26 ok, 0 n/a, 0 failed)
  (explore_f_delta_checks: 47 s, all passed)
/home/user/clankers/explore_f_delta_fast.py:175: UserWarning: Converting a tensor with requires_grad=True to a scalar may lead to unexpected behavior.
Consider using tensor.detach() first. (Triggered internally at /__w/pytorch/pytorch/torch/csrc/autograd/generated/python_variable_methods.cpp:820.)
  rel = float((of - op).abs().max() / op.abs().max())
  CHECK F/window_delta: explore_f_delta_fast: fast = parallel in float64 (beta 1 / 0.5 / per token, write tied / 1, k = 5): forward 0.0e+00 <= 1e-12, gradients 8.9e-16 <= 1e-10: ok
  CHECK F/window_delta: explore_f_delta_fast: fast = parallel in float32 at B 32, T 99, k 16: forward relative 0.0e+00 <= 1e-5, gradients relative 4.9e-07 <= 1e-4: ok
  CHECK F/window_delta: explore_f_delta_fast, grouped LOCAL3: model (DeltaLocalGateBDH, k 2): impl fast vs parallel, logits max |diff| 0.0e+00 <= 1e-5, parameter gradients relative 5.9e-05 <= 1e-4 over 10 tensors; fast memory class FastDeltaMemory: ok
  CHECK F/window_delta: explore_f_delta_fast, grouped LOCAL3: batch chunking (296 sequences, chunks of 256) vs batches of 40: max |diff| 0.0e+00 <= 1e-5: ok
  CHECK F/window_delta: RandHeaderTask: every (stream, key) appears exactly once in the body: ok
  CHECK F/window_delta: RandHeaderTask: S distinct values per key: ok
  CHECK F/window_delta: RandHeaderTask: each query is answered by its own stream's value; make_batch returns the query streams: ok
  CHECK F/window_delta: RandHeaderTask: exactly one CTX per block, at its start; 4 blocks per sequence: ok
  CHECK F/window_delta: RandHeaderTask: each stream has 2 blocks whose lengths are a composition of P = 8 with parts in 2..6: ok
  CHECK F/window_delta: RandHeaderTask: block-length frequencies {2: 0.201, 3: 0.198, 4: 0.202, 5: 0.198, 6: 0.201} each within 0.03 of 0.20: ok
  CHECK F/window_delta: RandHeaderTask: the stream order of the blocks varies (6 distinct orders over 4096 sequences): ok
  CHECK F/window_delta: RandHeaderTask: stream_labels = the latest CTX token's stream at every position: ok
  CHECK F/window_delta: RandHeaderTask: L = 39 = S(NB + 2P) + 3 n_q, qpos = [37]; select reads the query's KEY position and targets its value: ok
  CHECK F/window_delta: A_DELTA = S43's LOCAL3_SLOW model + to_delta(learned beta): shares every parameter (True), adds ['attn.w_b', 'attn.b_b']; W_h frozen (True); memory FastDeltaMemory beta learned, L2 keys True, decay 0.95: ok
  CHECK F/window_delta: D_HEBB / D_DELTA: LOCAL3 on RandHeaderTask's vocabulary (26; embed (26, 32), lm_head (32, 26)), share every initial parameter (True); gate group names present: ok
  CHECK F/window_delta: the window gate on RandHeaderTask ignores token t-3 (True) and sees t-2 (True): ok
  CHECK F/window_delta: A_DELTA: two groups cover every trainable parameter once (True); gate group = W_in, W_g, window (True); the memory's parameters ['attn.w_b', 'attn.b_b'] in the rest group (True); lrs at 1 [0.001, 0.0001], 2400 [0.001, 0.0001], 2401 [0.001, 0.001]: ok
  CHECK F/window_delta: D_DELTA: two groups cover every trainable parameter once (True); gate group = W_in, W_g, window (True); the memory's parameters ['attn.w_b', 'attn.b_b'] in the rest group (True); lrs at 1 [0.001, 0.0001], 2400 [0.001, 0.0001], 2401 [0.001, 0.001]: ok
  CHECK F/window_delta: D_HEBB: two groups cover every trainable parameter once (True); gate group = W_in, W_g, window (True); the memory's parameters [] in the rest group (True); lrs at 1 [0.001, 0.0001], 2400 [0.001, 0.0001], 2401 [0.001, 0.001]: ok
  CHECK F/window_delta: the perfect gate on RandHeaderTask: margin 1.0000, eta2 by stream at KEY / VAL 1.0000 / 1.0000: ok
/home/user/clankers/explore_f_delta_fast.py:175: UserWarning: Converting a tensor with requires_grad=True to a scalar may lead to unexpected behavior.
Consider using tensor.detach() first. (Triggered internally at /__w/pytorch/pytorch/torch/csrc/autograd/generated/python_variable_methods.cpp:820.)
  rel = float((of - op).abs().max() / op.abs().max())
  CHECK F/window_delta_scale: b: C_HEBB (memory impl fast) on seed 260 reproduces W_SPLIT|260|375b30d487df|Intel(R) Xeon(R) Processor @ 2.10GHz through 2400 bit for bit (curve [[1200, 0.060546875, 2.809293270111084], [2400, 0.1005859375, 2.770794153213501]] vs [[1200, 0.060546875, 2.809293270111084], [2400, 0.1005859375, 2.770794153213501]]; statistics equal True; decoder at 1200/2400 equal True; 196 s): ok
  CHECK F/window_delta_scale: b: C_DELTA (memory impl hebb) on seed 260 reproduces W_SPLIT|260|375b30d487df|Intel(R) Xeon(R) Processor @ 2.10GHz through 2400 bit for bit (curve [[1200, 0.060546875, 2.809293270111084], [2400, 0.1005859375, 2.770794153213501]] vs [[1200, 0.060546875, 2.809293270111084], [2400, 0.1005859375, 2.770794153213501]]; statistics equal True; decoder at 1200/2400 equal True; 192 s): ok
  CHECK F/window_delta_scale: k16: B_HEBB (memory impl fast) on seed 242 reproduces LOCAL3_SLOW16_A|242|01767493e840|Intel(R) Xeon(R) Processor @ 2.10GHz through 2400 bit for bit (curve [[1200, 0.20068359375, 2.687786102294922], [2400, 0.30810546875, 2.3297181129455566]] vs [[1200, 0.20068359375, 2.687786102294922], [2400, 0.30810546875, 2.3297181129455566]]; statistics equal True; decoder at 1200/2400 equal True; 88 s): ok
  CHECK F/window_delta_scale: k16: B_DELTA (memory impl hebb) on seed 242 reproduces LOCAL3_SLOW16_A|242|01767493e840|Intel(R) Xeon(R) Processor @ 2.10GHz through 2400 bit for bit (curve [[1200, 0.20068359375, 2.687786102294922], [2400, 0.30810546875, 2.3297181129455566]] vs [[1200, 0.20068359375, 2.687786102294922], [2400, 0.30810546875, 2.3297181129455566]]; statistics equal True; decoder at 1200/2400 equal True; 90 s): ok
  CHECK F/window_delta_scale: explore_f_delta_fast: fast = parallel in float64 (beta 1 / 0.5 / per token, write tied / 1, k = 5): forward 0.0e+00 <= 1e-12, gradients 8.9e-16 <= 1e-10: ok
  CHECK F/window_delta_scale: explore_f_delta_fast: fast = parallel in float32 at B 32, T 99, k 16: forward relative 0.0e+00 <= 1e-5, gradients relative 4.9e-07 <= 1e-4: ok
  CHECK F/window_delta_scale: explore_f_delta_fast, S=8 k=16 LOCAL3 + conv: model (DeltaLocalBDH, k 16): impl fast vs parallel, logits max |diff| 0.0e+00 <= 1e-5, parameter gradients relative 1.3e-05 <= 1e-4 over 11 tensors; fast memory class FastDeltaMemory: ok
  CHECK F/window_delta_scale: explore_f_delta_fast, S=8 k=16 LOCAL3 + conv: batch chunking (296 sequences, chunks of 256) vs batches of 40: max |diff| 0.0e+00 <= 1e-5: ok
  CHECK F/window_delta_scale: k16: DELTA model DeltaLocalBDH, memory FastDeltaMemory; groups gate ['W_in', 'W_g', 'gate_conv.conv_w'], rest includes ['attn.w_b', 'attn.b_b']; every trainable parameter once: ok
  CHECK F/window_delta_scale: b: DELTA model DeltaLocalBDH, memory FastDeltaMemory; groups gate ['W_in', 'W_g', 'gate_conv.conv_w'], rest includes ['attn.w_b', 'attn.b_b']; every trainable parameter once: ok
  CHECK F/window_delta_scale: k16: the perfect gate (k 16) on the delta memory: read gate equal to the Hebbian model's and one-hot (True, True): ok
  CHECK F/window_delta_scale: b: the perfect gate (k 16) on the delta memory: read gate equal to the Hebbian model's and one-hot (True, True): ok
  timings reused from explore_out/F/s54_runtime.json
  156 runs queued; projected worst case 89.36 h of runs, makespan 22.36 h on 4 workers
  start    0.0 min  F/window_delta_scale C_DELTA                  seed 310  (projected worst case 173 min)
  start    0.0 min  F/window_delta_scale C_DELTA                  seed 311  (projected worst case 173 min)
  start    0.0 min  F/window_delta_scale C_DELTA                  seed 312  (projected worst case 173 min)
  start    0.0 min  F/window_delta_scale C_DELTA                  seed 313  (projected worst case 173 min)
  [  1]  293.9 min  F/window_delta_scale C_DELTA                  seed 312  lr 0.001  (gate W_in/W_g/window 1e-3 throughout; rest (incl. attn.w_b, attn.b_b) 1e-4 for 1-2400, 1e-3 after; KEYMASS trigger <= 3 splits)
          on Intel(R) Xeon(R) Processor @ 2.10GHz, git d7ae05c, code c8612c854acc, attempt 1: acc 0.427  trans  None  STREAM-PARTIAL one-to-one  splits 3  map --
  start  293.9 min  F/window_delta_scale C_DELTA                  seed 314  (projected worst case 173 min)
  [  2]  363.8 min  F/window_delta_scale C_DELTA                  seed 310  lr 0.001  (gate W_in/W_g/window 1e-3 throughout; rest (incl. attn.w_b, attn.b_b) 1e-4 for 1-2400, 1e-3 after; KEYMASS trigger <= 3 splits)
          on Intel(R) Xeon(R) Processor @ 2.10GHz, git 0268500, code c8612c854acc, attempt 1: acc 0.327  trans  None  STREAM-PARTIAL one-to-one  splits 3  map --
  start  363.8 min  F/window_delta_scale C_DELTA                  seed 315  (projected worst case 173 min)
  [  3]  371.6 min  F/window_delta_scale C_DELTA                  seed 313  lr 0.001  (gate W_in/W_g/window 1e-3 throughout; rest (incl. attn.w_b, attn.b_b) 1e-4 for 1-2400, 1e-3 after; KEYMASS trigger <= 3 splits)
          on Intel(R) Xeon(R) Processor @ 2.10GHz, git 0268500+dirty, code c8612c854acc, attempt 1: acc 0.319  trans  None  STREAM-PARTIAL one-to-one  splits 3  map --
  start  371.6 min  F/window_delta_scale C_DELTA                  seed 316  (projected worst case 173 min)
  [  4]  487.1 min  F/window_delta_scale C_DELTA                  seed 311  lr 0.001  (gate W_in/W_g/window 1e-3 throughout; rest (incl. attn.w_b, attn.b_b) 1e-4 for 1-2400, 1e-3 after; KEYMASS trigger <= 3 splits)
          on Intel(R) Xeon(R) Processor @ 2.10GHz, git f241dc2, code c8612c854acc, attempt 1: acc 0.496  trans  None  STREAM-PARTIAL one-to-one  splits 3  map --
  start  487.1 min  F/window_delta_scale C_DELTA                  seed 317  (projected worst case 173 min)
  [  5]  487.3 min  F/window_delta_scale C_DELTA                  seed 316  lr 0.001  (gate W_in/W_g/window 1e-3 throughout; rest (incl. attn.w_b, attn.b_b) 1e-4 for 1-2400, 1e-3 after; KEYMASS trigger <= 3 splits)
          on Intel(R) Xeon(R) Processor @ 2.10GHz, git f241dc2+dirty, code c8612c854acc, attempt 1: acc 1.000  trans 18000  BOUND ROUTED  splits 1  map --
  start  487.3 min  F/window_delta_scale C_DELTA                  seed 318  (projected worst case 173 min)
  [  6]  515.2 min  F/window_delta_scale C_DELTA                  seed 315  lr 0.001  (gate W_in/W_g/window 1e-3 throughout; rest (incl. attn.w_b, attn.b_b) 1e-4 for 1-2400, 1e-3 after; KEYMASS trigger <= 3 splits)
          on Intel(R) Xeon(R) Processor @ 2.10GHz, git 092753c, code c8612c854acc, attempt 1: acc 1.000  trans 20400  BOUND ROUTED  splits 3  map --
  start  515.2 min  F/window_delta_scale C_DELTA                  seed 319  (projected worst case 173 min)
  [  7]  537.7 min  F/window_delta_scale C_DELTA                  seed 314  lr 0.001  (gate W_in/W_g/window 1e-3 throughout; rest (incl. attn.w_b, attn.b_b) 1e-4 for 1-2400, 1e-3 after; KEYMASS trigger <= 3 splits)
          on Intel(R) Xeon(R) Processor @ 2.10GHz, git 130a278, code c8612c854acc, attempt 1: acc 0.320  trans  None  STREAM-PARTIAL one-to-one  splits 3  map --
  start  537.7 min  F/window_delta_scale C_ORACLE_DELTA           seed 310  (projected worst case 164 min)
  [  8]  659.0 min  F/window_delta_scale C_ORACLE_DELTA           seed 310  lr 0.001  (Adam 1e-3 throughout)
          on Intel(R) Xeon(R) Processor @ 2.10GHz, git 21fae31, code c8612c854acc, attempt 1: acc 0.994  trans 28800  BOUND ROUTED  splits 0  map --
  start  659.0 min  F/window_delta_scale C_ORACLE_DELTA           seed 311  (projected worst case 164 min)
  [  9]  754.1 min  F/window_delta_scale C_ORACLE_DELTA           seed 311  lr 0.001  (Adam 1e-3 throughout)
          on Intel(R) Xeon(R) Processor @ 2.10GHz, git 3459b4d, code c8612c854acc, attempt 1: acc 1.000  trans 22800  BOUND ROUTED  splits 0  map --
  start  754.1 min  F/window_delta_scale C_HEBB                   seed 310  (projected worst case 58 min)
  [ 10]  786.5 min  F/window_delta_scale C_HEBB                   seed 310  lr 0.001  (gate W_in/W_g/window 1e-3 throughout; rest (incl. attn.w_b, attn.b_b) 1e-4 for 1-2400, 1e-3 after; KEYMASS trigger <= 3 splits)
          on Intel(R) Xeon(R) Processor @ 2.10GHz, git c7359e5, code c8612c854acc, attempt 1: acc 1.000  trans 24000  BOUND ROUTED  splits 3  map --
  start  786.5 min  F/window_delta_scale C_HEBB                   seed 311  (projected worst case 58 min)
  [ 11]  793.4 min  F/window_delta_scale C_DELTA                  seed 318  lr 0.001  (gate W_in/W_g/window 1e-3 throughout; rest (incl. attn.w_b, attn.b_b) 1e-4 for 1-2400, 1e-3 after; KEYMASS trigger <= 3 splits)
          on Intel(R) Xeon(R) Processor @ 2.10GHz, git c7359e5+dirty, code c8612c854acc, attempt 1: acc 0.430  trans  None  MERGED (2 share)  splits 3  map --
  start  793.4 min  F/window_delta_scale C_HEBB                   seed 312  (projected worst case 58 min)
  [ 12]  814.2 min  F/window_delta_scale C_HEBB                   seed 311  lr 0.001  (gate W_in/W_g/window 1e-3 throughout; rest (incl. attn.w_b, attn.b_b) 1e-4 for 1-2400, 1e-3 after; KEYMASS trigger <= 3 splits)
          on Intel(R) Xeon(R) Processor @ 2.10GHz, git 0442f35, code c8612c854acc, attempt 1: acc 1.000  trans 18000  BOUND ROUTED  splits 2  map --
  start  814.2 min  F/window_delta_scale C_HEBB                   seed 313  (projected worst case 58 min)
  [ 13]  824.0 min  F/window_delta_scale C_HEBB                   seed 312  lr 0.001  (gate W_in/W_g/window 1e-3 throughout; rest (incl. attn.w_b, attn.b_b) 1e-4 for 1-2400, 1e-3 after; KEYMASS trigger <= 3 splits)
          on Intel(R) Xeon(R) Processor @ 2.10GHz, git 313aa2f, code c8612c854acc, attempt 1: acc 1.000  trans 21600  BOUND ROUTED  splits 3  map --
  start  824.0 min  F/window_delta_scale C_HEBB                   seed 314  (projected worst case 58 min)
  [ 14]  831.9 min  F/window_delta_scale C_DELTA                  seed 317  lr 0.001  (gate W_in/W_g/window 1e-3 throughout; rest (incl. attn.w_b, attn.b_b) 1e-4 for 1-2400, 1e-3 after; KEYMASS trigger <= 3 splits)
          on Intel(R) Xeon(R) Processor @ 2.10GHz, git 313aa2f+dirty, code c8612c854acc, attempt 1: acc 1.000  trans 38400  BOUND ROUTED  splits 3  map --
  start  831.9 min  F/window_delta_scale C_HEBB                   seed 315  (projected worst case 58 min)
  [ 15]  857.2 min  F/window_delta_scale C_HEBB                   seed 313  lr 0.001  (gate W_in/W_g/window 1e-3 throughout; rest (incl. attn.w_b, attn.b_b) 1e-4 for 1-2400, 1e-3 after; KEYMASS trigger <= 3 splits)
          on Intel(R) Xeon(R) Processor @ 2.10GHz, git af53cb4, code c8612c854acc, attempt 1: acc 1.000  trans 32400  BOUND ROUTED  splits 3  map --
  start  857.2 min  F/window_delta_scale C_HEBB                   seed 316  (projected worst case 58 min)
  [ 16]  869.5 min  F/window_delta_scale C_HEBB                   seed 315  lr 0.001  (gate W_in/W_g/window 1e-3 throughout; rest (incl. attn.w_b, attn.b_b) 1e-4 for 1-2400, 1e-3 after; KEYMASS trigger <= 3 splits)
          on Intel(R) Xeon(R) Processor @ 2.10GHz, git 439a406, code c8612c854acc, attempt 1: acc 1.000  trans 27600  BOUND ROUTED  splits 3  map --
  start  869.5 min  F/window_delta_scale C_HEBB                   seed 317  (projected worst case 58 min)
  [ 17]  876.0 min  F/window_delta_scale C_HEBB                   seed 314  lr 0.001  (gate W_in/W_g/window 1e-3 throughout; rest (incl. attn.w_b, attn.b_b) 1e-4 for 1-2400, 1e-3 after; KEYMASS trigger <= 3 splits)
          on Intel(R) Xeon(R) Processor @ 2.10GHz, git 439a406+dirty, code c8612c854acc, attempt 1: acc 0.875  trans  None  MERGED (2 share)  splits 3  map --
  start  876.0 min  F/window_delta_scale C_HEBB                   seed 318  (projected worst case 58 min)
  [ 18]  887.9 min  F/window_delta_scale C_HEBB                   seed 316  lr 0.001  (gate W_in/W_g/window 1e-3 throughout; rest (incl. attn.w_b, attn.b_b) 1e-4 for 1-2400, 1e-3 after; KEYMASS trigger <= 3 splits)
          on Intel(R) Xeon(R) Processor @ 2.10GHz, git 439a406+dirty, code c8612c854acc, attempt 1: acc 1.000  trans 22800  BOUND ROUTED  splits 3  map --
  start  887.9 min  F/window_delta_scale C_HEBB                   seed 319  (projected worst case 58 min)
  [ 19]  900.1 min  F/window_delta_scale C_HEBB                   seed 317  lr 0.001  (gate W_in/W_g/window 1e-3 throughout; rest (incl. attn.w_b, attn.b_b) 1e-4 for 1-2400, 1e-3 after; KEYMASS trigger <= 3 splits)
          on Intel(R) Xeon(R) Processor @ 2.10GHz, git 3083fad, code c8612c854acc, attempt 1: acc 1.000  trans 20400  BOUND ROUTED  splits 3  map --
  start  900.1 min  F/window_delta_scale C_ORACLE_HEBB            seed 310  (projected worst case 51 min)
  [ 20]  901.8 min  F/window_delta_scale C_HEBB                   seed 318  lr 0.001  (gate W_in/W_g/window 1e-3 throughout; rest (incl. attn.w_b, attn.b_b) 1e-4 for 1-2400, 1e-3 after; KEYMASS trigger <= 3 splits)
          on Intel(R) Xeon(R) Processor @ 2.10GHz, git 3083fad+dirty, code c8612c854acc, attempt 1: acc 1.000  trans 18000  BOUND ROUTED  splits 2  map --
  start  901.8 min  F/window_delta_scale C_ORACLE_HEBB            seed 311  (projected worst case 51 min)
  [ 21]  907.6 min  F/window_delta_scale C_ORACLE_HEBB            seed 311  lr 0.001  (Adam 1e-3 throughout)
          on Intel(R) Xeon(R) Processor @ 2.10GHz, git 3083fad+dirty, code c8612c854acc, attempt 1: acc 0.992  trans  2400  BOUND ROUTED  splits 0  map --
  start  907.6 min  F/window_delta_scale B_DELTA                  seed 310  (projected worst case 49 min)
  [ 22]  908.6 min  F/window_delta_scale C_ORACLE_HEBB            seed 310  lr 0.001  (Adam 1e-3 throughout)
          on Intel(R) Xeon(R) Processor @ 2.10GHz, git 3083fad+dirty, code c8612c854acc, attempt 1: acc 0.997  trans  4800  BOUND ROUTED  splits 0  map --
  start  908.6 min  F/window_delta_scale B_DELTA                  seed 311  (projected worst case 49 min)
  [ 23]  917.4 min  F/window_delta_scale C_HEBB                   seed 319  lr 0.001  (gate W_in/W_g/window 1e-3 throughout; rest (incl. attn.w_b, attn.b_b) 1e-4 for 1-2400, 1e-3 after; KEYMASS trigger <= 3 splits)
          on Intel(R) Xeon(R) Processor @ 2.10GHz, git 365b008, code c8612c854acc, attempt 1: acc 1.000  trans 20400  BOUND ROUTED  splits 1  map --
  start  917.4 min  F/window_delta_scale B_DELTA                  seed 312  (projected worst case 49 min)
  [ 24]  922.9 min  F/window_delta_scale B_DELTA                  seed 310  lr 0.001  (gate W_in/W_g/window 1e-3 throughout; rest (incl. attn.w_b, attn.b_b) 1e-4 for 1-2400, 1e-3 after; KEYMASS trigger <= 3 splits)
          on Intel(R) Xeon(R) Processor @ 2.10GHz, git 365b008+dirty, code c8612c854acc, attempt 1: acc 1.000  trans  3600  BOUND ROUTED  splits 0  map --
  start  922.9 min  F/window_delta_scale B_DELTA                  seed 313  (projected worst case 49 min)
  [ 25]  923.4 min  F/window_delta_scale B_DELTA                  seed 311  lr 0.001  (gate W_in/W_g/window 1e-3 throughout; rest (incl. attn.w_b, attn.b_b) 1e-4 for 1-2400, 1e-3 after; KEYMASS trigger <= 3 splits)
          on Intel(R) Xeon(R) Processor @ 2.10GHz, git 365b008+dirty, code c8612c854acc, attempt 1: acc 1.000  trans  3600  BOUND ROUTED  splits 0  map --
  start  923.4 min  F/window_delta_scale B_DELTA                  seed 314  (projected worst case 49 min)
  [ 26]  932.1 min  F/window_delta_scale B_DELTA                  seed 312  lr 0.001  (gate W_in/W_g/window 1e-3 throughout; rest (incl. attn.w_b, attn.b_b) 1e-4 for 1-2400, 1e-3 after; KEYMASS trigger <= 3 splits)
          on Intel(R) Xeon(R) Processor @ 2.10GHz, git 365b008+dirty, code c8612c854acc, attempt 1: acc 1.000  trans  2400  BOUND ROUTED  splits 0  map --
  start  932.1 min  F/window_delta_scale B_DELTA                  seed 315  (projected worst case 49 min)
  [ 27]  937.2 min  F/window_delta_scale B_DELTA                  seed 314  lr 0.001  (gate W_in/W_g/window 1e-3 throughout; rest (incl. attn.w_b, attn.b_b) 1e-4 for 1-2400, 1e-3 after; KEYMASS trigger <= 3 splits)
          on Intel(R) Xeon(R) Processor @ 2.10GHz, git f5dfb37, code c8612c854acc, attempt 1: acc 1.000  trans  3600  BOUND ROUTED  splits 0  map --
  start  937.2 min  F/window_delta_scale B_DELTA                  seed 316  (projected worst case 49 min)
  [ 28]  937.7 min  F/window_delta_scale B_DELTA                  seed 313  lr 0.001  (gate W_in/W_g/window 1e-3 throughout; rest (incl. attn.w_b, attn.b_b) 1e-4 for 1-2400, 1e-3 after; KEYMASS trigger <= 3 splits)
          on Intel(R) Xeon(R) Processor @ 2.10GHz, git f5dfb37+dirty, code c8612c854acc, attempt 1: acc 1.000  trans  3600  BOUND ROUTED  splits 0  map --
  start  937.7 min  F/window_delta_scale B_DELTA                  seed 317  (projected worst case 49 min)
  [ 29]  947.4 min  F/window_delta_scale B_DELTA                  seed 315  lr 0.001  (gate W_in/W_g/window 1e-3 throughout; rest (incl. attn.w_b, attn.b_b) 1e-4 for 1-2400, 1e-3 after; KEYMASS trigger <= 3 splits)
          on Intel(R) Xeon(R) Processor @ 2.10GHz, git f5dfb37+dirty, code c8612c854acc, attempt 1: acc 1.000  trans  3600  BOUND ROUTED  splits 0  map --
  start  947.4 min  F/window_delta_scale B_DELTA                  seed 318  (projected worst case 49 min)
  [ 30]  956.3 min  F/window_delta_scale B_DELTA                  seed 317  lr 0.001  (gate W_in/W_g/window 1e-3 throughout; rest (incl. attn.w_b, attn.b_b) 1e-4 for 1-2400, 1e-3 after; KEYMASS trigger <= 3 splits)
          on Intel(R) Xeon(R) Processor @ 2.10GHz, git f5dfb37+dirty, code c8612c854acc, attempt 1: acc 1.000  trans  3600  BOUND ROUTED  splits 0  map --
  start  956.3 min  F/window_delta_scale B_DELTA                  seed 319  (projected worst case 49 min)
  [ 31]  961.1 min  F/window_delta_scale B_DELTA                  seed 318  lr 0.001  (gate W_in/W_g/window 1e-3 throughout; rest (incl. attn.w_b, attn.b_b) 1e-4 for 1-2400, 1e-3 after; KEYMASS trigger <= 3 splits)
          on Intel(R) Xeon(R) Processor @ 2.10GHz, git c87b266, code c8612c854acc, attempt 1: acc 1.000  trans  2400  BOUND ROUTED  splits 0  map --
  start  961.1 min  F/window_delta_scale B_DELTA                  seed 320  (projected worst case 49 min)
  [ 32]  970.0 min  F/window_delta_scale B_DELTA                  seed 319  lr 0.001  (gate W_in/W_g/window 1e-3 throughout; rest (incl. attn.w_b, attn.b_b) 1e-4 for 1-2400, 1e-3 after; KEYMASS trigger <= 3 splits)
          on Intel(R) Xeon(R) Processor @ 2.10GHz, git c87b266+dirty, code c8612c854acc, attempt 1: acc 1.000  trans  2400  BOUND ROUTED  splits 0  map --
  start  970.0 min  F/window_delta_scale B_DELTA                  seed 321  (projected worst case 49 min)
  [ 33]  984.8 min  F/window_delta_scale B_DELTA                  seed 321  lr 0.001  (gate W_in/W_g/window 1e-3 throughout; rest (incl. attn.w_b, attn.b_b) 1e-4 for 1-2400, 1e-3 after; KEYMASS trigger <= 3 splits)
          on Intel(R) Xeon(R) Processor @ 2.10GHz, git 4fd5694, code c8612c854acc, attempt 1: acc 1.000  trans  3600  BOUND ROUTED  splits 0  map --
  start  984.8 min  F/window_delta_scale B_DELTA                  seed 322  (projected worst case 49 min)
  [ 34]  989.1 min  F/window_delta_scale B_DELTA                  seed 320  lr 0.001  (gate W_in/W_g/window 1e-3 throughout; rest (incl. attn.w_b, attn.b_b) 1e-4 for 1-2400, 1e-3 after; KEYMASS trigger <= 3 splits)
          on Intel(R) Xeon(R) Processor @ 2.10GHz, git 4fd5694+dirty, code c8612c854acc, attempt 1: acc 1.000  trans 10800  BOUND ROUTED  splits 1  map --
  start  989.1 min  F/window_delta_scale B_DELTA                  seed 323  (projected worst case 49 min)
  [ 35]  999.1 min  F/window_delta_scale B_DELTA                  seed 322  lr 0.001  (gate W_in/W_g/window 1e-3 throughout; rest (incl. attn.w_b, attn.b_b) 1e-4 for 1-2400, 1e-3 after; KEYMASS trigger <= 3 splits)
          on Intel(R) Xeon(R) Processor @ 2.10GHz, git 4fd5694+dirty, code c8612c854acc, attempt 1: acc 1.000  trans  3600  BOUND ROUTED  splits 0  map --
  start  999.1 min  F/window_delta_scale B_DELTA                  seed 324  (projected worst case 49 min)
  [ 36] 1009.8 min  F/window_delta_scale B_DELTA                  seed 316  lr 0.001  (gate W_in/W_g/window 1e-3 throughout; rest (incl. attn.w_b, attn.b_b) 1e-4 for 1-2400, 1e-3 after; KEYMASS trigger <= 3 splits)
          on Intel(R) Xeon(R) Processor @ 2.10GHz, git 007c33b, code c8612c854acc, attempt 1: acc 1.000  trans 22800  BOUND ROUTED  splits 3  map --
  start 1009.8 min  F/window_delta_scale B_DELTA                  seed 325  (projected worst case 49 min)
  [ 37] 1012.8 min  F/window_delta_scale B_DELTA                  seed 323  lr 0.001  (gate W_in/W_g/window 1e-3 throughout; rest (incl. attn.w_b, attn.b_b) 1e-4 for 1-2400, 1e-3 after; KEYMASS trigger <= 3 splits)
          on Intel(R) Xeon(R) Processor @ 2.10GHz, git 007c33b+dirty, code c8612c854acc, attempt 1: acc 1.000  trans  9600  BOUND ROUTED  splits 0  map --
  start 1012.8 min  F/window_delta_scale B_DELTA                  seed 326  (projected worst case 49 min)
  [ 38] 1018.2 min  F/window_delta_scale B_DELTA                  seed 324  lr 0.001  (gate W_in/W_g/window 1e-3 throughout; rest (incl. attn.w_b, attn.b_b) 1e-4 for 1-2400, 1e-3 after; KEYMASS trigger <= 3 splits)
          on Intel(R) Xeon(R) Processor @ 2.10GHz, git 007c33b+dirty, code c8612c854acc, attempt 1: acc 1.000  trans  8400  BOUND ROUTED  splits 1  map --
  start 1018.2 min  F/window_delta_scale B_DELTA                  seed 327  (projected worst case 49 min)
  [ 39] 1023.9 min  F/window_delta_scale B_DELTA                  seed 325  lr 0.001  (gate W_in/W_g/window 1e-3 throughout; rest (incl. attn.w_b, attn.b_b) 1e-4 for 1-2400, 1e-3 after; KEYMASS trigger <= 3 splits)
          on Intel(R) Xeon(R) Processor @ 2.10GHz, git 007c33b+dirty, code c8612c854acc, attempt 1: acc 1.000  trans  3600  BOUND ROUTED  splits 0  map --
  start 1023.9 min  F/window_delta_scale B_DELTA                  seed 328  (projected worst case 49 min)
  [ 40] 1027.2 min  F/window_delta_scale B_DELTA                  seed 326  lr 0.001  (gate W_in/W_g/window 1e-3 throughout; rest (incl. attn.w_b, attn.b_b) 1e-4 for 1-2400, 1e-3 after; KEYMASS trigger <= 3 splits)
          on Intel(R) Xeon(R) Processor @ 2.10GHz, git 5532430, code c8612c854acc, attempt 1: acc 1.000  trans  3600  BOUND ROUTED  splits 0  map --
  start 1027.2 min  F/window_delta_scale B_DELTA                  seed 329  (projected worst case 49 min)
  [ 41] 1032.8 min  F/window_delta_scale B_DELTA                  seed 327  lr 0.001  (gate W_in/W_g/window 1e-3 throughout; rest (incl. attn.w_b, attn.b_b) 1e-4 for 1-2400, 1e-3 after; KEYMASS trigger <= 3 splits)
          on Intel(R) Xeon(R) Processor @ 2.10GHz, git 98cad4c, code c8612c854acc, attempt 1: acc 1.000  trans  3600  BOUND ROUTED  splits 0  map --
  start 1032.8 min  F/window_delta_scale B_ORACLE_DELTA           seed 310  (projected worst case 48 min)
  [ 42] 1038.3 min  F/window_delta_scale B_DELTA                  seed 328  lr 0.001  (gate W_in/W_g/window 1e-3 throughout; rest (incl. attn.w_b, attn.b_b) 1e-4 for 1-2400, 1e-3 after; KEYMASS trigger <= 3 splits)
          on Intel(R) Xeon(R) Processor @ 2.10GHz, git 98cad4c+dirty, code c8612c854acc, attempt 1: acc 1.000  trans  3600  BOUND ROUTED  splits 0  map --
  start 1038.3 min  F/window_delta_scale B_ORACLE_DELTA           seed 311  (projected worst case 48 min)
  [ 43] 1041.5 min  F/window_delta_scale C_DELTA                  seed 319  lr 0.001  (gate W_in/W_g/window 1e-3 throughout; rest (incl. attn.w_b, attn.b_b) 1e-4 for 1-2400, 1e-3 after; KEYMASS trigger <= 3 splits)
          on Intel(R) Xeon(R) Processor @ 2.10GHz, git 98cad4c+dirty, code c8612c854acc, attempt 1: acc 0.339  trans  None  STREAM-PARTIAL one-to-one  splits 3  map --
  start 1041.5 min  F/window_delta_scale B_ORACLE_HEBB            seed 310  (projected worst case 18 min)
  [ 44] 1041.6 min  F/window_delta_scale B_DELTA                  seed 329  lr 0.001  (gate W_in/W_g/window 1e-3 throughout; rest (incl. attn.w_b, attn.b_b) 1e-4 for 1-2400, 1e-3 after; KEYMASS trigger <= 3 splits)
          on Intel(R) Xeon(R) Processor @ 2.10GHz, git 98cad4c+dirty, code c8612c854acc, attempt 1: acc 1.000  trans  3600  BOUND ROUTED  splits 0  map --
  start 1041.6 min  F/window_delta_scale B_ORACLE_HEBB            seed 311  (projected worst case 18 min)
  [ 45] 1046.1 min  F/window_delta_scale B_ORACLE_HEBB            seed 310  lr 0.001  (Adam 1e-3 throughout)
          on Intel(R) Xeon(R) Processor @ 2.10GHz, git 98cad4c+dirty, code c8612c854acc, attempt 1: acc 1.000  trans  1200  BOUND ROUTED  splits 0  map --
  start 1046.1 min  F/window_delta_scale B_HEBB                   seed 310  (projected worst case 18 min)
  [ 46] 1046.3 min  F/window_delta_scale B_ORACLE_HEBB            seed 311  lr 0.001  (Adam 1e-3 throughout)
          on Intel(R) Xeon(R) Processor @ 2.10GHz, git 98cad4c+dirty, code c8612c854acc, attempt 1: acc 1.000  trans  1200  BOUND ROUTED  splits 0  map --
  start 1046.3 min  F/window_delta_scale B_HEBB                   seed 311  (projected worst case 18 min)
  [ 47] 1046.8 min  F/window_delta_scale B_ORACLE_DELTA           seed 310  lr 0.001  (Adam 1e-3 throughout)
          on Intel(R) Xeon(R) Processor @ 2.10GHz, git 98cad4c+dirty, code c8612c854acc, attempt 1: acc 1.000  trans  1200  BOUND ROUTED  splits 0  map --
  start 1046.8 min  F/window_delta_scale B_HEBB                   seed 312  (projected worst case 18 min)
  [ 48] 1050.9 min  F/window_delta_scale B_HEBB                   seed 310  lr 0.001  (gate W_in/W_g/window 1e-3 throughout; rest (incl. attn.w_b, attn.b_b) 1e-4 for 1-2400, 1e-3 after; KEYMASS trigger <= 3 splits)
          on Intel(R) Xeon(R) Processor @ 2.10GHz, git f2db36e, code c8612c854acc, attempt 1: acc 1.000  trans  3600  BOUND ROUTED  splits 0  map --
  start 1050.9 min  F/window_delta_scale B_HEBB                   seed 313  (projected worst case 18 min)
  [ 49] 1051.1 min  F/window_delta_scale B_HEBB                   seed 311  lr 0.001  (gate W_in/W_g/window 1e-3 throughout; rest (incl. attn.w_b, attn.b_b) 1e-4 for 1-2400, 1e-3 after; KEYMASS trigger <= 3 splits)
          on Intel(R) Xeon(R) Processor @ 2.10GHz, git f2db36e+dirty, code c8612c854acc, attempt 1: acc 1.000  trans  3600  BOUND ROUTED  splits 0  map --
  start 1051.1 min  F/window_delta_scale B_HEBB                   seed 314  (projected worst case 18 min)
  [ 50] 1051.6 min  F/window_delta_scale B_HEBB                   seed 312  lr 0.001  (gate W_in/W_g/window 1e-3 throughout; rest (incl. attn.w_b, attn.b_b) 1e-4 for 1-2400, 1e-3 after; KEYMASS trigger <= 3 splits)
          on Intel(R) Xeon(R) Processor @ 2.10GHz, git f2db36e+dirty, code c8612c854acc, attempt 1: acc 1.000  trans  3600  BOUND ROUTED  splits 0  map --
  start 1051.6 min  F/window_delta_scale B_HEBB                   seed 315  (projected worst case 18 min)
  [ 51] 1051.8 min  F/window_delta_scale B_ORACLE_DELTA           seed 311  lr 0.001  (Adam 1e-3 throughout)
          on Intel(R) Xeon(R) Processor @ 2.10GHz, git f2db36e+dirty, code c8612c854acc, attempt 1: acc 1.000  trans  1200  BOUND ROUTED  splits 0  map --
  start 1051.8 min  F/window_delta_scale B_HEBB                   seed 316  (projected worst case 18 min)
  [ 52] 1055.8 min  F/window_delta_scale B_HEBB                   seed 313  lr 0.001  (gate W_in/W_g/window 1e-3 throughout; rest (incl. attn.w_b, attn.b_b) 1e-4 for 1-2400, 1e-3 after; KEYMASS trigger <= 3 splits)
          on Intel(R) Xeon(R) Processor @ 2.10GHz, git f2db36e+dirty, code c8612c854acc, attempt 1: acc 1.000  trans  3600  BOUND ROUTED  splits 0  map --
  start 1055.8 min  F/window_delta_scale B_HEBB                   seed 317  (projected worst case 18 min)
  [ 53] 1056.0 min  F/window_delta_scale B_HEBB                   seed 314  lr 0.001  (gate W_in/W_g/window 1e-3 throughout; rest (incl. attn.w_b, attn.b_b) 1e-4 for 1-2400, 1e-3 after; KEYMASS trigger <= 3 splits)
          on Intel(R) Xeon(R) Processor @ 2.10GHz, git f2db36e+dirty, code c8612c854acc, attempt 1: acc 1.000  trans  4800  BOUND ROUTED  splits 0  map --
  start 1056.0 min  F/window_delta_scale B_HEBB                   seed 318  (projected worst case 18 min)
  [ 54] 1056.4 min  F/window_delta_scale B_HEBB                   seed 315  lr 0.001  (gate W_in/W_g/window 1e-3 throughout; rest (incl. attn.w_b, attn.b_b) 1e-4 for 1-2400, 1e-3 after; KEYMASS trigger <= 3 splits)
          on Intel(R) Xeon(R) Processor @ 2.10GHz, git f2db36e+dirty, code c8612c854acc, attempt 1: acc 1.000  trans  3600  BOUND ROUTED  splits 0  map --
  start 1056.4 min  F/window_delta_scale B_HEBB                   seed 319  (projected worst case 18 min)
  [ 55] 1060.6 min  F/window_delta_scale B_HEBB                   seed 317  lr 0.001  (gate W_in/W_g/window 1e-3 throughout; rest (incl. attn.w_b, attn.b_b) 1e-4 for 1-2400, 1e-3 after; KEYMASS trigger <= 3 splits)
          on Intel(R) Xeon(R) Processor @ 2.10GHz, git f2db36e+dirty, code c8612c854acc, attempt 1: acc 1.000  trans  3600  BOUND ROUTED  splits 0  map --
  start 1060.6 min  F/window_delta_scale B_HEBB                   seed 320  (projected worst case 18 min)
  [ 56] 1060.7 min  F/window_delta_scale B_HEBB                   seed 318  lr 0.001  (gate W_in/W_g/window 1e-3 throughout; rest (incl. attn.w_b, attn.b_b) 1e-4 for 1-2400, 1e-3 after; KEYMASS trigger <= 3 splits)
          on Intel(R) Xeon(R) Processor @ 2.10GHz, git f2db36e+dirty, code c8612c854acc, attempt 1: acc 1.000  trans  3600  BOUND ROUTED  splits 0  map --
  start 1060.7 min  F/window_delta_scale B_HEBB                   seed 321  (projected worst case 18 min)
  [ 57] 1061.1 min  F/window_delta_scale B_HEBB                   seed 319  lr 0.001  (gate W_in/W_g/window 1e-3 throughout; rest (incl. attn.w_b, attn.b_b) 1e-4 for 1-2400, 1e-3 after; KEYMASS trigger <= 3 splits)
          on Intel(R) Xeon(R) Processor @ 2.10GHz, git f2db36e+dirty, code c8612c854acc, attempt 1: acc 1.000  trans  3600  BOUND ROUTED  splits 0  map --
  start 1061.1 min  F/window_delta_scale B_HEBB                   seed 322  (projected worst case 18 min)
  [ 58] 1062.0 min  F/window_delta_scale B_HEBB                   seed 316  lr 0.001  (gate W_in/W_g/window 1e-3 throughout; rest (incl. attn.w_b, attn.b_b) 1e-4 for 1-2400, 1e-3 after; KEYMASS trigger <= 3 splits)
          on Intel(R) Xeon(R) Processor @ 2.10GHz, git f2db36e+dirty, code c8612c854acc, attempt 1: acc 1.000  trans 14400  BOUND ROUTED  splits 2  map --
  start 1062.0 min  F/window_delta_scale B_HEBB                   seed 323  (projected worst case 18 min)
  [ 59] 1065.5 min  F/window_delta_scale B_HEBB                   seed 320  lr 0.001  (gate W_in/W_g/window 1e-3 throughout; rest (incl. attn.w_b, attn.b_b) 1e-4 for 1-2400, 1e-3 after; KEYMASS trigger <= 3 splits)
          on Intel(R) Xeon(R) Processor @ 2.10GHz, git f2db36e+dirty, code c8612c854acc, attempt 1: acc 1.000  trans  3600  BOUND ROUTED  splits 0  map --
  start 1065.5 min  F/window_delta_scale B_HEBB                   seed 324  (projected worst case 18 min)
  [ 60] 1065.6 min  F/window_delta_scale B_HEBB                   seed 321  lr 0.001  (gate W_in/W_g/window 1e-3 throughout; rest (incl. attn.w_b, attn.b_b) 1e-4 for 1-2400, 1e-3 after; KEYMASS trigger <= 3 splits)
          on Intel(R) Xeon(R) Processor @ 2.10GHz, git f2db36e+dirty, code c8612c854acc, attempt 1: acc 1.000  trans  3600  BOUND ROUTED  splits 0  map --
  start 1065.6 min  F/window_delta_scale B_HEBB                   seed 325  (projected worst case 18 min)
  [ 61] 1066.0 min  F/window_delta_scale B_HEBB                   seed 322  lr 0.001  (gate W_in/W_g/window 1e-3 throughout; rest (incl. attn.w_b, attn.b_b) 1e-4 for 1-2400, 1e-3 after; KEYMASS trigger <= 3 splits)
          on Intel(R) Xeon(R) Processor @ 2.10GHz, git f2db36e+dirty, code c8612c854acc, attempt 1: acc 1.000  trans  3600  BOUND ROUTED  splits 0  map --
  start 1066.0 min  F/window_delta_scale B_HEBB                   seed 326  (projected worst case 18 min)
  [ 62] 1068.8 min  F/window_delta_scale B_HEBB                   seed 323  lr 0.001  (gate W_in/W_g/window 1e-3 throughout; rest (incl. attn.w_b, attn.b_b) 1e-4 for 1-2400, 1e-3 after; KEYMASS trigger <= 3 splits)
          on Intel(R) Xeon(R) Processor @ 2.10GHz, git f2db36e+dirty, code c8612c854acc, attempt 1: acc 1.000  trans  9600  BOUND NOT routed  splits 0  map --
  start 1068.8 min  F/window_delta_scale B_HEBB                   seed 327  (projected worst case 18 min)
  [ 63] 1070.4 min  F/window_delta_scale B_HEBB                   seed 324  lr 0.001  (gate W_in/W_g/window 1e-3 throughout; rest (incl. attn.w_b, attn.b_b) 1e-4 for 1-2400, 1e-3 after; KEYMASS trigger <= 3 splits)
          on Intel(R) Xeon(R) Processor @ 2.10GHz, git f2db36e+dirty, code c8612c854acc, attempt 1: acc 1.000  trans  3600  BOUND ROUTED  splits 0  map --
  start 1070.4 min  F/window_delta_scale B_HEBB                   seed 328  (projected worst case 18 min)
  [ 64] 1070.4 min  F/window_delta_scale B_HEBB                   seed 325  lr 0.001  (gate W_in/W_g/window 1e-3 throughout; rest (incl. attn.w_b, attn.b_b) 1e-4 for 1-2400, 1e-3 after; KEYMASS trigger <= 3 splits)
          on Intel(R) Xeon(R) Processor @ 2.10GHz, git f2db36e+dirty, code c8612c854acc, attempt 1: acc 1.000  trans  3600  BOUND ROUTED  splits 0  map --
  start 1070.4 min  F/window_delta_scale B_HEBB                   seed 329  (projected worst case 18 min)
  [ 65] 1070.8 min  F/window_delta_scale B_HEBB                   seed 326  lr 0.001  (gate W_in/W_g/window 1e-3 throughout; rest (incl. attn.w_b, attn.b_b) 1e-4 for 1-2400, 1e-3 after; KEYMASS trigger <= 3 splits)
          on Intel(R) Xeon(R) Processor @ 2.10GHz, git f2db36e+dirty, code c8612c854acc, attempt 1: acc 1.000  trans  3600  BOUND ROUTED  splits 0  map --
  start 1070.8 min  F/window_delta   D_ORACLE_DELTA           seed 330  (projected worst case 16 min)
  [ 66] 1073.6 min  F/window_delta_scale B_HEBB                   seed 327  lr 0.001  (gate W_in/W_g/window 1e-3 throughout; rest (incl. attn.w_b, attn.b_b) 1e-4 for 1-2400, 1e-3 after; KEYMASS trigger <= 3 splits)
          on Intel(R) Xeon(R) Processor @ 2.10GHz, git 1af0eae, code c8612c854acc, attempt 1: acc 1.000  trans  3600  BOUND ROUTED  splits 0  map --
  start 1073.6 min  F/window_delta   D_ORACLE_DELTA           seed 331  (projected worst case 16 min)
  [ 67] 1075.1 min  F/window_delta_scale B_HEBB                   seed 328  lr 0.001  (gate W_in/W_g/window 1e-3 throughout; rest (incl. attn.w_b, attn.b_b) 1e-4 for 1-2400, 1e-3 after; KEYMASS trigger <= 3 splits)
          on Intel(R) Xeon(R) Processor @ 2.10GHz, git 1af0eae+dirty, code c8612c854acc, attempt 1: acc 1.000  trans  3600  BOUND ROUTED  splits 0  map --
  start 1075.1 min  F/window_delta   D_DELTA                  seed 330  (projected worst case 16 min)
  [ 68] 1075.2 min  F/window_delta_scale B_HEBB                   seed 329  lr 0.001  (gate W_in/W_g/window 1e-3 throughout; rest (incl. attn.w_b, attn.b_b) 1e-4 for 1-2400, 1e-3 after; KEYMASS trigger <= 3 splits)
          on Intel(R) Xeon(R) Processor @ 2.10GHz, git 1af0eae+dirty, code c8612c854acc, attempt 1: acc 1.000  trans  4800  BOUND ROUTED  splits 0  map --
  start 1075.2 min  F/window_delta   D_DELTA                  seed 331  (projected worst case 16 min)
  [ 69] 1084.0 min  F/window_delta   D_ORACLE_DELTA           seed 330  lr 0.001  (Adam 1e-3 throughout)
          on Intel(R) Xeon(R) Processor @ 2.10GHz, git 1af0eae+dirty, code 30feac285d87, attempt 1: acc 0.243  trans  None  VALcos 0.000  margin 1.00  unbound
  start 1084.0 min  F/window_delta   D_DELTA                  seed 332  (projected worst case 16 min)
  [ 70] 1086.8 min  F/window_delta   D_ORACLE_DELTA           seed 331  lr 0.001  (Adam 1e-3 throughout)
          on Intel(R) Xeon(R) Processor @ 2.10GHz, git 1af0eae+dirty, code 30feac285d87, attempt 1: acc 0.233  trans  None  VALcos 0.000  margin 1.00  unbound
  start 1086.8 min  F/window_delta   D_DELTA                  seed 333  (projected worst case 16 min)
  [ 71] 1089.7 min  F/window_delta   D_DELTA                  seed 330  lr 0.001  (gate W_in/W_g/window 1e-3 throughout; rest (incl. attn.w_b, attn.b_b) 1e-4 for 1-2400, 1e-3 after)
          on Intel(R) Xeon(R) Processor @ 2.10GHz, git 1af0eae+dirty, code 30feac285d87, attempt 1: acc 0.203  trans  None  VALcos 1.000  margin 0.00  KEY
  start 1089.7 min  F/window_delta   D_DELTA                  seed 334  (projected worst case 16 min)
  [ 72] 1091.5 min  F/window_delta   D_DELTA                  seed 331  lr 0.001  (gate W_in/W_g/window 1e-3 throughout; rest (incl. attn.w_b, attn.b_b) 1e-4 for 1-2400, 1e-3 after)
          on Intel(R) Xeon(R) Processor @ 2.10GHz, git 1af0eae+dirty, code 30feac285d87, attempt 1: acc 0.228  trans  None  VALcos 1.000  margin -0.00  KEY
  start 1091.5 min  F/window_delta   D_DELTA                  seed 335  (projected worst case 16 min)
  [ 73] 1102.2 min  F/window_delta   D_DELTA                  seed 332  lr 0.001  (gate W_in/W_g/window 1e-3 throughout; rest (incl. attn.w_b, attn.b_b) 1e-4 for 1-2400, 1e-3 after)
          on Intel(R) Xeon(R) Processor @ 2.10GHz, git c6a1e56, code 30feac285d87, attempt 1: acc 0.215  trans  None  VALcos 1.000  margin -0.00  OTHER
  start 1102.2 min  F/window_delta   D_DELTA                  seed 336  (projected worst case 16 min)
  [ 74] 1103.8 min  F/window_delta   D_DELTA                  seed 333  lr 0.001  (gate W_in/W_g/window 1e-3 throughout; rest (incl. attn.w_b, attn.b_b) 1e-4 for 1-2400, 1e-3 after)
          on Intel(R) Xeon(R) Processor @ 2.10GHz, git c6a1e56+dirty, code 30feac285d87, attempt 1: acc 0.234  trans  None  VALcos 1.000  margin 0.00  OTHER
  start 1103.8 min  F/window_delta   D_DELTA                  seed 337  (projected worst case 16 min)
  [ 75] 1104.2 min  F/window_delta   D_DELTA                  seed 334  lr 0.001  (gate W_in/W_g/window 1e-3 throughout; rest (incl. attn.w_b, attn.b_b) 1e-4 for 1-2400, 1e-3 after)
          on Intel(R) Xeon(R) Processor @ 2.10GHz, git c6a1e56+dirty, code 30feac285d87, attempt 1: acc 0.224  trans  None  VALcos 1.000  margin -0.00  KEY
  start 1104.2 min  F/window_delta   D_DELTA                  seed 338  (projected worst case 16 min)
  [ 76] 1106.8 min  F/window_delta   D_DELTA                  seed 335  lr 0.001  (gate W_in/W_g/window 1e-3 throughout; rest (incl. attn.w_b, attn.b_b) 1e-4 for 1-2400, 1e-3 after)
          on Intel(R) Xeon(R) Processor @ 2.10GHz, git c6a1e56+dirty, code 30feac285d87, attempt 1: acc 0.226  trans  None  VALcos 1.000  margin 0.00  KEY
  start 1106.8 min  F/window_delta   D_DELTA                  seed 339  (projected worst case 16 min)
  [ 77] 1117.0 min  F/window_delta   D_DELTA                  seed 336  lr 0.001  (gate W_in/W_g/window 1e-3 throughout; rest (incl. attn.w_b, attn.b_b) 1e-4 for 1-2400, 1e-3 after)
          on Intel(R) Xeon(R) Processor @ 2.10GHz, git c6a1e56+dirty, code 30feac285d87, attempt 1: acc 0.223  trans  None  VALcos 1.000  margin -0.00  KEY
  start 1117.0 min  F/window_delta   D_DELTA                  seed 340  (projected worst case 16 min)
  [ 78] 1119.0 min  F/window_delta   D_DELTA                  seed 337  lr 0.001  (gate W_in/W_g/window 1e-3 throughout; rest (incl. attn.w_b, attn.b_b) 1e-4 for 1-2400, 1e-3 after)
          on Intel(R) Xeon(R) Processor @ 2.10GHz, git c6a1e56+dirty, code 30feac285d87, attempt 1: acc 0.233  trans  None  VALcos 1.000  margin 0.00  KEY
  start 1119.0 min  F/window_delta   D_DELTA                  seed 341  (projected worst case 16 min)
  [ 79] 1119.6 min  F/window_delta   D_DELTA                  seed 338  lr 0.001  (gate W_in/W_g/window 1e-3 throughout; rest (incl. attn.w_b, attn.b_b) 1e-4 for 1-2400, 1e-3 after)
          on Intel(R) Xeon(R) Processor @ 2.10GHz, git 5c1f180, code 30feac285d87, attempt 1: acc 0.219  trans  None  VALcos 1.000  margin 0.00  KEY
  start 1119.6 min  F/window_delta   D_DELTA                  seed 342  (projected worst case 16 min)
  [ 80] 1122.8 min  F/window_delta   D_DELTA                  seed 339  lr 0.001  (gate W_in/W_g/window 1e-3 throughout; rest (incl. attn.w_b, attn.b_b) 1e-4 for 1-2400, 1e-3 after)
          on Intel(R) Xeon(R) Processor @ 2.10GHz, git 5c1f180+dirty, code 30feac285d87, attempt 1: acc 0.237  trans  None  VALcos 1.000  margin -0.00  OTHER
  start 1122.8 min  F/window_delta   D_DELTA                  seed 343  (projected worst case 16 min)
  [ 81] 1132.8 min  F/window_delta   D_DELTA                  seed 340  lr 0.001  (gate W_in/W_g/window 1e-3 throughout; rest (incl. attn.w_b, attn.b_b) 1e-4 for 1-2400, 1e-3 after)
          on Intel(R) Xeon(R) Processor @ 2.10GHz, git 5c1f180+dirty, code 30feac285d87, attempt 1: acc 0.209  trans  None  VALcos 1.000  margin -0.00  KEY
  start 1132.8 min  F/window_delta   D_DELTA                  seed 344  (projected worst case 16 min)
  [ 82] 1134.0 min  F/window_delta   D_DELTA                  seed 341  lr 0.001  (gate W_in/W_g/window 1e-3 throughout; rest (incl. attn.w_b, attn.b_b) 1e-4 for 1-2400, 1e-3 after)
          on Intel(R) Xeon(R) Processor @ 2.10GHz, git 5c1f180+dirty, code 30feac285d87, attempt 1: acc 0.205  trans  None  VALcos 1.000  margin 0.00  KEY
  start 1134.0 min  F/window_delta   D_DELTA                  seed 345  (projected worst case 16 min)
  [ 83] 1134.3 min  F/window_delta   D_DELTA                  seed 342  lr 0.001  (gate W_in/W_g/window 1e-3 throughout; rest (incl. attn.w_b, attn.b_b) 1e-4 for 1-2400, 1e-3 after)
          on Intel(R) Xeon(R) Processor @ 2.10GHz, git 5c1f180+dirty, code 30feac285d87, attempt 1: acc 0.231  trans  None  VALcos 1.000  margin 0.00  KEY
  start 1134.3 min  F/window_delta   D_DELTA                  seed 346  (projected worst case 16 min)
  [ 84] 1137.8 min  F/window_delta   D_DELTA                  seed 343  lr 0.001  (gate W_in/W_g/window 1e-3 throughout; rest (incl. attn.w_b, attn.b_b) 1e-4 for 1-2400, 1e-3 after)
          on Intel(R) Xeon(R) Processor @ 2.10GHz, git 5c1f180+dirty, code 30feac285d87, attempt 1: acc 0.217  trans  None  VALcos 1.000  margin -0.00  KEY
  start 1137.8 min  F/window_delta   D_DELTA                  seed 347  (projected worst case 16 min)
  [ 85] 1148.9 min  F/window_delta   D_DELTA                  seed 345  lr 0.001  (gate W_in/W_g/window 1e-3 throughout; rest (incl. attn.w_b, attn.b_b) 1e-4 for 1-2400, 1e-3 after)
          on Intel(R) Xeon(R) Processor @ 2.10GHz, git 16c6277, code 30feac285d87, attempt 1: acc 0.226  trans  None  VALcos 1.000  margin 0.00  KEY
  start 1148.9 min  F/window_delta   D_DELTA                  seed 348  (projected worst case 16 min)
  [ 86] 1149.1 min  F/window_delta   D_DELTA                  seed 346  lr 0.001  (gate W_in/W_g/window 1e-3 throughout; rest (incl. attn.w_b, attn.b_b) 1e-4 for 1-2400, 1e-3 after)
          on Intel(R) Xeon(R) Processor @ 2.10GHz, git 16c6277+dirty, code 30feac285d87, attempt 1: acc 0.230  trans  None  VALcos 1.000  margin 0.00  KEY
  start 1149.1 min  F/window_delta   D_DELTA                  seed 349  (projected worst case 16 min)
  [ 87] 1149.3 min  F/window_delta   D_DELTA                  seed 344  lr 0.001  (gate W_in/W_g/window 1e-3 throughout; rest (incl. attn.w_b, attn.b_b) 1e-4 for 1-2400, 1e-3 after)
          on Intel(R) Xeon(R) Processor @ 2.10GHz, git 16c6277+dirty, code 30feac285d87, attempt 1: acc 0.209  trans  None  VALcos 1.000  margin -0.00  KEY
  start 1149.3 min  F/window_delta   D_HEBB                   seed 330  (projected worst case 13 min)
  [ 88] 1154.4 min  F/window_delta   D_DELTA                  seed 347  lr 0.001  (gate W_in/W_g/window 1e-3 throughout; rest (incl. attn.w_b, attn.b_b) 1e-4 for 1-2400, 1e-3 after)
          on Intel(R) Xeon(R) Processor @ 2.10GHz, git 16c6277+dirty, code 30feac285d87, attempt 1: acc 0.206  trans  None  VALcos 1.000  margin 0.00  OTHER
  start 1154.4 min  F/window_delta   D_HEBB                   seed 331  (projected worst case 13 min)
  [ 89] 1160.3 min  F/window_delta   D_HEBB                   seed 330  lr 0.001  (gate W_in/W_g/window 1e-3 throughout; rest (incl. attn.w_b, attn.b_b) 1e-4 for 1-2400, 1e-3 after)
          on Intel(R) Xeon(R) Processor @ 2.10GHz, git 16c6277+dirty, code 30feac285d87, attempt 1: acc 0.214  trans  None  VALcos 1.000  margin -0.00  OTHER
  start 1160.3 min  F/window_delta   D_HEBB                   seed 332  (projected worst case 13 min)
  [ 90] 1163.8 min  F/window_delta   D_DELTA                  seed 349  lr 0.001  (gate W_in/W_g/window 1e-3 throughout; rest (incl. attn.w_b, attn.b_b) 1e-4 for 1-2400, 1e-3 after)
          on Intel(R) Xeon(R) Processor @ 2.10GHz, git 16c6277+dirty, code 30feac285d87, attempt 1: acc 0.231  trans  None  VALcos 1.000  margin 0.00  KEY
  start 1163.8 min  F/window_delta   D_HEBB                   seed 333  (projected worst case 13 min)
  [ 91] 1164.5 min  F/window_delta   D_HEBB                   seed 331  lr 0.001  (gate W_in/W_g/window 1e-3 throughout; rest (incl. attn.w_b, attn.b_b) 1e-4 for 1-2400, 1e-3 after)
          on Intel(R) Xeon(R) Processor @ 2.10GHz, git 16c6277+dirty, code 30feac285d87, attempt 1: acc 0.272  trans  None  VALcos 1.000  margin 0.00  OTHER
  start 1164.5 min  F/window_delta   D_HEBB                   seed 334  (projected worst case 13 min)
  [ 92] 1165.0 min  F/window_delta   D_DELTA                  seed 348  lr 0.001  (gate W_in/W_g/window 1e-3 throughout; rest (incl. attn.w_b, attn.b_b) 1e-4 for 1-2400, 1e-3 after)
          on Intel(R) Xeon(R) Processor @ 2.10GHz, git 16c6277+dirty, code 30feac285d87, attempt 1: acc 0.217  trans  None  VALcos 1.000  margin 0.00  KEY
  start 1165.0 min  F/window_delta   D_HEBB                   seed 335  (projected worst case 13 min)
  [ 93] 1169.6 min  F/window_delta   D_HEBB                   seed 332  lr 0.001  (gate W_in/W_g/window 1e-3 throughout; rest (incl. attn.w_b, attn.b_b) 1e-4 for 1-2400, 1e-3 after)
          on Intel(R) Xeon(R) Processor @ 2.10GHz, git 2a93d6f, code 30feac285d87, attempt 1: acc 0.323  trans  None  VALcos 1.000  margin -0.00  KEY
  start 1169.6 min  F/window_delta   D_HEBB                   seed 336  (projected worst case 13 min)
  [ 94] 1173.3 min  F/window_delta   D_HEBB                   seed 333  lr 0.001  (gate W_in/W_g/window 1e-3 throughout; rest (incl. attn.w_b, attn.b_b) 1e-4 for 1-2400, 1e-3 after)
          on Intel(R) Xeon(R) Processor @ 2.10GHz, git 2a93d6f+dirty, code 30feac285d87, attempt 1: acc 0.315  trans  None  VALcos 1.000  margin 0.00  OTHER
  start 1173.3 min  F/window_delta   D_HEBB                   seed 337  (projected worst case 13 min)
  [ 95] 1174.2 min  F/window_delta   D_HEBB                   seed 335  lr 0.001  (gate W_in/W_g/window 1e-3 throughout; rest (incl. attn.w_b, attn.b_b) 1e-4 for 1-2400, 1e-3 after)
          on Intel(R) Xeon(R) Processor @ 2.10GHz, git 2a93d6f+dirty, code 30feac285d87, attempt 1: acc 0.269  trans  None  VALcos 1.000  margin 0.00  KEY
  start 1174.2 min  F/window_delta   D_HEBB                   seed 338  (projected worst case 13 min)
  [ 96] 1175.0 min  F/window_delta   D_HEBB                   seed 334  lr 0.001  (gate W_in/W_g/window 1e-3 throughout; rest (incl. attn.w_b, attn.b_b) 1e-4 for 1-2400, 1e-3 after)
          on Intel(R) Xeon(R) Processor @ 2.10GHz, git 2a93d6f+dirty, code 30feac285d87, attempt 1: acc 0.266  trans  None  VALcos 1.000  margin 0.00  OTHER
  start 1175.0 min  F/window_delta   D_HEBB                   seed 339  (projected worst case 13 min)
  [ 97] 1179.1 min  F/window_delta   D_HEBB                   seed 336  lr 0.001  (gate W_in/W_g/window 1e-3 throughout; rest (incl. attn.w_b, attn.b_b) 1e-4 for 1-2400, 1e-3 after)
          on Intel(R) Xeon(R) Processor @ 2.10GHz, git 2a93d6f+dirty, code 30feac285d87, attempt 1: acc 0.249  trans  None  VALcos 1.000  margin 0.00  OTHER
  start 1179.1 min  F/window_delta   D_HEBB                   seed 340  (projected worst case 13 min)
  [ 98] 1182.5 min  F/window_delta   D_HEBB                   seed 337  lr 0.001  (gate W_in/W_g/window 1e-3 throughout; rest (incl. attn.w_b, attn.b_b) 1e-4 for 1-2400, 1e-3 after)
          on Intel(R) Xeon(R) Processor @ 2.10GHz, git 2a93d6f+dirty, code 30feac285d87, attempt 1: acc 0.290  trans  None  VALcos 1.000  margin 0.00  KEY
  start 1182.5 min  F/window_delta   D_HEBB                   seed 341  (projected worst case 13 min)
  [ 99] 1183.7 min  F/window_delta   D_HEBB                   seed 338  lr 0.001  (gate W_in/W_g/window 1e-3 throughout; rest (incl. attn.w_b, attn.b_b) 1e-4 for 1-2400, 1e-3 after)
          on Intel(R) Xeon(R) Processor @ 2.10GHz, git 2a93d6f+dirty, code 30feac285d87, attempt 1: acc 0.245  trans  None  VALcos 1.000  margin -0.00  KEY
  start 1183.7 min  F/window_delta   D_HEBB                   seed 342  (projected worst case 13 min)
  [100] 1185.2 min  F/window_delta   D_HEBB                   seed 339  lr 0.001  (gate W_in/W_g/window 1e-3 throughout; rest (incl. attn.w_b, attn.b_b) 1e-4 for 1-2400, 1e-3 after)
          on Intel(R) Xeon(R) Processor @ 2.10GHz, git 2a93d6f+dirty, code 30feac285d87, attempt 1: acc 0.318  trans  None  VALcos 1.000  margin 0.00  OTHER
  start 1185.2 min  F/window_delta   D_HEBB                   seed 343  (projected worst case 13 min)
  [101] 1188.3 min  F/window_delta   D_HEBB                   seed 340  lr 0.001  (gate W_in/W_g/window 1e-3 throughout; rest (incl. attn.w_b, attn.b_b) 1e-4 for 1-2400, 1e-3 after)
          on Intel(R) Xeon(R) Processor @ 2.10GHz, git 2a93d6f+dirty, code 30feac285d87, attempt 1: acc 0.267  trans  None  VALcos 1.000  margin 0.00  KEY
  start 1188.3 min  F/window_delta   D_HEBB                   seed 344  (projected worst case 13 min)
  [102] 1191.6 min  F/window_delta   D_HEBB                   seed 341  lr 0.001  (gate W_in/W_g/window 1e-3 throughout; rest (incl. attn.w_b, attn.b_b) 1e-4 for 1-2400, 1e-3 after)
          on Intel(R) Xeon(R) Processor @ 2.10GHz, git 1f0835f, code 30feac285d87, attempt 1: acc 0.273  trans  None  VALcos 1.000  margin -0.00  KEY
  start 1191.6 min  F/window_delta   D_HEBB                   seed 345  (projected worst case 13 min)
  [103] 1192.7 min  F/window_delta   D_HEBB                   seed 342  lr 0.001  (gate W_in/W_g/window 1e-3 throughout; rest (incl. attn.w_b, attn.b_b) 1e-4 for 1-2400, 1e-3 after)
          on Intel(R) Xeon(R) Processor @ 2.10GHz, git 1f0835f+dirty, code 30feac285d87, attempt 1: acc 0.273  trans  None  VALcos 1.000  margin -0.00  KEY
  start 1192.7 min  F/window_delta   D_HEBB                   seed 346  (projected worst case 13 min)
  [104] 1194.2 min  F/window_delta   D_HEBB                   seed 343  lr 0.001  (gate W_in/W_g/window 1e-3 throughout; rest (incl. attn.w_b, attn.b_b) 1e-4 for 1-2400, 1e-3 after)
          on Intel(R) Xeon(R) Processor @ 2.10GHz, git 1f0835f+dirty, code 30feac285d87, attempt 1: acc 0.241  trans  None  VALcos 1.000  margin -0.00  KEY
  start 1194.2 min  F/window_delta   D_HEBB                   seed 347  (projected worst case 13 min)
  [105] 1198.3 min  F/window_delta   D_HEBB                   seed 344  lr 0.001  (gate W_in/W_g/window 1e-3 throughout; rest (incl. attn.w_b, attn.b_b) 1e-4 for 1-2400, 1e-3 after)
          on Intel(R) Xeon(R) Processor @ 2.10GHz, git 1f0835f+dirty, code 30feac285d87, attempt 1: acc 0.311  trans  None  VALcos 1.000  margin 0.00  OTHER
  start 1198.3 min  F/window_delta   D_HEBB                   seed 348  (projected worst case 13 min)
  [106] 1201.2 min  F/window_delta   D_HEBB                   seed 345  lr 0.001  (gate W_in/W_g/window 1e-3 throughout; rest (incl. attn.w_b, attn.b_b) 1e-4 for 1-2400, 1e-3 after)
          on Intel(R) Xeon(R) Processor @ 2.10GHz, git 1f0835f+dirty, code 30feac285d87, attempt 1: acc 0.250  trans  None  VALcos 1.000  margin 0.00  KEY
  start 1201.2 min  F/window_delta   D_HEBB                   seed 349  (projected worst case 13 min)
  [107] 1202.7 min  F/window_delta   D_HEBB                   seed 346  lr 0.001  (gate W_in/W_g/window 1e-3 throughout; rest (incl. attn.w_b, attn.b_b) 1e-4 for 1-2400, 1e-3 after)
          on Intel(R) Xeon(R) Processor @ 2.10GHz, git 1f0835f+dirty, code 30feac285d87, attempt 1: acc 0.243  trans  None  VALcos 1.000  margin -0.00  OTHER
  start 1202.7 min  F/window_delta   A_DELTA                  seed 310  (projected worst case 13 min)
  [108] 1204.2 min  F/window_delta   A_DELTA                  seed 310  lr 0.001  (gate W_in/W_g/window 1e-3 throughout; rest (incl. attn.w_b, attn.b_b) 1e-4 for 1-2400, 1e-3 after)
          on Intel(R) Xeon(R) Processor @ 2.10GHz, git 1f0835f+dirty, code 30feac285d87, attempt 1: acc 1.000  trans  1200  VALcos 0.005  margin 0.99  DISCOVERED
  start 1204.2 min  F/window_delta   A_DELTA                  seed 311  (projected worst case 13 min)
  [109] 1204.7 min  F/window_delta   D_HEBB                   seed 347  lr 0.001  (gate W_in/W_g/window 1e-3 throughout; rest (incl. attn.w_b, attn.b_b) 1e-4 for 1-2400, 1e-3 after)
          on Intel(R) Xeon(R) Processor @ 2.10GHz, git 1f0835f+dirty, code 30feac285d87, attempt 1: acc 0.320  trans  None  VALcos 1.000  margin 0.00  OTHER
  start 1204.7 min  F/window_delta   A_DELTA                  seed 312  (projected worst case 13 min)
  [110] 1205.7 min  F/window_delta   A_DELTA                  seed 311  lr 0.001  (gate W_in/W_g/window 1e-3 throughout; rest (incl. attn.w_b, attn.b_b) 1e-4 for 1-2400, 1e-3 after)
          on Intel(R) Xeon(R) Processor @ 2.10GHz, git 1f0835f+dirty, code 30feac285d87, attempt 1: acc 1.000  trans  1200  VALcos 0.001  margin 1.00  DISCOVERED
  start 1205.7 min  F/window_delta   A_DELTA                  seed 313  (projected worst case 13 min)
  [111] 1207.2 min  F/window_delta   A_DELTA                  seed 313  lr 0.001  (gate W_in/W_g/window 1e-3 throughout; rest (incl. attn.w_b, attn.b_b) 1e-4 for 1-2400, 1e-3 after)
          on Intel(R) Xeon(R) Processor @ 2.10GHz, git 1f0835f+dirty, code 30feac285d87, attempt 1: acc 1.000  trans  1200  VALcos 0.003  margin 1.00  DISCOVERED
  start 1207.2 min  F/window_delta   A_DELTA                  seed 314  (projected worst case 13 min)
  [112] 1207.3 min  F/window_delta   D_HEBB                   seed 348  lr 0.001  (gate W_in/W_g/window 1e-3 throughout; rest (incl. attn.w_b, attn.b_b) 1e-4 for 1-2400, 1e-3 after)
          on Intel(R) Xeon(R) Processor @ 2.10GHz, git 1f0835f+dirty, code 30feac285d87, attempt 1: acc 0.327  trans  None  VALcos 1.000  margin 0.00  OTHER
  start 1207.3 min  F/window_delta   A_DELTA                  seed 315  (projected worst case 13 min)
  [113] 1208.7 min  F/window_delta   A_DELTA                  seed 314  lr 0.001  (gate W_in/W_g/window 1e-3 throughout; rest (incl. attn.w_b, attn.b_b) 1e-4 for 1-2400, 1e-3 after)
          on Intel(R) Xeon(R) Processor @ 2.10GHz, git 1f0835f+dirty, code 30feac285d87, attempt 1: acc 1.000  trans  1200  VALcos 0.003  margin 0.99  DISCOVERED
  start 1208.7 min  F/window_delta   A_DELTA                  seed 316  (projected worst case 13 min)
  [114] 1208.8 min  F/window_delta   A_DELTA                  seed 315  lr 0.001  (gate W_in/W_g/window 1e-3 throughout; rest (incl. attn.w_b, attn.b_b) 1e-4 for 1-2400, 1e-3 after)
          on Intel(R) Xeon(R) Processor @ 2.10GHz, git 1f0835f+dirty, code 30feac285d87, attempt 1: acc 1.000  trans  1200  VALcos 0.002  margin 0.99  DISCOVERED
  start 1208.8 min  F/window_delta   A_DELTA                  seed 317  (projected worst case 13 min)
  [115] 1210.3 min  F/window_delta   A_DELTA                  seed 316  lr 0.001  (gate W_in/W_g/window 1e-3 throughout; rest (incl. attn.w_b, attn.b_b) 1e-4 for 1-2400, 1e-3 after)
          on Intel(R) Xeon(R) Processor @ 2.10GHz, git 1f0835f+dirty, code 30feac285d87, attempt 1: acc 1.000  trans  1200  VALcos 0.004  margin 0.99  DISCOVERED
  start 1210.3 min  F/window_delta   A_DELTA                  seed 318  (projected worst case 13 min)
  [116] 1210.3 min  F/window_delta   D_HEBB                   seed 349  lr 0.001  (gate W_in/W_g/window 1e-3 throughout; rest (incl. attn.w_b, attn.b_b) 1e-4 for 1-2400, 1e-3 after)
          on Intel(R) Xeon(R) Processor @ 2.10GHz, git 1f0835f+dirty, code 30feac285d87, attempt 1: acc 0.272  trans  None  VALcos 1.000  margin -0.00  KEY
  start 1210.3 min  F/window_delta   A_DELTA                  seed 319  (projected worst case 13 min)
  [117] 1210.8 min  F/window_delta   A_DELTA                  seed 317  lr 0.001  (gate W_in/W_g/window 1e-3 throughout; rest (incl. attn.w_b, attn.b_b) 1e-4 for 1-2400, 1e-3 after)
          on Intel(R) Xeon(R) Processor @ 2.10GHz, git 1f0835f+dirty, code 30feac285d87, attempt 1: acc 1.000  trans  2400  VALcos 0.006  margin 0.99  DISCOVERED
  start 1210.8 min  F/window_delta   A_DELTA                  seed 320  (projected worst case 13 min)
  [118] 1211.8 min  F/window_delta   A_DELTA                  seed 318  lr 0.001  (gate W_in/W_g/window 1e-3 throughout; rest (incl. attn.w_b, attn.b_b) 1e-4 for 1-2400, 1e-3 after)
          on Intel(R) Xeon(R) Processor @ 2.10GHz, git 3643818, code 30feac285d87, attempt 1: acc 1.000  trans  1200  VALcos 0.006  margin 0.99  DISCOVERED
  start 1211.8 min  F/window_delta   A_DELTA                  seed 321  (projected worst case 13 min)
  [119] 1211.8 min  F/window_delta   A_DELTA                  seed 319  lr 0.001  (gate W_in/W_g/window 1e-3 throughout; rest (incl. attn.w_b, attn.b_b) 1e-4 for 1-2400, 1e-3 after)
          on Intel(R) Xeon(R) Processor @ 2.10GHz, git 3643818+dirty, code 30feac285d87, attempt 1: acc 1.000  trans  1200  VALcos 0.002  margin 1.00  DISCOVERED
  start 1211.8 min  F/window_delta   A_DELTA                  seed 322  (projected worst case 13 min)
  [120] 1212.4 min  F/window_delta   A_DELTA                  seed 320  lr 0.001  (gate W_in/W_g/window 1e-3 throughout; rest (incl. attn.w_b, attn.b_b) 1e-4 for 1-2400, 1e-3 after)
          on Intel(R) Xeon(R) Processor @ 2.10GHz, git 3643818+dirty, code 30feac285d87, attempt 1: acc 1.000  trans  1200  VALcos 0.001  margin 0.99  DISCOVERED
  start 1212.4 min  F/window_delta   A_DELTA                  seed 323  (projected worst case 13 min)
  [121] 1213.3 min  F/window_delta   A_DELTA                  seed 321  lr 0.001  (gate W_in/W_g/window 1e-3 throughout; rest (incl. attn.w_b, attn.b_b) 1e-4 for 1-2400, 1e-3 after)
          on Intel(R) Xeon(R) Processor @ 2.10GHz, git 3643818+dirty, code 30feac285d87, attempt 1: acc 1.000  trans  1200  VALcos 0.002  margin 1.00  DISCOVERED
  start 1213.3 min  F/window_delta   A_DELTA                  seed 324  (projected worst case 13 min)
  [122] 1213.4 min  F/window_delta   A_DELTA                  seed 322  lr 0.001  (gate W_in/W_g/window 1e-3 throughout; rest (incl. attn.w_b, attn.b_b) 1e-4 for 1-2400, 1e-3 after)
          on Intel(R) Xeon(R) Processor @ 2.10GHz, git 3643818+dirty, code 30feac285d87, attempt 1: acc 1.000  trans  1200  VALcos 0.005  margin 0.99  DISCOVERED
  start 1213.4 min  F/window_delta   A_DELTA                  seed 325  (projected worst case 13 min)
  [123] 1213.9 min  F/window_delta   A_DELTA                  seed 323  lr 0.001  (gate W_in/W_g/window 1e-3 throughout; rest (incl. attn.w_b, attn.b_b) 1e-4 for 1-2400, 1e-3 after)
          on Intel(R) Xeon(R) Processor @ 2.10GHz, git 3643818+dirty, code 30feac285d87, attempt 1: acc 1.000  trans  1200  VALcos 0.004  margin 0.99  DISCOVERED
  start 1213.9 min  F/window_delta   A_DELTA                  seed 326  (projected worst case 13 min)
  [124] 1214.4 min  F/window_delta   A_DELTA                  seed 312  lr 0.001  (gate W_in/W_g/window 1e-3 throughout; rest (incl. attn.w_b, attn.b_b) 1e-4 for 1-2400, 1e-3 after)
          on Intel(R) Xeon(R) Processor @ 2.10GHz, git 3643818+dirty, code 30feac285d87, attempt 1: acc 0.634  trans  None  VALcos 1.000  margin -0.01  KEY
  start 1214.4 min  F/window_delta   A_DELTA                  seed 327  (projected worst case 13 min)
  [125] 1214.9 min  F/window_delta   A_DELTA                  seed 324  lr 0.001  (gate W_in/W_g/window 1e-3 throughout; rest (incl. attn.w_b, attn.b_b) 1e-4 for 1-2400, 1e-3 after)
          on Intel(R) Xeon(R) Processor @ 2.10GHz, git 3643818+dirty, code 30feac285d87, attempt 1: acc 1.000  trans  1200  VALcos 0.004  margin 0.99  DISCOVERED
  start 1214.9 min  F/window_delta   A_DELTA                  seed 328  (projected worst case 13 min)
  [126] 1214.9 min  F/window_delta   A_DELTA                  seed 325  lr 0.001  (gate W_in/W_g/window 1e-3 throughout; rest (incl. attn.w_b, attn.b_b) 1e-4 for 1-2400, 1e-3 after)
          on Intel(R) Xeon(R) Processor @ 2.10GHz, git 3643818+dirty, code 30feac285d87, attempt 1: acc 1.000  trans  1200  VALcos 0.005  margin 0.99  DISCOVERED
  start 1214.9 min  F/window_delta   A_DELTA                  seed 329  (projected worst case 13 min)
  [127] 1215.4 min  F/window_delta   A_DELTA                  seed 326  lr 0.001  (gate W_in/W_g/window 1e-3 throughout; rest (incl. attn.w_b, attn.b_b) 1e-4 for 1-2400, 1e-3 after)
          on Intel(R) Xeon(R) Processor @ 2.10GHz, git 3643818+dirty, code 30feac285d87, attempt 1: acc 1.000  trans  1200  VALcos 0.005  margin 0.99  DISCOVERED
  start 1215.4 min  F/window_delta   A_DELTA                  seed 330  (projected worst case 13 min)
  [128] 1215.9 min  F/window_delta   A_DELTA                  seed 327  lr 0.001  (gate W_in/W_g/window 1e-3 throughout; rest (incl. attn.w_b, attn.b_b) 1e-4 for 1-2400, 1e-3 after)
          on Intel(R) Xeon(R) Processor @ 2.10GHz, git 3643818+dirty, code 30feac285d87, attempt 1: acc 1.000  trans  1200  VALcos 0.003  margin 0.99  DISCOVERED
  start 1215.9 min  F/window_delta   A_DELTA                  seed 331  (projected worst case 13 min)
  [129] 1216.4 min  F/window_delta   A_DELTA                  seed 329  lr 0.001  (gate W_in/W_g/window 1e-3 throughout; rest (incl. attn.w_b, attn.b_b) 1e-4 for 1-2400, 1e-3 after)
          on Intel(R) Xeon(R) Processor @ 2.10GHz, git 3643818+dirty, code 30feac285d87, attempt 1: acc 1.000  trans  1200  VALcos 0.005  margin 0.99  DISCOVERED
  start 1216.4 min  F/window_delta   A_DELTA                  seed 332  (projected worst case 13 min)
  [130] 1216.8 min  F/window_delta   A_DELTA                  seed 328  lr 0.001  (gate W_in/W_g/window 1e-3 throughout; rest (incl. attn.w_b, attn.b_b) 1e-4 for 1-2400, 1e-3 after)
          on Intel(R) Xeon(R) Processor @ 2.10GHz, git 3643818+dirty, code 30feac285d87, attempt 1: acc 1.000  trans  2400  VALcos 0.005  margin 0.99  DISCOVERED
  start 1216.8 min  F/window_delta   A_DELTA                  seed 333  (projected worst case 13 min)
  [131] 1216.9 min  F/window_delta   A_DELTA                  seed 330  lr 0.001  (gate W_in/W_g/window 1e-3 throughout; rest (incl. attn.w_b, attn.b_b) 1e-4 for 1-2400, 1e-3 after)
          on Intel(R) Xeon(R) Processor @ 2.10GHz, git 3643818+dirty, code 30feac285d87, attempt 1: acc 1.000  trans  1200  VALcos 0.001  margin 1.00  DISCOVERED
  start 1216.9 min  F/window_delta   A_DELTA                  seed 334  (projected worst case 13 min)
  [132] 1217.9 min  F/window_delta   A_DELTA                  seed 332  lr 0.001  (gate W_in/W_g/window 1e-3 throughout; rest (incl. attn.w_b, attn.b_b) 1e-4 for 1-2400, 1e-3 after)
          on Intel(R) Xeon(R) Processor @ 2.10GHz, git 3643818+dirty, code 30feac285d87, attempt 1: acc 1.000  trans  1200  VALcos 0.002  margin 1.00  DISCOVERED
  start 1217.9 min  F/window_delta   A_DELTA                  seed 335  (projected worst case 13 min)
  [133] 1218.4 min  F/window_delta   A_DELTA                  seed 334  lr 0.001  (gate W_in/W_g/window 1e-3 throughout; rest (incl. attn.w_b, attn.b_b) 1e-4 for 1-2400, 1e-3 after)
          on Intel(R) Xeon(R) Processor @ 2.10GHz, git 3643818+dirty, code 30feac285d87, attempt 1: acc 1.000  trans  1200  VALcos 0.006  margin 0.99  DISCOVERED
  start 1218.4 min  F/window_delta   A_DELTA                  seed 336  (projected worst case 13 min)
  [134] 1219.3 min  F/window_delta   A_DELTA                  seed 335  lr 0.001  (gate W_in/W_g/window 1e-3 throughout; rest (incl. attn.w_b, attn.b_b) 1e-4 for 1-2400, 1e-3 after)
          on Intel(R) Xeon(R) Processor @ 2.10GHz, git 3643818+dirty, code 30feac285d87, attempt 1: acc 1.000  trans  1200  VALcos 0.003  margin 0.99  DISCOVERED
  start 1219.3 min  F/window_delta   A_DELTA                  seed 337  (projected worst case 13 min)
  [135] 1219.9 min  F/window_delta   A_DELTA                  seed 336  lr 0.001  (gate W_in/W_g/window 1e-3 throughout; rest (incl. attn.w_b, attn.b_b) 1e-4 for 1-2400, 1e-3 after)
          on Intel(R) Xeon(R) Processor @ 2.10GHz, git 3643818+dirty, code 30feac285d87, attempt 1: acc 1.000  trans  1200  VALcos 0.001  margin 1.00  DISCOVERED
  start 1219.9 min  F/window_delta   A_DELTA                  seed 338  (projected worst case 13 min)
  [136] 1220.8 min  F/window_delta   A_DELTA                  seed 337  lr 0.001  (gate W_in/W_g/window 1e-3 throughout; rest (incl. attn.w_b, attn.b_b) 1e-4 for 1-2400, 1e-3 after)
          on Intel(R) Xeon(R) Processor @ 2.10GHz, git 3643818+dirty, code 30feac285d87, attempt 1: acc 1.000  trans  1200  VALcos 0.002  margin 1.00  DISCOVERED
  start 1220.8 min  F/window_delta   A_DELTA                  seed 339  (projected worst case 13 min)
  [137] 1221.8 min  F/window_delta   A_DELTA                  seed 338  lr 0.001  (gate W_in/W_g/window 1e-3 throughout; rest (incl. attn.w_b, attn.b_b) 1e-4 for 1-2400, 1e-3 after)
          on Intel(R) Xeon(R) Processor @ 2.10GHz, git 3643818+dirty, code 30feac285d87, attempt 1: acc 1.000  trans  2400  VALcos 0.003  margin 0.99  DISCOVERED
  start 1221.8 min  F/window_delta   A_DELTA                  seed 340  (projected worst case 13 min)
  [138] 1222.3 min  F/window_delta   A_DELTA                  seed 339  lr 0.001  (gate W_in/W_g/window 1e-3 throughout; rest (incl. attn.w_b, attn.b_b) 1e-4 for 1-2400, 1e-3 after)
          on Intel(R) Xeon(R) Processor @ 2.10GHz, git 3643818+dirty, code 30feac285d87, attempt 1: acc 1.000  trans  1200  VALcos 0.003  margin 1.00  DISCOVERED
  start 1222.3 min  F/window_delta   A_DELTA                  seed 341  (projected worst case 13 min)
  [139] 1223.3 min  F/window_delta   A_DELTA                  seed 340  lr 0.001  (gate W_in/W_g/window 1e-3 throughout; rest (incl. attn.w_b, attn.b_b) 1e-4 for 1-2400, 1e-3 after)
          on Intel(R) Xeon(R) Processor @ 2.10GHz, git 3643818+dirty, code 30feac285d87, attempt 1: acc 1.000  trans  1200  VALcos 0.004  margin 0.99  DISCOVERED
  start 1223.3 min  F/window_delta   A_DELTA                  seed 342  (projected worst case 13 min)
  [140] 1224.8 min  F/window_delta   A_DELTA                  seed 342  lr 0.001  (gate W_in/W_g/window 1e-3 throughout; rest (incl. attn.w_b, attn.b_b) 1e-4 for 1-2400, 1e-3 after)
          on Intel(R) Xeon(R) Processor @ 2.10GHz, git 3643818+dirty, code 30feac285d87, attempt 1: acc 1.000  trans  1200  VALcos 0.004  margin 0.99  DISCOVERED
  start 1224.8 min  F/window_delta   A_DELTA                  seed 343  (projected worst case 13 min)
  [141] 1225.4 min  F/window_delta   A_DELTA                  seed 331  lr 0.001  (gate W_in/W_g/window 1e-3 throughout; rest (incl. attn.w_b, attn.b_b) 1e-4 for 1-2400, 1e-3 after)
          on Intel(R) Xeon(R) Processor @ 2.10GHz, git 3643818+dirty, code 30feac285d87, attempt 1: acc 0.879  trans  None  VALcos 1.000  margin 0.00  KEY
  start 1225.4 min  F/window_delta   A_DELTA                  seed 344  (projected worst case 13 min)
  [142] 1226.3 min  F/window_delta   A_DELTA                  seed 333  lr 0.001  (gate W_in/W_g/window 1e-3 throughout; rest (incl. attn.w_b, attn.b_b) 1e-4 for 1-2400, 1e-3 after)
          on Intel(R) Xeon(R) Processor @ 2.10GHz, git 3643818+dirty, code 30feac285d87, attempt 1: acc 0.476  trans  None  VALcos 1.000  margin 0.02  KEY
  start 1226.4 min  F/window_delta   A_DELTA                  seed 345  (projected worst case 13 min)
  [143] 1226.8 min  F/window_delta   A_DELTA                  seed 343  lr 0.001  (gate W_in/W_g/window 1e-3 throughout; rest (incl. attn.w_b, attn.b_b) 1e-4 for 1-2400, 1e-3 after)
          on Intel(R) Xeon(R) Processor @ 2.10GHz, git 3643818+dirty, code 30feac285d87, attempt 1: acc 1.000  trans  2400  VALcos 0.004  margin 0.99  DISCOVERED
  start 1226.8 min  F/window_delta   A_DELTA                  seed 346  (projected worst case 13 min)
  [144] 1226.9 min  F/window_delta   A_DELTA                  seed 344  lr 0.001  (gate W_in/W_g/window 1e-3 throughout; rest (incl. attn.w_b, attn.b_b) 1e-4 for 1-2400, 1e-3 after)
          on Intel(R) Xeon(R) Processor @ 2.10GHz, git 3643818+dirty, code 30feac285d87, attempt 1: acc 1.000  trans  1200  VALcos 0.002  margin 0.99  DISCOVERED
  start 1226.9 min  F/window_delta   A_DELTA                  seed 347  (projected worst case 13 min)
  [145] 1227.9 min  F/window_delta   A_DELTA                  seed 345  lr 0.001  (gate W_in/W_g/window 1e-3 throughout; rest (incl. attn.w_b, attn.b_b) 1e-4 for 1-2400, 1e-3 after)
          on Intel(R) Xeon(R) Processor @ 2.10GHz, git 3643818+dirty, code 30feac285d87, attempt 1: acc 1.000  trans  1200  VALcos 0.006  margin 0.99  DISCOVERED
  start 1227.9 min  F/window_delta   A_DELTA                  seed 348  (projected worst case 13 min)
  [146] 1228.3 min  F/window_delta   A_DELTA                  seed 346  lr 0.001  (gate W_in/W_g/window 1e-3 throughout; rest (incl. attn.w_b, attn.b_b) 1e-4 for 1-2400, 1e-3 after)
          on Intel(R) Xeon(R) Processor @ 2.10GHz, git 3643818+dirty, code 30feac285d87, attempt 1: acc 1.000  trans  1200  VALcos 0.004  margin 0.99  DISCOVERED
  start 1228.3 min  F/window_delta   A_DELTA                  seed 349  (projected worst case 13 min)
  [147] 1228.4 min  F/window_delta   A_DELTA                  seed 347  lr 0.001  (gate W_in/W_g/window 1e-3 throughout; rest (incl. attn.w_b, attn.b_b) 1e-4 for 1-2400, 1e-3 after)
          on Intel(R) Xeon(R) Processor @ 2.10GHz, git 3643818+dirty, code 30feac285d87, attempt 1: acc 1.000  trans  1200  VALcos 0.004  margin 1.00  DISCOVERED
  start 1228.4 min  F/window_delta   A_ORACLE_DELTA           seed 310  (projected worst case 11 min)
  [148] 1229.4 min  F/window_delta   A_DELTA                  seed 348  lr 0.001  (gate W_in/W_g/window 1e-3 throughout; rest (incl. attn.w_b, attn.b_b) 1e-4 for 1-2400, 1e-3 after)
          on Intel(R) Xeon(R) Processor @ 2.10GHz, git 3643818+dirty, code 30feac285d87, attempt 1: acc 1.000  trans  1200  VALcos 0.004  margin 0.99  DISCOVERED
  start 1229.4 min  F/window_delta   A_ORACLE_DELTA           seed 311  (projected worst case 11 min)
  [149] 1229.8 min  F/window_delta   A_DELTA                  seed 349  lr 0.001  (gate W_in/W_g/window 1e-3 throughout; rest (incl. attn.w_b, attn.b_b) 1e-4 for 1-2400, 1e-3 after)
          on Intel(R) Xeon(R) Processor @ 2.10GHz, git 3643818+dirty, code 30feac285d87, attempt 1: acc 1.000  trans  1200  VALcos 0.001  margin 1.00  DISCOVERED
  start 1229.8 min  F/window_delta   D_ORACLE_HEBB            seed 330  (projected worst case 10 min)
  [150] 1229.8 min  F/window_delta   A_ORACLE_DELTA           seed 310  lr 0.001  (Adam 1e-3 throughout)
          on Intel(R) Xeon(R) Processor @ 2.10GHz, git 3643818+dirty, code 30feac285d87, attempt 1: acc 1.000  trans  1200  VALcos 0.000  margin 1.00  BOUND
  start 1229.8 min  F/window_delta   D_ORACLE_HEBB            seed 331  (projected worst case 10 min)
  [151] 1230.8 min  F/window_delta   A_ORACLE_DELTA           seed 311  lr 0.001  (Adam 1e-3 throughout)
          on Intel(R) Xeon(R) Processor @ 2.10GHz, git 3643818+dirty, code 30feac285d87, attempt 1: acc 1.000  trans  1200  VALcos 0.000  margin 1.00  BOUND
  start 1230.8 min  F/window_delta   A_ORACLE_HEBB            seed 310  (projected worst case 6 min)
  [152] 1231.7 min  F/window_delta   A_ORACLE_HEBB            seed 310  lr 0.001  (Adam 1e-3 throughout)
          on Intel(R) Xeon(R) Processor @ 2.10GHz, git 3643818+dirty, code 30feac285d87, attempt 1: acc 1.000  trans  1200  VALcos 0.000  margin 1.00  BOUND
  start 1231.7 min  F/window_delta   A_ORACLE_HEBB            seed 311  (projected worst case 6 min)
  [153] 1231.9 min  F/window_delta   A_DELTA                  seed 341  lr 0.001  (gate W_in/W_g/window 1e-3 throughout; rest (incl. attn.w_b, attn.b_b) 1e-4 for 1-2400, 1e-3 after)
          on Intel(R) Xeon(R) Processor @ 2.10GHz, git 3643818+dirty, code 30feac285d87, attempt 1: acc 0.500  trans  None  VALcos 1.000  margin -0.00  KEY
  [154] 1232.7 min  F/window_delta   A_ORACLE_HEBB            seed 311  lr 0.001  (Adam 1e-3 throughout)
          on Intel(R) Xeon(R) Processor @ 2.10GHz, git 3643818+dirty, code 30feac285d87, attempt 1: acc 1.000  trans  1200  VALcos 0.000  margin 1.00  BOUND
  [155] 1238.1 min  F/window_delta   D_ORACLE_HEBB            seed 331  lr 0.001  (Adam 1e-3 throughout)
          on Intel(R) Xeon(R) Processor @ 2.10GHz, git b77e8bb, code 30feac285d87, attempt 1: acc 0.692  trans  None  VALcos 0.000  margin 1.00  unbound
  [156] 1238.1 min  F/window_delta   D_ORACLE_HEBB            seed 330  lr 0.001  (Adam 1e-3 throughout)
          on Intel(R) Xeon(R) Processor @ 2.10GHz, git b77e8bb+dirty, code 30feac285d87, attempt 1: acc 0.660  trans  None  VALcos 0.000  margin 1.00  unbound
  segment saved 156 runs
  runs left: 0
### S54 (a), (d) — counts (Wilson 95%; band)

| arm | n | BOUND | DISCOVERED | ROUTED*@end | failures (unbound) | transitions: median (all) | final acc median |
|---|---|---|---|---|---|---|---|
| A_DELTA | 40/40 | 36/40 [0.77, 0.96] RELIABLE | 36/40 [0.77, 0.96] RELIABLE | 36/40 [0.77, 0.96] RELIABLE | {'KEY': 4} | 1200 (1200, 1200, 1200, 1200, 1200, 1200, 1200, 1200, 1200, 1200, 1200, 1200, 1200, 1200, 1200, 1200, 1200, 1200, 1200, 1200, 1200, 1200, 1200, 1200, 1200, 1200, 1200, 1200, 1200, 1200, 1200, 1200, 2400, 2400, 2400, 2400) | 1.00 |
| A_ORACLE_DELTA | 2/2 | 2/2 [0.34, 1.00] RELIABLE | -- | -- | -- | 1200 (1200, 1200) | 1.00 |
| A_ORACLE_HEBB | 2/2 | 2/2 [0.34, 1.00] RELIABLE | -- | -- | -- | 1200 (1200, 1200) | 1.00 |
| D_DELTA | 20/20 | 0/20 [0.00, 0.16] NEVER | 0/20 [0.00, 0.16] NEVER | 0/20 [0.00, 0.16] NEVER | {'KEY': 16, 'OTHER': 4} | -- | 0.22 |
| D_HEBB | 20/20 | 0/20 [0.00, 0.16] NEVER | 0/20 [0.00, 0.16] NEVER | 0/20 [0.00, 0.16] NEVER | {'OTHER': 10, 'KEY': 10} | -- | 0.27 |
| D_ORACLE_DELTA | 2/2 | 0/2 [0.00, 0.66] NEVER | -- | -- | -- | -- | 0.24 |
| D_ORACLE_HEBB | 2/2 | 0/2 [0.00, 0.66] NEVER | -- | -- | -- | -- | 0.68 |

Validity (perfect gate binds on >= 1 of its 2 seeds):

- A_ORACLE_DELTA: 2/2 -> VALID (transitions [1200, 1200])
- A_ORACLE_HEBB: 2/2 -> VALID (transitions [1200, 1200])
- D_ORACLE_DELTA: 0/2 -> NOT VALID (transitions [None, None])
- D_ORACLE_HEBB: 0/2 -> NOT VALID (transitions [None, None])

READING (a): **delta better (and not worse)** (A_DELTA DISCOVERED 36/40 vs recorded Hebbian LOCAL3_SLOW 31/40 on 160-199, counts only; rules: not worse >= 29, better >= 35; one-sided Fisher p(delta > hebb) = 0.112, p(hebb > delta) = 0.967)

(d) BASELINE (RandHeaderTask, LOCAL3 + SLOW, k = 2, 24000):

- BASELINE D_HEBB: DISCOVERED 0/20 [0.00, 0.16] NEVER; BOUND 0/20 [0.00, 0.16] NEVER; ROUTED*@end 0/20 [0.00, 0.16] NEVER; failures {'OTHER': 10, 'KEY': 10}; validity False
- BASELINE D_DELTA: DISCOVERED 0/20 [0.00, 0.16] NEVER; BOUND 0/20 [0.00, 0.16] NEVER; ROUTED*@end 0/20 [0.00, 0.16] NEVER; failures {'KEY': 16, 'OTHER': 4}; validity False
- paired DISCOVERED: D_DELTA 0/20 vs D_HEBB 0/20: delta only 0, hebb only 0; p(delta > hebb) = 1, p(hebb > delta) = 1
- paired BOUND: D_DELTA 0/20 vs D_HEBB 0/20: delta only 0, hebb only 0; p(delta > hebb) = 1, p(hebb > delta) = 1
- paired ROUTED*@end: D_DELTA 0/20 vs D_HEBB 0/20: delta only 0, hebb only 0; p(delta > hebb) = 1, p(hebb > delta) = 1

η² of the read gate at the end (median over runs; by stream / key / half / index), KEY and VAL positions; margin:

- A_DELTA: KEY 1.00/0.00/0.00/0.00; VAL 1.00/0.00/0.00/0.00; margin 0.99
- D_DELTA: KEY 0.00/0.98/0.00/0.00; VAL 0.00/1.00/0.00/0.00; margin 0.00
- D_HEBB: KEY 0.00/0.38/0.00/0.05; VAL 0.00/1.00/0.00/0.00; margin 0.00

Learned β at CTX/KEY/VAL per layer, end (median): A_DELTA L1 0.82/0.76/0.74; L2 0.84/0.21/0.68; L3 0.85/0.12/0.69; D_DELTA L1 0.02/0.00/0.04; L2 0.02/0.00/0.03; L3 0.02/0.00/0.03

A_DELTA gate-state decodability at KEY / VAL (median; chance 0.5): 1200 1.00/1.00; 2400 1.00/1.00; 4800 0.75/0.75; end 1.00/1.00

Per seed (outcome tag; transition):

- A_DELTA: 310 DISCOVERED@1200, 311 DISCOVERED@1200, 312 KEY 0.63, 313 DISCOVERED@1200, 314 DISCOVERED@1200, 315 DISCOVERED@1200, 316 DISCOVERED@1200, 317 DISCOVERED@2400, 318 DISCOVERED@1200, 319 DISCOVERED@1200, 320 DISCOVERED@1200, 321 DISCOVERED@1200, 322 DISCOVERED@1200, 323 DISCOVERED@1200, 324 DISCOVERED@1200, 325 DISCOVERED@1200, 326 DISCOVERED@1200, 327 DISCOVERED@1200, 328 DISCOVERED@2400, 329 DISCOVERED@1200, 330 DISCOVERED@1200, 331 KEY 0.88, 332 DISCOVERED@1200, 333 KEY 0.48, 334 DISCOVERED@1200, 335 DISCOVERED@1200, 336 DISCOVERED@1200, 337 DISCOVERED@1200, 338 DISCOVERED@2400, 339 DISCOVERED@1200, 340 DISCOVERED@1200, 341 KEY 0.50, 342 DISCOVERED@1200, 343 DISCOVERED@2400, 344 DISCOVERED@1200, 345 DISCOVERED@1200, 346 DISCOVERED@1200, 347 DISCOVERED@1200, 348 DISCOVERED@1200, 349 DISCOVERED@1200
- D_DELTA: 330 KEY 0.20, 331 KEY 0.23, 332 OTHER 0.22, 333 OTHER 0.23, 334 KEY 0.22, 335 KEY 0.23, 336 KEY 0.22, 337 KEY 0.23, 338 KEY 0.22, 339 OTHER 0.24, 340 KEY 0.21, 341 KEY 0.20, 342 KEY 0.23, 343 KEY 0.22, 344 KEY 0.21, 345 KEY 0.23, 346 KEY 0.23, 347 OTHER 0.21, 348 KEY 0.22, 349 KEY 0.23
- D_HEBB: 330 OTHER 0.21, 331 OTHER 0.27, 332 KEY 0.32, 333 OTHER 0.32, 334 OTHER 0.27, 335 KEY 0.27, 336 OTHER 0.25, 337 KEY 0.29, 338 KEY 0.24, 339 OTHER 0.32, 340 KEY 0.27, 341 KEY 0.27, 342 KEY 0.27, 343 KEY 0.24, 344 OTHER 0.31, 345 KEY 0.25, 346 OTHER 0.24, 347 OTHER 0.32, 348 OTHER 0.33, 349 KEY 0.27

Runs: 88 ok (failed records 0), 10.76 h of run time; CPU ['Intel(R) Xeon(R) Processor @ 2.10GHz']; git ['16c6277', '16c6277+dirty', '1af0eae+dirty', '1f0835f', '1f0835f+dirty', '2a93d6f', '2a93d6f+dirty', '3643818', '3643818+dirty', '5c1f180', '5c1f180+dirty', 'b77e8bb', 'b77e8bb+dirty', 'c6a1e56', 'c6a1e56+dirty']; code SHA 30feac285d87
### S54 (b), (c) — counts (BOUND ROUTED; Wilson 95%; band)

| arm | n | BOUND ROUTED | BOUND | outcomes | splits fired (total; runs) | transitions of BOUND ROUTED: median (all) | final acc median |
|---|---|---|---|---|---|---|---|
| B_DELTA | 20/20 | 20/20 [0.84, 1.00] RELIABLE | 20/20 [0.84, 1.00] RELIABLE | {'BOUND ROUTED': 20} | 5; 3 | 3600.0 (2400, 2400, 2400, 3600, 3600, 3600, 3600, 3600, 3600, 3600, 3600, 3600, 3600, 3600, 3600, 3600, 8400, 9600, 10800, 22800) | 1.00 |
| B_HEBB | 20/20 | 19/20 [0.76, 0.99] RELIABLE | 20/20 [0.84, 1.00] RELIABLE | {'BOUND ROUTED': 19, 'BOUND NOT routed': 1} | 2; 1 | 3600 (3600, 3600, 3600, 3600, 3600, 3600, 3600, 3600, 3600, 3600, 3600, 3600, 3600, 3600, 3600, 3600, 4800, 4800, 14400) | 1.00 |
| C_DELTA | 10/10 | 3/10 [0.11, 0.60] MINORITY | 3/10 [0.11, 0.60] MINORITY | {'STREAM-PARTIAL one-to-one': 6, 'BOUND ROUTED': 3, 'MERGED (2 share)': 1} | 28; 10 | 20400 (18000, 20400, 38400) | 0.43 |
| C_HEBB | 10/10 | 9/10 [0.60, 0.98] RELIABLE | 9/10 [0.60, 0.98] RELIABLE | {'BOUND ROUTED': 9, 'MERGED (2 share)': 1} | 26; 10 | 21600 (18000, 18000, 20400, 20400, 21600, 22800, 24000, 27600, 32400) | 1.00 |
| B_ORACLE_DELTA | 2/2 | 2/2 [0.34, 1.00] RELIABLE | 2/2 [0.34, 1.00] RELIABLE | -- | 0; 0 | 1200.0 (1200, 1200) | 1.00 |
| B_ORACLE_HEBB | 2/2 | 2/2 [0.34, 1.00] RELIABLE | 2/2 [0.34, 1.00] RELIABLE | -- | 0; 0 | 1200.0 (1200, 1200) | 1.00 |
| C_ORACLE_DELTA | 2/2 | 2/2 [0.34, 1.00] RELIABLE | 2/2 [0.34, 1.00] RELIABLE | -- | 0; 0 | 25800.0 (22800, 28800) | 1.00 |
| C_ORACLE_HEBB | 2/2 | 2/2 [0.34, 1.00] RELIABLE | 2/2 [0.34, 1.00] RELIABLE | -- | 0; 0 | 3600.0 (2400, 4800) | 0.99 |

Validity (perfect gate binds on >= 1 of its 2 seeds):

- B_ORACLE_DELTA: 2/2 -> VALID (transitions [1200, 1200])
- B_ORACLE_HEBB: 2/2 -> VALID (transitions [1200, 1200])
- C_ORACLE_DELTA: 2/2 -> VALID (transitions [28800, 22800])
- C_ORACLE_HEBB: 2/2 -> VALID (transitions [4800, 2400])

READING (b): **delta not worse** (BOUND ROUTED DELTA 20/20 vs HEBB 19/20; delta only 1, hebb only 0; one-sided McNemar p(delta > hebb) = 0.5, p(hebb > delta) = 1; rules: not worse c − b <= 2, better b >= 4 and c = 0)

READING (c): **delta worse** (BOUND ROUTED DELTA 3/10 vs HEBB 9/10; delta only 0, hebb only 6; one-sided McNemar p(delta > hebb) = 1, p(hebb > delta) = 0.0156; rules: not worse c − b <= 2, better b >= 4 and c = 0)

Per seed (outcome@transition, splits, end map):

- B_DELTA: 310 BOUND ROUTED@3600 s0 1+1+1+1; 311 BOUND ROUTED@3600 s0 1+1+1+1; 312 BOUND ROUTED@2400 s0 1+1+1+1; 313 BOUND ROUTED@3600 s0 1+1+1+1; 314 BOUND ROUTED@3600 s0 1+1+1+1; 315 BOUND ROUTED@3600 s0 1+1+1+1; 316 BOUND ROUTED@22800 s3 1+1+1+1; 317 BOUND ROUTED@3600 s0 1+1+1+1; 318 BOUND ROUTED@2400 s0 1+1+1+1; 319 BOUND ROUTED@2400 s0 1+1+1+1; 320 BOUND ROUTED@10800 s1 1+1+1+1; 321 BOUND ROUTED@3600 s0 1+1+1+1; 322 BOUND ROUTED@3600 s0 1+1+1+1; 323 BOUND ROUTED@9600 s0 1+1+1+1; 324 BOUND ROUTED@8400 s1 1+1+1+1; 325 BOUND ROUTED@3600 s0 1+1+1+1; 326 BOUND ROUTED@3600 s0 1+1+1+1; 327 BOUND ROUTED@3600 s0 1+1+1+1; 328 BOUND ROUTED@3600 s0 1+1+1+1; 329 BOUND ROUTED@3600 s0 1+1+1+1
- B_HEBB: 310 BOUND ROUTED@3600 s0 1+1+1+1; 311 BOUND ROUTED@3600 s0 1+1+1+1; 312 BOUND ROUTED@3600 s0 1+1+1+1; 313 BOUND ROUTED@3600 s0 1+1+1+1; 314 BOUND ROUTED@4800 s0 1+1+1+1; 315 BOUND ROUTED@3600 s0 1+1+1+1; 316 BOUND ROUTED@14400 s2 1+1+1+1; 317 BOUND ROUTED@3600 s0 1+1+1+1; 318 BOUND ROUTED@3600 s0 1+1+1+1; 319 BOUND ROUTED@3600 s0 1+1+1+1; 320 BOUND ROUTED@3600 s0 1+1+1+1; 321 BOUND ROUTED@3600 s0 1+1+1+1; 322 BOUND ROUTED@3600 s0 1+1+1+1; 323 BOUND NOT routed@9600 s0 3+1; 324 BOUND ROUTED@3600 s0 1+1+1+1; 325 BOUND ROUTED@3600 s0 1+1+1+1; 326 BOUND ROUTED@3600 s0 1+1+1+1; 327 BOUND ROUTED@3600 s0 1+1+1+1; 328 BOUND ROUTED@3600 s0 1+1+1+1; 329 BOUND ROUTED@4800 s0 1+1+1+1
- C_DELTA: 310 STREAM-PARTIAL one-to-one 0.33 s3 1+1+1+1+1+1+1+1; 311 STREAM-PARTIAL one-to-one 0.50 s3 1+1+1+1+1+1+1+1; 312 STREAM-PARTIAL one-to-one 0.43 s3 1+1+1+1+1+1+1+1; 313 STREAM-PARTIAL one-to-one 0.32 s3 1+1+1+1+1+1+1+1; 314 STREAM-PARTIAL one-to-one 0.32 s3 1+1+1+1+1+1+1+1; 315 BOUND ROUTED@20400 s3 1+1+1+1+1+1+1+1; 316 BOUND ROUTED@18000 s1 1+1+1+1+1+1+1+1; 317 BOUND ROUTED@38400 s3 1+1+1+1+1+1+1+1; 318 MERGED (2 share) 0.43 s3 2+1+1+1+1+1+1; 319 STREAM-PARTIAL one-to-one 0.34 s3 1+1+1+1+1+1+1+1
- C_HEBB: 310 BOUND ROUTED@24000 s3 1+1+1+1+1+1+1+1; 311 BOUND ROUTED@18000 s2 1+1+1+1+1+1+1+1; 312 BOUND ROUTED@21600 s3 1+1+1+1+1+1+1+1; 313 BOUND ROUTED@32400 s3 1+1+1+1+1+1+1+1; 314 MERGED (2 share) 0.88 s3 2+1+1+1+1+1+1; 315 BOUND ROUTED@27600 s3 1+1+1+1+1+1+1+1; 316 BOUND ROUTED@22800 s3 1+1+1+1+1+1+1+1; 317 BOUND ROUTED@20400 s3 1+1+1+1+1+1+1+1; 318 BOUND ROUTED@18000 s2 1+1+1+1+1+1+1+1; 319 BOUND ROUTED@20400 s1 1+1+1+1+1+1+1+1

B_DELTA gate-state decodability at KEY / VAL (median): 1200 0.80/0.78; 2400 0.91/0.90; 4800 1.00/1.00; 9600 0.92/0.94; end 1.00/1.00

B_HEBB gate-state decodability at KEY / VAL (median): 1200 0.84/0.88; 2400 0.98/1.00; 4800 1.00/1.00; 9600 0.54/0.52; end 1.00/1.00

C_DELTA gate-state decodability at KEY / VAL (median): 1200 0.85/0.84; 2400 0.69/0.69; 4800 0.67/0.75; 9600 0.79/0.86; end 1.00/1.00

C_HEBB gate-state decodability at KEY / VAL (median): 1200 0.85/0.83; 2400 0.54/0.57; 4800 0.48/0.59; 9600 0.85/0.86; end 1.00/1.00

Learned β at CTX/KEY/VAL per layer, end (median): B_DELTA L1 0.51/0.34/0.59; L2 0.59/0.11/0.64; L3 0.60/0.09/0.65; C_DELTA L1 0.03/0.01/0.44; L2 0.01/0.02/0.20; L3 0.01/0.06/0.24

Runs: 68 ok (failed records 0), 71.58 h of run time; CPU ['Intel(R) Xeon(R) Processor @ 2.10GHz']; git ['007c33b', '007c33b+dirty', '0268500', '0268500+dirty', '0442f35', '092753c', '130a278', '1af0eae', '1af0eae+dirty', '21fae31', '3083fad', '3083fad+dirty', '313aa2f', '313aa2f+dirty', '3459b4d', '365b008', '365b008+dirty', '439a406', '439a406+dirty', '4fd5694', '4fd5694+dirty', '5532430', '98cad4c', '98cad4c+dirty', 'af53cb4', 'c7359e5', 'c7359e5+dirty', 'c87b266', 'c87b266+dirty', 'd7ae05c', 'f241dc2', 'f241dc2+dirty', 'f2db36e', 'f2db36e+dirty', 'f5dfb37', 'f5dfb37+dirty']; code SHA c8612c854acc
exit 0
