nohup: ignoring input
====================================================================================================
Recipe scope: the hinge without the slow schedule, and the HINGE recipe on the stream curriculum
  HONLY: the hinge (1.0 * [relu(eta2_index - 0.2) + relu(eta2_half - 0.2)]) with one optimizer group at 0.001; SC8_H: SLOW (gate 0.001, the rest 0.0001 for updates 1-2400) + the hinge on each stage's key positions
  Part 0: 24000 steps (DISCOVERED); Part B: 28800 steps (BOUND); Part C: stages switch at 4800 and 9600, 28800 steps (BOUND on the 8-stream set, stage 3)
  HONLY0     arm A + the hinge, one group at 1e-3 (S=2, P=4, k=2, no conv)         seeds 280-299 (20)
  HONLY4k16  A4k16 + the hinge, one group at 1e-3 (S=4, P=4, k=16, conv)           seeds 240-259 (20)
  SC8_H      SC8 + HINGE (slow 1-2400; hinge on each stage's key positions)        seeds 260-279 (20)
  --slow        slow_start_results.json (CPU 12th Gen Intel(R) Core(TM) i7-12650H, git 9c5939e, 110 records)
  --recipe      stream_recipe_results.json (CPU 12th Gen Intel(R) Core(TM) i7-12650H, git 092937b, 90 records)
  --curriculum  stream_curriculum_results.json (CPU 12th Gen Intel(R) Core(TM) i7-12650H, git 631fd62, 53 records)
  --scale       scale_axes_results.json (CPU 12th Gen Intel(R) Core(TM) i7-12650H, git 248c482, 80 records)
  --short       short_conv_results.json (CPU 12th Gen Intel(R) Core(TM) i7-12650H, git 4610878, 165 records)
  torch 2.14.0   CPU 12th Gen Intel(R) Core(TM) i7-12650H   4 worker processes x 1 thread   git c69f1e6
====================================================================================================

test_slow_start.py's verification (which runs test_stream_curriculum's, and so on down to
test_multilayer_binding's), with X's recorded files:
test_stream_curriculum.py's verification (which runs test_stream_recipe's, and so on down to
test_multilayer_binding's):
test_stream_recipe.py's verification (which runs test_stream_channels', and so on down to
test_multilayer_binding's):
test_stream_channels.py's verification (which runs test_scale_axes's, and so on down to
test_multilayer_binding's), with its default --prev (scale_axes_results.json):
test_scale_axes.py's verification (which runs test_curriculum_confirm's, and so on down
to test_multilayer_binding's):
test_curriculum_confirm.py's verification (which runs test_load_curriculum's, and so on
down to test_multilayer_binding's), with its default --prev (load_curriculum_results.json):
test_load_curriculum.py's verification (which runs test_p_scaling's, and so on down to
test_multilayer_binding's); its CHECK 72 pairs with p_scaling_results.json, the p_scaling file named in
the --prev file's meta:
test_p_scaling.py's verification (which runs test_conv_lr's, and so on down to
test_multilayer_binding's); its CHECK 64 pairs with conv_lr_results.json, the conv_lr file named
in the --p8 file's meta:
test_conv_lr.py's verification (which runs test_short_conv's, and so on down to
test_multilayer_binding's); its CHECK 59 pairs with short_conv_results.json, the short_conv file
named in the --p4 file's meta:
test_short_conv.py's verification (which runs test_router_layout's, and so on down
to test_multilayer_binding's):
test_router_layout.py's verification (which runs test_router_reliability's, and so on
down to test_multilayer_binding's):
test_router_reliability.py's verification (which runs test_readout_path's, and so on
down to test_multilayer_binding's):
test_readout_path.py's verification (which runs test_router_confirm's, and so on
down to test_multilayer_binding's):
test_router_confirm.py's verification (which runs test_router_curriculum's, and so
on down to test_multilayer_binding's):
test_router_curriculum.py's verification (which runs test_router_discovery's, and so
on down to test_multilayer_binding's):
test_router_discovery.py's verification (which runs test_channel_binding's, and so on
down to test_multilayer_binding's):
test_channel_binding.py's verification (which runs test_binding_onset's, which runs
test_multilayer_binding's):
test_binding_onset.py's CHECKs (which include test_multilayer_binding's 1-6):
====================================================================================================
VERIFICATION — printed before any training
====================================================================================================
CHECK 1  k=1, no gate, RoPE, weights copied from a bdh.BDH instance (n_head=1,
         dropout=0): MultiBDH reproduces bdh.BDH's logits, per n_layer. The copy
         uses load_state_dict(strict=True), so the parameter sets are identical.
         n_layer=1  G=None                   max |logits - bdh.BDH| = 0.00e+00
         n_layer=1  G=ones via uniform k=1   max |logits - bdh.BDH| = 0.00e+00
         n_layer=2  G=None                   max |logits - bdh.BDH| = 0.00e+00
         n_layer=2  G=ones via uniform k=1   max |logits - bdh.BDH| = 0.00e+00
         n_layer=3  G=None                   max |logits - bdh.BDH| = 0.00e+00
         n_layer=3  G=ones via uniform k=1   max |logits - bdh.BDH| = 0.00e+00
         -> REPRODUCES bdh.BDH

CHECK 2  GatedAttention's RoPE scores equal bdh.Attention's on random input:
         scores (V = identity): max diff = 0.00e+00
         outputs (random V)   : max diff = 0.00e+00
         -> IDENTICAL

CHECK 3  gate algebra: a uniform gate over k channels gives g_r.g_w = k*(1/k)^2 =
         1/k, so the multichannel score must equal the single-channel score / k:
         k=2: max |score_k - score_1/k| = 0.00e+00
         k=3: max |score_k - score_1/k| = 4.77e-07
         k=4: max |score_k - score_1/k| = 0.00e+00
         -> CONFIRMED
         model level (informative): uniform k=2 vs single channel, same weights,
         max |logits diff| = 8.94e-04. bdh.py LayerNorms yKV right after the
         attention, which cancels the 1/k up to LayerNorm's eps — so the uniform-
         gate floor and the plain single channel B are nearly the same function.

CHECK 4  the task generator is REUSED from test_binding_capacity, not rewritten:
         BindTask.__module__ = 'test_binding_capacity'
         BindTask.make_batch is test_binding_capacity.BindTask.make_batch: True
         at S=1 (Gate 0): one context token throughout = True; every query
         answered by its key's bound value = True
         -> REUSED

CHECK 5  the gate is test_instrument_v2.Instrument.gates itself: MultiBDH vs an
         Instrument holding the same gate weights and embeddings, bitwise:
         recurrent: max |MultiBDH gate - Instrument gate| = 0.00e+00
           perfect: max |MultiBDH gate - Instrument gate| = 0.00e+00
           uniform: max |MultiBDH gate - Instrument gate| = 0.00e+00
         -> IDENTICAL

CHECK 6  one gate, applied identically at EVERY layer: with the perfect gate, every
         cross-stream score must be exactly zero inside each layer's attention:
         layers seen: 3 (n_layer=3)
         layer 0: max |cross-stream score| = 0.00e+00   max |same-stream score| = 7.62e-01
         layer 1: max |cross-stream score| = 0.00e+00   max |same-stream score| = 7.35e-01
         layer 2: max |cross-stream score| = 0.00e+00   max |same-stream score| = 6.35e-01
         -> APPLIED AT EVERY LAYER

ALL VERIFICATION CHECKS PASSED

====================================================================================================
VERIFICATION — this test's own CHECKs
====================================================================================================
CHECK 7  the long-run training loop IS Gate 0's: onset_run with no evaluation,
         then run_ml's own final evaluation (512 sequences drawn from the
         training generator), vs test_multilayer_binding.run_ml itself:
         n_layer=3 decay seed 0, 1200 steps: run_ml acc=0.3564453125  onset_run acc=0.3564453125  -> IDENTICAL
         n_layer=2 rope  seed 0, 1200 steps: run_ml acc=0.5634765625  onset_run acc=0.5634765625  -> IDENTICAL

CHECK 8  evaluation does not perturb training: 4800 steps with an evaluation every
         1200 steps vs none, n_layer=3 decay, seed 0, primary task:
         evaluations made: 4   final weights bitwise equal: True
         held-out accuracy: with evals 0.326171875  without 0.326171875  -> IDENTICAL

CHECK 9  the reference transformer's causal mask works: changing every token after
         position t must leave logits at positions <= t untouched (train mode, as
         trained, and eval mode, as evaluated):
         train  with the mask: max |change at positions <= t| = 0.00e+00   without it: 3.26e-01 (the check has teeth)  -> CAUSAL
         eval   with the mask: max |change at positions <= t| = 0.00e+00   without it: 2.97e-01 (the check has teeth)  -> CAUSAL

CHECK 10 the primary task leaves nothing to eliminate: one query per sequence,
         answered by its key's bound value:
         query positions scored per sequence: 1   bound value answers every query: True   sequence length: 15

ALL VERIFICATION CHECKS PASSED

====================================================================================================
VERIFICATION — this test's own CHECKs
====================================================================================================
CHECK 15 the knobs added for this test are inert at their defaults, vs 2282d72:
         arms_for(task) == legacy arms_for(task): True
         run_ml (recurrent k=2, 60 steps, per-role cosine trace at 0/30/60) == legacy: True   VAL cos at end 0.999924
         report() on a synthetic store, full printed text == legacy: True (103 lines)
         attempt() record (all fields but wall time) == legacy: True

CHECK 16 the substrate: every arm is test_multilayer_binding.build at mult=8, and
         the single-channel arm trained through build is bit-identical to
         make_bdh(mult=8) — the model test_binding_recipe.py confirmed:
           floor: n_layer 3 decay N=256  k=2 gate=uniform   readout=False h_gate=32  params  25984 state  49152  -> OK
         ceiling: n_layer 3 decay N=256  k=2 gate=perfect   readout=False h_gate=32  params  25984 state  49152  -> OK
               A: n_layer 3 decay N=256  k=2 gate=recurrent readout=False h_gate=32  params  28096 state  49152  -> OK
            A_ro: n_layer 3 decay N=256  k=2 gate=recurrent readout=True  h_gate=32  params  29120 state  49152  -> OK
               B: n_layer 3 decay N=256  k=1 gate=none      readout=False h_gate=32  params  25984 state  24576  -> OK
               E: n_layer 3 decay N=256  k=1 gate=recurrent readout=True  h_gate=32  params  29088 state  24576  -> OK
           E_mem: n_layer 3 decay N=512  k=1 gate=recurrent readout=True  h_gate=32  params  53664 state  49152  -> OK
           E_h64: n_layer 3 decay N=256  k=1 gate=recurrent readout=True  h_gate=64  params  34240 state  24576  -> OK
          E_h128: n_layer 3 decay N=256  k=1 gate=recurrent readout=True  h_gate=128 params  50688 state  24576  -> OK
         B via build vs make_bdh, S=2 P=4, seed 2, 1200 steps: weights equal True, curves equal True  -> IDENTICAL
         E_mem memory == A memory: 49152 vs 49152 floats  -> MATCHED

CHECK 17 the task: S=2 streams bind DIFFERENT values to the same key, and the
         one query per sequence is answered by its own stream's value:
         P=4  length 27  queries scored per sequence 1   streams conflict on every key: True   query answered by its stream: True  -> OK
         P=8  length 51  queries scored per sequence 1   streams conflict on every key: True   query answered by its stream: True  -> OK
         P=16 length 99  queries scored per sequence 1   streams conflict on every key: True   query answered by its stream: True  -> OK

CHECK 18 a worker's run (record and gate cosines) is bit-identical to the same run
         here, and its cosines equal role_cosines (run_ml's diagnostic, CHECK 15)
         applied to the same model trained directly with onset_run:
         A, P=4, seed 1, 1200 steps: worker == here True   KEY cos 0.999754  VAL cos 0.999998 == role_cosines on the trained model: True  -> IDENTICAL

ALL VERIFICATION CHECKS PASSED

====================================================================================================
VERIFICATION — this test's own CHECKs
====================================================================================================
CHECK 19 every new knob is inert at its default: 60-step runs (evaluations every 20)
         through the new code vs 66754b2's modules:
         legacy MultiBDH is a distinct class: True   legacy onset_run takes on_eval: False
         A_ro  weights equal True   curves equal True  accs [0.064, 0.0649, 0.062]  -> IDENTICAL
         B     weights equal True   curves equal True  accs [0.0635, 0.0659, 0.062]  -> IDENTICAL
         defaults: gate_ln=False gate_noise=0.0 noise_gen=None  -> INERT

CHECK 20 A_ro_lr10's optimizer, as onset_run built it (captured by a step pre-hook):
         group 0: lr=0.01  3 params: ['W_g', 'W_h', 'W_in']
         group 1: lr=0.001  6 params: ['W_ro', 'decoder', 'embed.weight', 'encoder', 'encoder_v', 'lm_head']
         -> TWO GROUPS, fast = exactly {W_in, W_h, W_g}

CHECK 21 A_ro_ln changes only the gate's input:
         init parameters identical to A_ro's (seed 5): True   BDH.forward logits with the same G forced: identical True   gates differ: True
         step-0 spread (seed 0 probe): A_ro 0.003332   A_ro_ln 0.134494  -> ONLY THE GATE INPUT CHANGES

CHECK 22 A_ro_noise (sigma=0.5, own generator seeded seed + 77777):
         (a) sigma=0, 60 steps vs A_ro: weights equal True, curves equal True  -> IDENTICAL
         (b) eval mode: two forwards identical and equal to the noise-free forward: True
         (c) train mode: the forward differs (gate and logits): True
         (d) global RNG state after one training step equals A_ro's: True   the noise generator was drawn from: True

CHECK 23 A_ro_nudge (positive control): 300 Adam steps at lr 0.01 on {W_in, W_h, W_g} toward 0.475 + 0.05 * perfect gate:
         step-0 sep 0.0500 (0.05 +- 0.015): True   6 non-gate parameters bitwise equal to A_ro's init: True   gate parameters moved: True
         first 3 training batches equal A_ro's: True  -> OK

CHECK 24 gate stats and cosines are measured noise-free: twice on an A_ro_noise model
         left in train mode:
         identical: True   still in train mode afterwards: True   sep 0.000643 spread 0.003131 VAL cos 1.000000  -> NOISE-FREE

CHECK 25 a worker's run (record and gate stats) is bit-identical to the same run here:
         A_ro_noise seed 1, 1200 steps: equal True   stats recorded 2 (step 0 + 1 evaluation)   VAL cos 1.000000  -> IDENTICAL

ALL VERIFICATION CHECKS PASSED

====================================================================================================
VERIFICATION — this test's own CHECKs
====================================================================================================
CHECK 26 the new onset_run knobs (grad_hook, post_step) are inert at their defaults:
         60-step runs (evaluations every 20) vs 4422dc4's modules:
         legacy onset_run takes grad_hook: False   legacy MultiBDH is a distinct class: True
         A  weights equal True   curves equal True   accs [0.0635, 0.0659, 0.062]  -> IDENTICAL
         B  weights equal True   curves equal True   accs [0.0635, 0.0659, 0.062]  -> IDENTICAL

CHECK 27 through step T the curriculum IS the uniform gate: A_late with T=61, run 60 steps, vs
         the floor arm (gate='uniform', k=2), seed 2, evaluations every 20:
         gate output exactly 0.5 at every position (train and eval): True   non-gate weights bitwise equal to floor's: True
         W_in, W_h, W_g bitwise unchanged (W_g still 0): True   curves equal to floor's: True  -> UNIFORM GATE

CHECK 28 the re-init at T: A_late with T=60, run 61 steps, seed 2; the optimizer is observed by a step pre-hook:
         W_g at T equals randn(seed + 88888) * 0.1 exactly: True   Adam state for the gate before T+1: none = True (other parameters have state: True)
         W_in, W_h, W_g all change at step T+1: True   accuracy at T 0.0742   sep before/after re-init 0.0000/0.0016   spread 0.0000/0.0038  -> OK

CHECK 29 the re-init leaves the global torch RNG alone, and the batches after T are the floor arm's:
         global RNG state identical across the re-init: True   training batches T+1..T+3 equal the floor arm's: True  -> OK

CHECK 30 A_nudge is test_router_discovery's nudge, on arm A:
         step-0 sep 0.0500 (0.05 +- 0.015): True   non-gate parameters equal A's at init: True   no readout (arm A): True  -> OK

CHECK 31 a worker's run is bit-identical to the same run here:
         A_late_ln seed 1, T=600, 1200 steps: equal True   accuracy at T 0.1553   VAL cos at end 1.0000  -> IDENTICAL

ALL VERIFICATION CHECKS PASSED

====================================================================================================
VERIFICATION — this test's own CHECKs
====================================================================================================
CHECK 32 the arms are unchanged: 60-step runs (evaluations every 20), seed 0, through
         this test's arm table vs test_router_curriculum's (A, A_ln, A_nudge, B) and
         test_channel_binding's (E_mem):
         A        vs test_router_curriculum weights equal True   curves equal True   N=256 k=2 readout=False  -> IDENTICAL
         A_ln     vs test_router_curriculum weights equal True   curves equal True   N=256 k=2 readout=False  -> IDENTICAL
         A_nudge  vs test_router_curriculum weights equal True   curves equal True   N=256 k=2 readout=False  -> IDENTICAL
         B        vs test_router_curriculum weights equal True   curves equal True   N=256 k=1 readout=False  -> IDENTICAL
         E_mem    vs test_channel_binding   weights equal True   curves equal True   N=512 k=1 readout=True  -> IDENTICAL

CHECK 33 the seed sets, all disjoint from the exploratory seeds 0-9:
         A        40 seeds: 10-49   disjoint from 0-9: True
         A_ln     40 seeds: 10-49   disjoint from 0-9: True
         A_nudge  20 seeds: 10-29   disjoint from 0-9: True
         B        10 seeds: 10-19   disjoint from 0-9: True
         E_mem    10 seeds: 10-19   disjoint from 0-9: True
         A and A_ln use the same seeds (paired): True

CHECK 34 the statistics code reproduces reference values:
         Fisher one-sided  7/10 vs  0/10              0.00155  (reference 0.00155)  -> OK
         Fisher one-sided  7/10 vs  4/10              0.18492  (reference 0.18492)  -> OK
         Fisher one-sided 15/20 vs  7/20              0.01242  (reference 0.01242)  -> OK
         McNemar exact two-sided, 4 vs 1 discordant   0.37500  (reference 0.375)  -> OK

CHECK 35 the pairing: seed 10, A and A_ln start from bitwise-identical parameters and
         see bitwise-identical first 3 training batches:
         parameters identical: True   first 3 batches identical: True   gate_ln A=False A_ln=True  -> PAIRED

CHECK 36 a worker's run is bit-identical to the same run here:
         A_ln   seed 11, 1200 steps: equal True   acc 0.3276  -> IDENTICAL
         E_mem  seed 11, 1200 steps: equal True   acc 0.1802  -> IDENTICAL

ALL VERIFICATION CHECKS PASSED

====================================================================================================
VERIFICATION — this test's own CHECKs
====================================================================================================
CHECK 37 the new knobs (MultiBDH readout_sg, onset_run early_stop_after) are inert at
         their defaults: 60-step runs (evaluations every 20) vs d5e3db6's modules:
         legacy MultiBDH takes readout_sg: False   legacy onset_run takes early_stop_after: False
         A     weights equal True   curves equal True   accs [0.0635, 0.0659, 0.062]  -> IDENTICAL
         A_ro  weights equal True   curves equal True   accs [0.064, 0.0649, 0.062]  -> IDENTICAL

CHECK 38 A_ro_sg changes gradients only:
         init logits bitwise equal to A_ro's (seed 5): True
         with W_g = 0 (uniform gate), max |grad|:  A_ro     W_in 1.553e-04  W_h 1.336e-04  W_ro 2.611e-04
                                                   A_ro_sg  W_in 0.000e+00  W_h 0.000e+00  W_ro 2.611e-04  -> GRADIENT PATH CUT, W_ro STILL TRAINS

CHECK 39 through T_RO A_ro_late is arm A: T_RO = 61, so a 60-step run (evaluations
         every 20, seed 2) ends before the release:
         non-readout weights bitwise equal to A's: True   curves equal: True   W_ro still exactly 0: True  -> IS ARM A

CHECK 40 the release at T_RO (T_RO = 60, run 61 steps, seed 2; optimizer observed by
         a step pre-hook):
         W_ro at T_RO equals randn(seed + 99999) * 0.1 exactly: True   no Adam state for W_ro before T_RO+1: True   W_ro trains after: True
         global RNG unchanged across the re-init: True
         early-stop counter (evaluate stubbed to 1.0, evaluations every 2 steps): plain run stops at step 6; with early_stop_after=6 it stops at step 12  -> OK

CHECK 41 a worker's run is bit-identical to the same run here:
         A_ro_late seed 51, T_RO=600, 1200 steps: equal True   grad norms at step 1 (gate, rest): (0.0, 2.9363)  -> IDENTICAL

ALL VERIFICATION CHECKS PASSED

====================================================================================================
VERIFICATION — this test's own CHECKs
====================================================================================================
CHECK 42 the generalized statistics reduce to the old ones at k = 2: arm A, seed 3,
         trained 3600 steps, probe batch of seed 3:
         spread old 0.9260943 new 0.9260943 (|diff| 0.0e+00)   sep old 0.0041945 new 0.0041945 (|diff| 1.5e-08)
         key_part and the role cosines carried over unchanged: True   (key_sep 0.0326, eff_ch 1.9954)  -> REDUCES TO test_router_discovery

CHECK 43 the pairing: seed 80, A, A_k4 and A_k8 at init and over the first 3 batches:
         parameters other than W_g bitwise identical: True   first 3 batches identical: True
         W_g shapes: A (2, 32)   A_k4 (4, 32)   A_k8 (8, 32)  -> PAIRED

CHECK 44 the stationary point generalizes: W_g = 0, seed 5, one training batch (seed 44):
         k=2: gate exactly 1/k at every position (train and eval): True   |grad| gate (W_in, W_h, W_g) 0.000e+00   rest 2.848e+00  -> STATIONARY
         k=4: gate exactly 1/k at every position (train and eval): True   |grad| gate (W_in, W_h, W_g) 0.000e+00   rest 2.848e+00  -> STATIONARY
         k=8: gate exactly 1/k at every position (train and eval): True   |grad| gate (W_in, W_h, W_g) 1.264e-11   rest 2.848e+00  -> STATIONARY

CHECK 45 expressibility: tmb.gate_fit's recipe (400 Adam steps at lr 0.01 on W_in, W_h, W_g, embed) toward
         the stream routing padded to k channels (one-hot on channel s for stream s):
         the recipe reproduces tmb.gate_fit exactly (k=2, its own model at mult 2): True
         A     k=2: mse 3.10e-07   argmax match 1.0000
         A_k4  k=4: mse 4.38e-06   argmax match 1.0000  -> FITS (>= 0.99)
         A_k8  k=8: mse 5.20e-06   argmax match 1.0000  -> FITS (>= 0.99)

CHECK 46 the restart protocol:
     (a) an attempt (seed 3, run to 3600) vs the plain arm-A run above, with the decision forced both ways:
         forced pass: weights at step 2400 equal True   weights at step 3600 and curve equal True   accuracy read == curve True
         forced fail: weights at step 2400 equal True   abandoned at step 2400   accuracies read [0.1865, 0.2637] == plain curve's: True
         the real rule on this seed: accuracy 0.2637 at step 2400 -> fail  -> IDENTICAL
     (b) attempt seeds 1000-1149, 150 distinct, 1000 + 5i + j: True; disjoint from earlier seeds 0-79 and Part 1's 80-119: True
     (c) decide's parameters: ['step', 'acc']; it reads no global name ({}) and only the constants {'a_check': 0.6, 't_check': 2400}: True
         synthetic 'pass' curve [0.31, 0.64, 0.9, 0.97]: decide saw [(4, 0.64)]; attempts used 1, continued seed 3, training steps 8  -> OK
         synthetic 'fail' curve [0.35, 0.52, 0.55, 0.58]: decide saw [(4, 0.52), (4, 0.52), (4, 0.52), (4, 0.52), (4, 0.52)]; attempts used 5, continued seed None, training steps 20  -> OK

CHECK 47 a worker's run is bit-identical to the same run here:
         Part 1  A_k8 seed 1, 1200 steps: equal True   eff_ch at the evaluation 5.3724  -> IDENTICAL
         Part 2  trial, seeds 1-5, check at step 40 of 60 (evaluations every 20), A_CHECK=0.6: equal True   attempts used 5  -> IDENTICAL
         Part 2  trial, seeds 1-5, check at step 40 of 60 (evaluations every 20), A_CHECK=0.0: equal True   attempts used 1  -> IDENTICAL

ALL VERIFICATION CHECKS PASSED

====================================================================================================
VERIFICATION — this test's own CHECKs
====================================================================================================
CHECK 48 layout="grouped" is the old make_batch, and every earlier test's task is unchanged, vs e5291da's
         test_binding_capacity (same constructor arguments, same generator seeds):
         17 tasks (S=1 and S=2, n_q=1 and 4, P=4-32): attributes (other than the new layout = 'grouped'), batches
         and generator states after make_batch equal the old ones, implicit and explicit default: True
         test_router_reliability.run_one's new knobs (task, stats_fn) at their defaults and explicit, vs e5291da's run_one,
         arm A seed 3, 60 steps (evaluations every 20): records equal True  -> UNCHANGED

CHECK 49 the generators, over 10,000 sequences each (generator seed 49):
         grouped  each (stream, key) once: True   S distinct values per key: True   query answered by its own stream's value: True
                  grouped structure 1.000   adjacent triples sharing a key 0.5714 (4 of the 7 adjacent pairs are a key's own two triples: 4/7 = 0.5714)  -> OK
         blocked  each (stream, key) once: True   S distinct values per key: True   query answered by its own stream's value: True
                  streams contiguous 1.000   block order (S0 first) 0.4927 (0.5 +- 0.02)   both blocks in the same key order 0.0433 (1/P! = 0.0417 if independent)  -> OK
         shuffled each (stream, key) once: True   S distinct values per key: True   query answered by its own stream's value: True
                  stream 0 per slot [0.498, 0.495, 0.503, 0.499, 0.502, 0.502, 0.502, 0.499] (0.5 +- 0.02)   adjacent triples sharing a key 0.1433 (1/7 = 0.1429 +- 0.01)   grouped structure 0.0115, blocked 0.0292 by chance  -> OK

CHECK 50 evaluation, probe and training batches follow the arm's layout: arm A seed 3, 20 steps,
         evaluations every 10, every MultiBDH input captured by a global forward pre-hook:
         grouped  the arm's eval_batch and probe batch were used: True, True
                  train inputs (  640 rows): grouped structure 1.000   blocked structure 0.000   adjacent same key 0.571
                  eval  inputs ( 7424 rows): grouped structure 1.000   blocked structure 0.000   adjacent same key 0.571
                  -> FOLLOWS THE LAYOUT
                  e.g. S1 K2 v9 | S0 K2 v13 | S0 K3 v8 | S1 K3 v10 | S1 K1 v6 | S0 K1 v10 | S0 K0 v3 | S1 K0 v1 || S1 K1 -> v6
         blocked  the arm's eval_batch and probe batch were used: True, True
                  train inputs (  640 rows): grouped structure 0.000   blocked structure 1.000   adjacent same key 0.036
                  eval  inputs ( 7424 rows): grouped structure 0.000   blocked structure 1.000   adjacent same key 0.037
                  -> FOLLOWS THE LAYOUT
                  e.g. S1 K0 v1 | S1 K3 v10 | S1 K2 v9 | S1 K1 v6 | S0 K0 v3 | S0 K1 v10 | S0 K3 v8 | S0 K2 v13 || S1 K3 -> v10
         shuffled the arm's eval_batch and probe batch were used: True, True
                  train inputs (  640 rows): grouped structure 0.011   blocked structure 0.028   adjacent same key 0.144
                  eval  inputs ( 7424 rows): grouped structure 0.009   blocked structure 0.032   adjacent same key 0.141
                  -> FOLLOWS THE LAYOUT
                  e.g. S1 K2 v9 | S0 K2 v13 | S1 K1 v6 | S1 K0 v1 | S0 K3 v8 | S0 K1 v10 | S0 K0 v3 | S1 K3 v10 || S1 K3 -> v10

CHECK 51 the new statistics, on the probe batch of seed 0 in each layout:
         grouped  perfect gate: eta^2 by stream key 1.000000 val 1.000000   by key 0.0000   by half 0.0000   margin 1.0
                  uniform gate: margin 0.0   eta^2 by stream 0.0 (p constant)  -> OK
         blocked  perfect gate: eta^2 by stream key 1.000000 val 1.000000   by key 0.0000   by half 0.0103   margin 1.0
                  uniform gate: margin 0.0   eta^2 by stream 0.0 (p constant)  -> OK
         shuffled perfect gate: eta^2 by stream key 1.000000 val 1.000000   by key 0.0000   by half 0.0001   margin 1.0
                  uniform gate: margin 0.0   eta^2 by stream 0.0 (p constant)  -> OK

CHECK 52 a worker's run is bit-identical to the same run here:
         A_blocked  seed 1, 1200 steps: equal True   margin at the evaluation -0.0001  -> IDENTICAL
         B_shuffled seed 1, 1200 steps: equal True   acc 0.1646  -> IDENTICAL

ALL VERIFICATION CHECKS PASSED

====================================================================================================
VERIFICATION — this test's own CHECKs
====================================================================================================
CHECK 53 conv=None is inert: 60-step runs (evaluations every 20, seed 3) vs 37f9939's modules:
         legacy MultiBDH takes conv: False
         A      weights equal True   curves equal True   accs [0.0635, 0.0659, 0.062]  -> IDENTICAL
         B      weights equal True   curves equal True   accs [0.0635, 0.0659, 0.062]  -> IDENTICAL
         E_mem  weights equal True   curves equal True   accs [0.0615, 0.063, 0.062]  -> IDENTICAL
         bdh.BDH.forward calls per forward: conv=None 1, conv='layer' 0 (its own copy of the loop)  -> OK
         test_router_reliability.run_one's grad_fn knob at its default and explicit vs 37f9939's run_one: records equal True

CHECK 54 identity init reproduces the base arm (seed 5, 16 training sequences):
         A + conv 'in'    logits (and gate) bitwise equal, train and eval: True   base parameters equal: True   conv_w (32, 4) identity: True   global RNG state after build equal: True  -> IDENTICAL AT INIT
         A + conv 'layer' logits (and gate) bitwise equal, train and eval: True   base parameters equal: True   conv_w (32, 4) identity: True   global RNG state after build equal: True  -> IDENTICAL AT INIT
         B + conv 'in'    logits (and gate) bitwise equal, train and eval: True   base parameters equal: True   conv_w (32, 4) identity: True   global RNG state after build equal: True  -> IDENTICAL AT INIT
         B + conv 'layer' logits (and gate) bitwise equal, train and eval: True   base parameters equal: True   conv_w (32, 4) identity: True   global RNG state after build equal: True  -> IDENTICAL AT INIT

CHECK 55 the convolution is what it claims:
         explicit loop out_t = sum_j w_j * x_(t-j), random input and weights: max diff 0.0e+00   position 7 sees positions 3..8: [False, True, True, True, True, False] (want [False, True, True, True, True, False])
         A + conv 'in'    random conv weights, every token after position 10 changed: logit change train <= t 0.0e+00, > t 5.6e-01; eval <= t 0.0e+00, > t 5.6e-01
         A + conv 'layer' random conv weights, every token after position 10 changed: logit change train <= t 0.0e+00, > t 4.7e-01; eval <= t 0.0e+00, > t 4.7e-01
         B + conv 'in'    random conv weights, every token after position 10 changed: logit change train <= t 0.0e+00, > t 5.4e-01; eval <= t 0.0e+00, > t 5.4e-01
         B + conv 'layer' random conv weights, every token after position 10 changed: logit change train <= t 0.0e+00, > t 4.9e-01; eval <= t 0.0e+00, > t 4.9e-01
         conv 'in'    calls per forward 1 (want 1), distinct parameters used 1, conv parameters in the model 1
         conv 'layer' calls per forward 3 (want 3), distinct parameters used 1, conv parameters in the model 1
         -> AS CLAIMED

CHECK 56 ceiling_conv applies the perfect gate at every layer (CHECK 6's test, conv on with random weights):
         layers seen: 3 (n_layer=3)
         layer 0: max |cross-stream score| = 0.00e+00   max |same-stream score| = 6.59e+00
         layer 1: max |cross-stream score| = 0.00e+00   max |same-stream score| = 5.44e+00
         layer 2: max |cross-stream score| = 0.00e+00   max |same-stream score| = 6.07e+00
         -> APPLIED AT EVERY LAYER

CHECK 57 a worker's run is bit-identical to the same run here:
         A_conv  seed 1, 1200 steps: equal True   acc 0.4102   conv mean |w| per lag [0.941, 0.205, 0.04, 0.051]  -> IDENTICAL
         B_conv  seed 1, 1200 steps: equal True   acc 0.4346   conv mean |w| per lag [0.939, 0.195, 0.039, 0.048]  -> IDENTICAL

ALL VERIFICATION CHECKS PASSED

====================================================================================================
VERIFICATION — this test's own CHECKs
====================================================================================================
CHECK 58 the lr and builder knobs are inert at their defaults: 60-step runs (evaluations every 20, seed 3) vs 6c90a19's run_one:
         B_conv  weights equal (default, explicit) True, True   records equal True  -> UNCHANGED
         A_conv  weights equal (default, explicit) True, True   records equal True  -> UNCHANGED
         optimizer lr captured by a step pre-hook (2 steps each): B_conv4 [0.004]  A_conv4 [0.004]  B_wide_conv4 [0.004]  A4 [0.004]  B4 [0.004]  ceiling_conv4 [0.004]  G0_P8_conv4 [0.004]  ceiling_P8_conv4 [0.004]
         test_short_conv's own B_conv for reference: [0.001]  -> 4e-3 IN EVERY NEW ARM

CHECK 59 the pairing with this machine's test_short_conv results (short_conv_results.json):
         file exists: True   written on: 12th Gen Intel(R) Core(TM) i7-12650H (git 4610878)   this machine: 12th Gen Intel(R) Core(TM) i7-12650H   match: True
         B_conv seed 160 re-run at lr 0.001, 1200 steps: [[1200, 0.359375, 1.4775612354278564]] vs recorded [[1200, 0.359375, 1.4775612354278564]]
         A_conv seed 160 re-run at lr 0.001, 1200 steps: [[1200, 0.38671875, 1.428964376449585]] vs recorded [[1200, 0.38671875, 1.428964376449585]]
         reproduced exactly: True  -> PAIRED

CHECK 60 B_wide_conv4's model:
         B_wide_conv4: k=1, N=512, conv 'layer', gate 'none', fast-weight state 49152, parameters 50688
         A_conv:       k=2, N=256, conv 'layer', gate 'recurrent', fast-weight state 49152, parameters 28224
         -> STATE MATCHED

CHECK 61 the exact tests reproduce hand values:
         McNemar one-sided b=5 c=0            p 0.03125              (hand p 0.03125)  -> OK
         McNemar one-sided b=3 c=1            p 0.31250              (hand p 0.31250)  -> OK
         McNemar one-sided b=0 c=0            p 1.00000              (hand p 1.00000)  -> OK
         Mann-Whitney x=[3,4] y=[1,2]         U 4.0, p 0.16667       (hand U 4.0, p 0.16667)  -> OK
         Mann-Whitney x=[1,2] y=[3,4]         U 0.0, p 1.00000       (hand U 0.0, p 1.00000)  -> OK
         Mann-Whitney x=[5,6,7] y=[1,2,3,4]   U 12.0, p 0.02857      (hand U 12.0, p 0.02857)  -> OK
         Mann-Whitney ties x=[2,3] y=[1,2]    U 3.5, p 0.33333       (hand U 3.5, p 0.33333)  -> OK
         Mann-Whitney ties x=[1,1] y=[1,1]    U 2.0, p 1.00000       (hand U 2.0, p 1.00000)  -> OK

CHECK 62 Part 2's tasks, and the perfect gate at P=8 at every layer (conv on, random weights):
         P8S1: equals test_channel_binding.task_for(8, 1) (attributes and batches): True   vocab 25, length 27
         P8S2: equals test_channel_binding.task_for(8, 2) (attributes and batches): True   vocab 26, length 51
         layer 0: max |cross-stream score| = 0.00e+00   max |same-stream score| = 7.97e+00
         layer 1: max |cross-stream score| = 0.00e+00   max |same-stream score| = 7.32e+00
         layer 2: max |cross-stream score| = 0.00e+00   max |same-stream score| = 5.94e+00
         -> OK

CHECK 63 a worker's run is bit-identical to the same run here:
         A_conv4      seed 1, 1200 steps: equal True   acc 0.2305   conv mean |w| per lag [0.907, 0.221, 0.128, 0.135]  -> IDENTICAL
         B_wide_conv4 seed 1, 1200 steps: equal True   acc 0.3911   conv mean |w| per lag [0.891, 0.401, 0.089, 0.065]  -> IDENTICAL

ALL VERIFICATION CHECKS PASSED

====================================================================================================
VERIFICATION — this test's own CHECKs
====================================================================================================
CHECK 64 the pairing with this machine's test_conv_lr results (conv_lr_results.json):
         file exists: True   written on: 12th Gen Intel(R) Core(TM) i7-12650H (git ce62073)   this machine: 12th Gen Intel(R) Core(TM) i7-12650H   match: True
         recorded A_conv4 and B_conv4 runs for seeds 160-189: 60/60
         B_conv4 seed 162 re-run at P=4, 1200 steps: [[1200, 0.291015625, 1.9020615816116333]] vs recorded [[1200, 0.291015625, 1.9020615816116333]]
         A_conv4 seed 160 re-run at P=4, 1200 steps: [[1200, 0.35302734375, 1.5742212533950806]] vs recorded [[1200, 0.35302734375, 1.5742212533950806]]
         reproduced exactly: True  -> PAIRED

CHECK 65 every arm runs task_for(8, 2) at lr 0.004:
         the task equals a fresh test_channel_binding.task_for(8, 2) (attributes and batches): True   P 8, S 2, vocab 26, length 51
         B_conv8        optimizer lr [0.004]   20-step record == fresh task_for(8, 2)'s: True (acc 0.0586)   input widths [50]   model vocab 26  -> OK
         A_conv8        optimizer lr [0.004]   20-step record == fresh task_for(8, 2)'s: True (acc 0.0586)   input widths [50]   model vocab 26  -> OK
         B_wide_conv8   optimizer lr [0.004]   20-step record == fresh task_for(8, 2)'s: True (acc 0.0586)   input widths [50]   model vocab 26  -> OK
         ceiling_conv8  optimizer lr [0.004]   20-step record == fresh task_for(8, 2)'s: True (acc 0.0586)   input widths [50]   model vocab 26  -> OK
         ceiling_conv8, random conv weights: layers seen 3 (n_layer=3)
         layer 0: max |cross-stream score| = 0.00e+00   max |same-stream score| = 5.01e+00
         layer 1: max |cross-stream score| = 0.00e+00   max |same-stream score| = 5.25e+00
         layer 2: max |cross-stream score| = 0.00e+00   max |same-stream score| = 4.80e+00
         -> OK

CHECK 66 B_wide_conv8's model:
         B_wide_conv8: k=1, N=512, conv 'layer', gate 'none', fast-weight state 49152, parameters 50944
         A_conv8:      k=2, N=256, conv 'layer', gate 'recurrent', fast-weight state 49152, parameters 28480
         -> STATE MATCHED

CHECK 67 the sign test reproduces hand values:
         [1, 1, 1, 1, 1]            + 5  - 0  p 0.03125   (hand + 5  - 0  p 0.03125)  -> OK
         [1, 1, 1, -1]              + 3  - 1  p 0.31250   (hand + 3  - 1  p 0.31250)  -> OK
         [2, -1, 1, 0]              + 2  - 1  p 0.50000   (hand + 2  - 1  p 0.50000)  -> OK
         [1, 2, 1, 1, 1, 1, 0, -1]  + 6  - 1  p 0.06250   (hand + 6  - 1  p 0.06250)  -> OK
         [-1, -2]                   + 0  - 2  p 1.00000   (hand + 0  - 2  p 1.00000)  -> OK
         [0, 0, 0] (no nonzero)     + 0  - 0  p 1.00000   (hand + 0  - 0  p 1.00000)  -> OK
         [] (no seeds)              + 0  - 0  p 1.00000   (hand + 0  - 0  p 1.00000)  -> OK

CHECK 68 a worker's run is bit-identical to the same run here:
         A_conv8      seed 1, 1200 steps: equal True   acc 0.0801   conv mean |w| per lag [1.001, 0.104, 0.152, 0.138]  -> IDENTICAL
         B_wide_conv8 seed 1, 1200 steps: equal True   acc 0.0996   conv mean |w| per lag [0.832, 0.557, 0.186, 0.118]  -> IDENTICAL

ALL VERIFICATION CHECKS PASSED

====================================================================================================
VERIFICATION — this test's own CHECKs
====================================================================================================
CHECK 69 the new knobs are inert at their defaults, vs 57479b8's modules:
         (a) 20 earlier tasks (S=1 and 2, n_q=1 and 4, P=4-32, all layouts): attributes, batches and generator
             states with n_active=None (implicit and explicit) and n_active=P equal the old ones: True
         (b) onset_run A      60 steps: weights equal (default, explicit task_at/lr_at) True, True   curves equal True  -> IDENTICAL
         (b) onset_run B_conv 60 steps: weights equal (default, explicit task_at/lr_at) True, True   curves equal True  -> IDENTICAL
         (c) run_one A_conv 60 steps: records equal (default, explicit grad_steps/run_kw) True  -> UNCHANGED
         (c) run_one B_conv 60 steps: records equal (default, explicit grad_steps/run_kw) True  -> UNCHANGED

CHECK 70 n_active=4 of P=8, over 10,000 sequences (generator seed 70):
         4 distinct keys in every sequence: True   key frequencies [0.502, 0.496, 0.5, 0.5, 0.501, 0.5, 0.498, 0.503] (0.5 +- 0.02): True
         every used (stream, key) pair once: True and both streams per active key: True   grouped structure: True   S distinct values per key: True
         the query answered by its own stream's value: True   token ids in [0, 26) (task_for(8, 2)'s vocabulary): True
         length 27, query position [25] (P=8: length 51, query position [49]); e.g. S1 K5 v5 | S0 K5 v0 | S1 K3 v12 | S0 K3 v5 | S1 K2 v2 | S0 K2 v4 | S1 K1 v12 | S0 K1 v10 || S1 K1 -> v12
         -> OK

CHECK 71 the switch at step 4800 (CUR_B seed 1, the real schedule run 4802 steps; hooks on every step):
         lr at steps 1-4800: [0.001]   at steps 4801-4802: [0.004]: True
         training input widths at steps 1-4800: [26], after: [50]   distinct keys per sequence at steps 4799-4802: [[4], [4], [8], [8]]: True
         one optimizer throughout: True   Adam's step count entering steps 4800 and 4801: 4799.0, 4800.0 (carried over): True   run ok True
         early stop, every held-out accuracy stubbed to 1.0 (switch at 40, evaluations every 10): the curriculum stops at step 70 (phase 2's third evaluation), transition 50;
         without early_stop_after the same run would stop at step 30, in phase 1: True
         -> OK

CHECK 72 the pairing with this machine's test_p_scaling results (p_scaling_results.json):
         file exists: True   written on: 12th Gen Intel(R) Core(TM) i7-12650H (git 3b5e041)   this machine: 12th Gen Intel(R) Core(TM) i7-12650H   match: True
         recorded A_conv8 (160-189) and B_conv8 (160-179) runs: 50/50
         CUR_A seed 160 at step 0 == recorded A_conv8's build: True
         CUR_A seed 161 at step 0 == recorded A_conv8's build: True
         CUR_B seed 160 at step 0 == recorded B_conv8's build: True
         CUR_B seed 161 at step 0 == recorded B_conv8's build: True
         A_conv8 seed 160 re-run, 1200 steps: [[1200, 0.07861328125, 2.7425551414489746]] vs recorded [[1200, 0.07861328125, 2.7425551414489746]]
         reproduced exactly: True  -> PAIRED

CHECK 73 the restart rule:
     (a) decide's parameters: ['step', 'acc']; it reads no global name ({}) and only the constants {'a_check': 0.6, 't_check': 2400}: True
     (b) attempt seeds s + 1000*j (j = 1..4): 1160-1189, 2160-2189, 3160-3189, 4160-4189; 120 distinct, disjoint from every earlier seed (0-199, 1000-1149): True
     (c) synthetic 'pass' (phase-1 accuracy [0.31, 0.64, 0.7, 0.8], P=8 accuracy [0.05, 0.1, 0.2, 0.3], check at step 4 of 16, switch at 8): decide saw [(4, 0.64)]; attempts used 1, seeds [3], continued 3  -> OK
     (c) synthetic 'fail' (phase-1 accuracy [0.35, 0.52, 0.55, 0.58], P=8 accuracy [0.05, 0.97, 0.2, 0.3], check at step 4 of 16, switch at 8): decide saw [(4, 0.52), (4, 0.52), (4, 0.52), (4, 0.52), (4, 0.52)]; attempts used 5, seeds [3, 1003, 2003, 3003, 4003], continued 4003  -> OK
     (d) attempt 0 passing (A_CHECK forced to 0, switch at 40 of 80, evaluations every 20): its record == CUR_A's run of seed 3: True  -> OK

CHECK 74 a worker's run is bit-identical to the same run here (through the switch):
         CUR_A  seed 1, 6000 steps: equal True   phase-1 acc [0.289, 0.437, 0.461, 0.478, 0.469]   P=8 acc [0.256, 0.383, 0.427, 0.432, 0.455]  -> IDENTICAL
         CUR_B  seed 1, 6000 steps: equal True   phase-1 acc [0.288, 0.357, 0.404, 0.424, 0.419]   P=8 acc [0.23, 0.273, 0.316, 0.329, 0.354]  -> IDENTICAL

ALL VERIFICATION CHECKS PASSED

====================================================================================================
VERIFICATION — this test's own CHECKs
====================================================================================================
/home/wendigo/Documents/clankers/test_slow_start.py:912: UserWarning: Converting a tensor with requires_grad=True to a scalar may lead to unexpected behavior.
Consider using tensor.detach() first. (Triggered internally at /build/python-pytorch/src/pytorch/torch/csrc/autograd/generated/python_variable_methods.cpp:820.)
  if float(f_i) < TAU and float(f_h) < TAU:
CHECK 75 the Part 1 arms are test_load_curriculum's arms except for seeds and phase-2 lr:
     (a) CUR_ceiling_lo = test_load_curriculum's CUR_ceiling   except key, label and lr2 (0.004 -> 0.001): True
     (a) CUR_lo         = test_load_curriculum's CUR_A_lo      except key, label and lr2 (0.001 -> 0.001): True
     (a) CUR_lo_R       = test_load_curriculum's CUR_A_R       except key, label and lr2 (0.004 -> 0.001): True
     (a) DIRECT_lo      = test_p_scaling's A_conv8             except key, label and lr  (0.004 -> 0.001): True
     (a) CUR_B_lo       = test_load_curriculum's CUR_B         except key, label and lr2 (0.004 -> 0.001): True
     (b) run_cur CUR_A (switch at 40 of 80, evaluations every 20) vs 1062bb6's: records equal (default, explicit stats_at) True  -> UNCHANGED
     (b) run_cur CUR_B (switch at 40 of 80, evaluations every 20) vs 1062bb6's: records equal (default, explicit stats_at) True  -> UNCHANGED
     (b) run_trial (switch at 8 of 16, check at 4; 5 attempts) vs 1062bb6's: records equal (default, explicit arm and stats_at) True  -> UNCHANGED
     (c) CUR_lo seed 1, 6000 steps, vs test_load_curriculum's CUR_A_lo code path (its run_cur, in a worker):
         weights equal True   curves (8-key and phase-1 sets) equal True   record equal once the 9 routing statistics added at step 6000 are removed True
         8-key acc [0.256, 0.383, 0.427, 0.432, 0.447]   margin at 4800 0.001, at 6000 -0.000  -> IDENTICAL
     (d) DIRECT_lo seed 3, 60 steps (evaluations every 20) vs test_p_scaling's A_conv8 call (run_one on task_for(8, 2)) at lr 0.001: weights equal True   record equal except the added curve1 and switch True  -> IDENTICAL

CHECK 76 the optimizer lr in every Part 1 arm, through run_job with the real schedule (28800 steps; step pre-hook; forward stubbed, held-out accuracy stubbed to 0.5):
         CUR_ceiling_lo lr at steps 1, 4801, 20000: [0.001] [0.001] [0.001]   every step (28800 steps): [0.001]  -> OK
         CUR_lo         lr at steps 1, 4801, 20000: [0.001] [0.001] [0.001]   every step (28800 steps): [0.001]  -> OK
         CUR_lo_R       lr at steps 1, 4801, 20000: [0.001] [0.001] [0.001]   every step (28800 steps): [0.001]   5 optimizers (attempts, the first 4 abandoned at 2400: steps [2400, 2400, 2400, 2400, 28800])  -> OK
         DIRECT_lo      lr at steps 1, 4801, 20000: [0.001] [0.001] [0.001]   every step (28800 steps): [0.001]  -> OK
         CUR_B_lo       lr at steps 1, 4801, 20000: [0.001] [0.001] [0.001]   every step (28800 steps): [0.001]  -> OK

CHECK 77 Part 2's schedule (CUR16 seed 1, the real schedule run 10000 steps, hooks on every step; the run CHECK 79 compares):
         lr at every step: [0.001] (10000 steps): True
         training input widths at steps 1-4800: [26], 4801-9600: [50], 9601-10000: [98]: True
         distinct keys per sequence at steps 4799, 4800, 4801, 4802, 9599, 9600, 9601, 9602: [[4], [4], [8], [8], [8], [8], [16], [16]]: True
         training token ids in [0, 33], within task_for(16, 2)'s vocabulary [0, 34) (every stage's task has that vocabulary): True
         one optimizer throughout: True   Adam's step count entering steps 4800, 4801, 9600, 9601: 4799.0, 4800.0, 9599.0, 9600.0 (carried over): True   run ok True
         early stop, every held-out accuracy stubbed to 1.0 (stages switch at 40 and 80, evaluations every 10): the curriculum stops at step 110 (the last stage's third evaluation), transition 90;
         without early_stop_after the same run would stop at step 30, in the first stage: True
         n_active=4 of P=16, over 10,000 sequences (generator seed 774), CHECK 70's checks:
         4 distinct keys in every sequence: True   key frequencies [0.248, 0.252, 0.255, 0.246, 0.242, 0.251, 0.245, 0.247, 0.251, 0.254, 0.255, 0.246, 0.248, 0.258, 0.256, 0.244] (0.25 +- 0.02): True
         every used (stream, key) pair once: True and both streams per active key: True   grouped structure: True   S distinct values per key: True
         the query answered by its own stream's value: True   token ids in [0, 34) (task_for(16, 2)'s vocabulary): True
         length 27, query position [25] (P=16: length 99, query position [97]); e.g. S0 K1 v3 | S1 K1 v8 | S0 K3 v8 | S1 K3 v3 | S0 K5 v1 | S1 K5 v0 | S0 K10 v3 | S1 K10 v9 || S0 K1 -> v3
         -> OK
         n_active=8 of P=16, over 10,000 sequences (generator seed 778), CHECK 70's checks:
         8 distinct keys in every sequence: True   key frequencies [0.495, 0.51, 0.502, 0.501, 0.495, 0.491, 0.502, 0.495, 0.501, 0.496, 0.507, 0.505, 0.504, 0.502, 0.498, 0.496] (0.5 +- 0.02): True
         every used (stream, key) pair once: True and both streams per active key: True   grouped structure: True   S distinct values per key: True
         the query answered by its own stream's value: True   token ids in [0, 34) (task_for(16, 2)'s vocabulary): True
         length 51, query position [49] (P=16: length 99, query position [97]); e.g. S1 K3 v4 | S0 K3 v12 | S1 K6 v15 | S0 K6 v13 | S0 K10 v9 | S1 K10 v1 | S1 K4 v12 | S0 K4 v3 | S1 K15 v6 | S0 K15 v14 | S1 K2 v2 | S0 K2 v12 | S1 K12 v5 | S0 K12 v7 | S1 K13 v12 | S0 K13 v15 || S1 K13 -> v12
         -> OK
         the stage tasks share task_for(16, 2)'s P, S, n_vals, n_q, vocab, context tokens and layout: True
         CUR16_ceiling at P=16, 4-key input (conv on, random weights): layers seen 3; max |cross-stream score| per layer ['0.00e+00', '0.00e+00', '0.00e+00']; max |same-stream score| ['7.36e+00', '1.02e+01', '1.54e+01']
         CUR16_ceiling at P=16, 16-key input (conv on, random weights): layers seen 3; max |cross-stream score| per layer ['0.00e+00', '0.00e+00', '0.00e+00']; max |same-stream score| ['9.57e+00', '1.06e+01', '1.57e+01']
         -> OK

CHECK 78 the seeds:
         every arm's seeds lie in 200-219, disjoint from every earlier seed (0-199, 1000-1149, and test_load_curriculum's attempt seeds 1160-1189, 2160-2189, 3160-3189, 4160-4189): True
         restart seeds s + 1000*j (j = 1..4): 1200-1219, 2200-2219, 3200-3219, 4200-4219; 80 distinct, disjoint from every earlier seed and from 200-219: True
         -> OK

CHECK 79 a worker's run is bit-identical to the same run here:
         CUR_lo seed 1, 6000 steps: equal True   phase-1 acc [0.289, 0.437, 0.461, 0.478, 0.468]   8-key acc [0.256, 0.383, 0.427, 0.432, 0.447]  -> IDENTICAL
         CUR16  seed 1, 10000 steps: equal True   stage-set acc [0.18, 0.951, 0.996, 0.994, 1.0, 0.993, 1.0, 1.0]   16-key acc [0.117, 0.447, 0.539, 0.47, 0.81, 0.77, 0.856, 0.883]  -> IDENTICAL

ALL VERIFICATION CHECKS PASSED

====================================================================================================
VERIFICATION — this test's own CHECKs
====================================================================================================
CHECK 80 every arm runs at lr 0.001 and is built through the existing code paths:
         ceiling8   = test_p_scaling's ceiling_conv8        except key, label, lr: True   optimizer lr over 2 steps [[0.001], [0.001]]   init == test_conv_lr.builder_for (seed 3): True  -> OK
         DIRECT8    = test_p_scaling's A_conv8              except key, label, lr: True   optimizer lr over 2 steps [[0.001], [0.001]]   init == test_conv_lr.builder_for (seed 3): True  -> OK
         B_wide8    = test_p_scaling's B_wide_conv8         except key, label, lr: True   optimizer lr over 2 steps [[0.001], [0.001]]   init == test_conv_lr.builder_for (seed 3): True  -> OK
         B8         = test_p_scaling's B_conv8              except key, label, lr: True   optimizer lr over 2 steps [[0.001], [0.001]]   init == test_conv_lr.builder_for (seed 3): True  -> OK
         ceiling4k4 = arms_for(task_for(4, 4))'s ceiling    except key, label, lr, model_kw, task: True   optimizer lr over 2 steps [[0.001], [0.001]]   init == build(arms_for ceiling + conv) (seed 3): True  -> OK
         A4k4       = test_short_conv's A_conv              except key, label, lr, n_ch, task: True   optimizer lr over 2 steps [[0.001], [0.001]]   init == build(A_k4 + conv) (seed 3): True  -> OK
         B4s        = test_short_conv's B_conv              except key, label, lr, task: True   optimizer lr over 2 steps [[0.001], [0.001]]   init == build(B_conv) (seed 3): True  -> OK
         A4k4's source: test_router_reliability's A_k4 = dict(A, n_ch=4); A_conv = A + conv: True

CHECK 81 B_wide8's memory:
         DIRECT8: k=2, N=256, fast-weight state 49152, parameters 28480
         B_wide8: k=1, N=512, fast-weight state 49152, parameters 50944
         -> STATE MATCHED

CHECK 82 task_for(4, 4), over 10,000 sequences (generator seed 82):
         each (stream, key) once: True   grouped (each key's S triples adjacent, one per stream): True   S distinct values per key: True
         the query answered by its own stream's value: True   vocabulary 24 = S+P+n_vals = 4+4+16, token ids in range: True   length 51, query position [49]: True
         e.g. S3 K0 v15 | S2 K0 v6 | S1 K0 v3 | S0 K0 v14 | S1 K1 v5 | S0 K1 v8 | S3 K1 v0 | S2 K1 v10 | S1 K2 v9 | S2 K2 v8 | S0 K2 v14 | S3 K2 v7 | S2 K3 v4 | S1 K3 v9 | S3 K3 v8 | S0 K3 v2 || S1 K0 -> v3
         -> OK

CHECK 83 the k=4 definitions:
     (a) ceiling4k4, random conv weights: layers seen 3 (n_layer=3)
         layer 0: max |cross-stream score| = 0.00e+00   max |same-stream score| = 7.76e+00
         layer 1: max |cross-stream score| = 0.00e+00   max |same-stream score| = 8.83e+00
         layer 2: max |cross-stream score| = 0.00e+00   max |same-stream score| = 8.09e+00
     (b) margin at k=4: perfect gate 1.000000 (want 1), uniform gate 0.000000 (want 0); perfect gate's stream -> channel map [0, 1, 2, 3] (one-to-one True), eta^2 by stream key 1.0000 val 1.0000: True
     (c) at k=2 (DIRECT8 with a random W_g, and ceiling8; seed-3 probe) the multichannel eta^2 equals routing_stats' channel-0 eta^2 (block = half) to float32 rounding, and fail_class_k == fail_class: max |diff| 2.4e-08 (< 1e-6): True
     (d) the recurrent k=4 gate (A4k4's model) fit to the perfect 4-way routing, test_router_reliability.gate_fit_k (CHECK 45's recipe): mse 3.94e-06   argmax match 1.0000  -> FITS (>= 0.99; recorded for VALID B, not asserted)
         -> OK

CHECK 84 a worker's run is bit-identical to the same run here:
         A4k4     seed 1, 1200 steps: equal True   acc 0.0938   per-stream acc [0.09, 0.09, 0.094, 0.101]   margin 0.0000   map [3, 3, 3, 3]   eff_ch 3.997  -> IDENTICAL
         B_wide8  seed 1, 1200 steps: equal True   acc 0.1074   per-stream acc [0.094, 0.12]  -> IDENTICAL

ALL VERIFICATION CHECKS PASSED

====================================================================================================
VERIFICATION — this test's own CHECKs
====================================================================================================
CHECK 85 the pairing with this machine's test_scale_axes results (scale_axes_results.json):
         file exists: True   written on: 12th Gen Intel(R) Core(TM) i7-12650H (git 248c482)   this machine: 12th Gen Intel(R) Core(TM) i7-12650H   match: True   recorded A4k4 runs (220-239): 20/20
         A4k8   seed 220: parameters other than W_g bitwise equal to A4k4's: True   first 3 batches identical: True   W_g (8, 32) (A4k4's (4, 32))
         A4k16  seed 220: parameters other than W_g bitwise equal to A4k4's: True   first 3 batches identical: True   W_g (16, 32) (A4k4's (4, 32))
         A4k8   seed 221: parameters other than W_g bitwise equal to A4k4's: True   first 3 batches identical: True   W_g (8, 32) (A4k4's (4, 32))
         A4k16  seed 221: parameters other than W_g bitwise equal to A4k4's: True   first 3 batches identical: True   W_g (16, 32) (A4k4's (4, 32))
         A4k4 seed 220 re-run (test_scale_axes.run_job), 1200 steps: [[1200, 0.11376953125, 2.6806371212005615]] vs recorded [[1200, 0.11376953125, 2.6806371212005615]]
         reproduced exactly: True  -> PAIRED

CHECK 86 every arm runs at lr 0.001, through test_scale_axes's run path:
         ceiling4k8 optimizer lr over 2 steps [[0.001], [0.001]]  -> OK
         A4k8       optimizer lr over 2 steps [[0.001], [0.001]]  -> OK
         A4k16      optimizer lr over 2 steps [[0.001], [0.001]]  -> OK
         this test's run_job on test_scale_axes's A4k4 (seed 3, 1200 steps) == test_scale_axes.run_job's record (in a worker): True  -> IDENTICAL

CHECK 87 the k=8 perfect gate and the k-general margin:
     (a) ceiling4k8, random conv weights: layers seen 3 (n_layer=3); read gate shape (16, 50, 8), channels 4-7 exactly 0: True
         layer 0: max |cross-stream score| = 0.00e+00   max |same-stream score| = 7.56e+00
         layer 1: max |cross-stream score| = 0.00e+00   max |same-stream score| = 7.84e+00
         layer 2: max |cross-stream score| = 0.00e+00   max |same-stream score| = 7.52e+00
         (informative) ceiling4k8 vs ceiling4k4, same seed: max |logits diff| 0.0e+00 (the zero channels add exact zeros)
     (b) k=8 : margin on the perfect gate 1.000000 (want 1), on the uniform gate 0.000000 (want 0); perfect gate's map [0, 1, 2, 3] one-to-one True: True
     (b) k=16: margin on the perfect gate 1.000000 (want 1), on the uniform gate 0.000000 (want 0); perfect gate's map [0, 1, 2, 3] one-to-one True: True
     (c) A4k8's recurrent gate fit to the perfect 4-way routing (test_router_reliability.gate_fit_k): mse 2.76e-06   argmax match 1.0000  -> FITS (>= 0.99; recorded for VALID, not asserted)
     (c) A4k16's recurrent gate fit to the perfect 4-way routing (test_router_reliability.gate_fit_k): mse 2.46e-06   argmax match 1.0000  -> FITS (>= 0.99; recorded for VALID, not asserted)
         -> OK

CHECK 88 the uniform gate is a stationary point (CHECK 44's test): W_g = 0, seed 5, one training batch (seed 88):
         k=8 : gate exactly 1/k at every position (train and eval): True   |grad| gate (W_in, W_h, W_g) 1.169e-11   rest 2.598e+00  -> STATIONARY
         k=16: gate exactly 1/k at every position (train and eval): True   |grad| gate (W_in, W_h, W_g) 0.000e+00   rest 2.598e+00  -> STATIONARY

CHECK 89 a worker's run is bit-identical to the same run here:
         A4k16 seed 1, 1200 steps: equal True   acc 0.0845   margin 0.0003   map [4, 4, 4, 4]   eff_ch 15.986  -> IDENTICAL

ALL VERIFICATION CHECKS PASSED

====================================================================================================
VERIFICATION — this test's own CHECKs
====================================================================================================
CHECK 90 every arm runs at lr 0.001; the arms are the source arms; the plain and _R arms of a seed share attempt 0:
     (a) ceiling4k16 optimizer lr at every step [[0.001]] over 2 steps  -> OK
     (a) A4k16       optimizer lr at every step [[0.001]] over 2 steps  -> OK
     (a) A4k16_R     optimizer lr at every step [[0.001]] through a trial (5 optimizers, 6 steps, attempts used 5)  -> OK
     (a) A4k4        optimizer lr at every step [[0.001]] over 2 steps  -> OK
     (a) A4k4_R      optimizer lr at every step [[0.001]] through a trial (5 optimizers, 6 steps, attempts used 5)  -> OK
     (a) ceiling8k16 optimizer lr at every step [[0.001]] over 2 steps  -> OK
     (a) A8k16_R     optimizer lr at every step [[0.001]] through a trial (5 optimizers, 6 steps, attempts used 5)  -> OK
     (b) ceiling4k16 = test_stream_channels' ceiling4k8  except key, label, n_ch, ctx_pad: True
     (b) A4k16       = test_stream_channels' A4k16       except label: True
     (b) A4k4        = test_scale_axes's A4k4            except label: True
     (b) A4k16_R     = A4k16                             except key, label, restart: True
     (b) A4k4_R      = A4k4                              except key, label, restart: True
     (b) ceiling8k16 = ceiling4k16                       except key, label, task: True
     (b) A8k16_R     = A4k16_R                           except key, label, task: True
     (c) seed 3, through step 4800: A4k16 (plain path) vs A4k16_R (attempt 0 of its trial, continued): weights right after step 4800 equal True (012680a12326f8d3)   evaluations equal True   accuracy read == the recorded curve True   acc@4800 1.0000 (passed True)  -> SHARED
     (c) seed 3, through step 4800: A4k4 (plain path) vs A4k4_R (attempt 0 of its trial, continued): weights right after step 4800 equal True (eedec07f8e9ee09f)   evaluations equal True   accuracy read == the recorded curve True   acc@4800 0.4390 (passed True)  -> SHARED
     (d) this test's plain run of A4k16 (seed 3, 1200 steps, check at 1200) == test_stream_channels.run_job's record (in workers), except the fields the check adds ('early', 'acc_check', 'passed'): True   accuracy read == curve True  -> IDENTICAL

CHECK 91 the restart rule:
     (a) decide = test_router_reliability.make_decide(4800, 0.4): parameters ['step', 'acc']; it reads no global name ({}) and only the constants {'a_check': 0.4, 't_check': 4800}: True
     (b) Part 1: base seeds 240-259; attempt seeds s + 1000*j (j = 1..4): 1240-1259, 2240-2259, 3240-3259, 4240-4259; 80 distinct, all disjoint from every earlier seed: True
     (b) Part 2: base seeds 240-244; attempt seeds s + 1000*j (j = 1..4): 1240-1244, 2240-2244, 3240-3244, 4240-4244; 20 distinct, all disjoint from every earlier seed: True
         (earlier seeds: 0-239, 1000-1149, 1160-1189, 1200-1219, 2160-2189, 2200-2219, 3160-3189, 3200-3219, 4160-4189, 4200-4219)
     (c) synthetic 'passes at once' (check at step 8 of 20, evaluations every 2): decide saw [(8, 0.45)]; attempts used 1, seeds [3], steps per attempt [20], continued 3  -> OK
     (c) synthetic 'restarts, then passes' (check at step 8 of 20, evaluations every 2): decide saw [(8, 0.3), (8, 0.3), (8, 0.5)]; attempts used 3, seeds [3, 1003, 2003], steps per attempt [8, 8, 20], continued 2003  -> OK
     (c) synthetic 'none passes' (check at step 8 of 20, evaluations every 2): decide saw [(8, 0.3), (8, 0.3), (8, 0.3), (8, 0.3), (8, 0.3)]; attempts used 5, seeds [3, 1003, 2003, 3003, 4003], steps per attempt [8, 8, 8, 8, 20], continued 4003  -> OK
     (c) synthetic 'binds before the check' (check at step 8 of 20, evaluations every 2): decide saw [(8, 1.0)]; attempts used 1, seeds [3], steps per attempt [14], continued 3  -> OK
     (d) the same 1.0-from-the-start curve without early_stop_after (onset_run's default): stops at step 6, before the check at 8: True  -> OK
     (e) a plain run failing the check (synthetic 'none passes'): passed False, continued to step 20 of 20  -> OK

CHECK 92 task_for(4, 8), and the k=16 perfect gates:
     (a) over 10,000 sequences (generator seed 92): each (stream, key) once: True   grouped (each key's S triples adjacent, one per stream): True   S distinct values per key: True
         the query answered by its own stream's value: True   vocabulary 28 = S+P+n_vals = 8+4+16, token ids in range: True   length 99, query position [97]: True
         e.g. S7 K3 v2 | S2 K3 v1 | S4 K3 v7 | S1 K3 v13 | S0 K3 v9 | S6 K3 v6 | S5 K3 v5 | S3 K3 v4 | S0 K0 v5 | S2 K0 v11 | S6 K0 v15 | S7 K0 v12 | S4 K0 v3 | S1 K0 v7 | S3 K0 v8 | S5 K0 v10 | S1 K2 v11 | S4 K2 v6 | S0 K2 v4 | S7 K2 v8 | S5 K2 v9 | S6 K2 v13 | S3 K2 v0 | S2 K2 v1 | S6 K1 v15 | S3 K1 v11 | S0 K1 v14 | S2 K1 v3 | S4 K1 v5 | S7 K1 v7 | S5 K1 v2 | S1 K1 v6 || S1 K0 -> v7
     (b) ceiling4k16, random conv weights: layers seen 3 (n_layer=3); read gate shape (16, 50, 16), channels 4-15 exactly 0: True
         layer 0: max |cross-stream score| = 0.00e+00   max |same-stream score| = 5.05e+00
         layer 1: max |cross-stream score| = 0.00e+00   max |same-stream score| = 4.10e+00
         layer 2: max |cross-stream score| = 0.00e+00   max |same-stream score| = 3.74e+00
     (b) ceiling8k16, random conv weights: layers seen 3 (n_layer=3); read gate shape (16, 98, 16), channels 8-15 exactly 0: True
         layer 0: max |cross-stream score| = 0.00e+00   max |same-stream score| = 5.84e+00
         layer 1: max |cross-stream score| = 0.00e+00   max |same-stream score| = 9.09e+00
         layer 2: max |cross-stream score| = 0.00e+00   max |same-stream score| = 1.28e+01
         this test's builder vs test_stream_channels.builder_for at S=4 (seed 3): ceiling4k16 max |logits diff| 0.0e+00; A4k16 weights equal True: True
     (c) S=8, k=16: margin on the perfect gate 1.000000 (want 1), on the uniform gate 0.000000 (want 0); perfect gate's map [0, 1, 2, 3, 4, 5, 6, 7] one-to-one True: True
     (d) A4k16's recurrent k=16 gate fit to the perfect 4-way routing (for VALID) (test_router_reliability.gate_fit_k): mse 2.46e-06   argmax match 1.0000  -> FITS (>= 0.99; not asserted)
     (d) A8k16_R's recurrent k=16 gate fit to the perfect 8-way routing (Part 2, recorded) (test_router_reliability.gate_fit_k): mse 2.95e-06   argmax match 1.0000  -> FITS (>= 0.99; not asserted)
         -> OK

CHECK 93 ROUTED (a one-to-one map and every stream's accuracy >= 0.9), and the Wilson interval:
     (a) synthetic records (map; per-stream accuracy -> want): [0, 1, 2, 3] [1.0, 1.0, 1.0, 0.95] -> True; [0, 1, 2, 3] [1.0, 1.0, 1.0, 0.85] -> False; [0, 0, 1, 2] [1.0, 1.0, 1.0, 1.0] -> False; [5, 1, 9, 12] [0.9, 0.9, 0.9, 0.9] -> True; [0, 1, 2, 3, 4, 5, 6, 7] [0.92, 0.92, 0.92, 0.92, 0.92, 0.92, 0.92, 0.92] -> True; [0, 1, 2, 3, 4, 5, 6, 6] [1.0, 1.0, 1.0, 1.0, 1.0, 1.0, 1.0, 1.0] -> False: True
     (b) ceiling4k16 seed 1, 1200 steps (this test's run path): map [0, 1, 2, 3] one-to-one True   per-stream acc [1.0, 1.0, 1.0, 1.0]   ROUTED True (want True)  -> OK
     (b) uniform4k16 seed 1, 1200 steps (this test's run path): map [0, 0, 0, 0] one-to-one False   per-stream acc [0.08, 0.097, 0.072, 0.103]   ROUTED False (want False)  -> OK
     (c) Wilson 95%: 9/10 [0.5958, 0.9821] (hand [0.5958, 0.9821])   10/10 [0.7225, 1.0000] (hand [0.7225, 1.0000])   0/10 [0.0000, 0.2775] (hand [0.0000, 0.2775])   5/10 [0.2366, 0.7634] (hand [0.2366, 0.7634]): True
         -> OK

CHECK 94 a worker's run is bit-identical to the same run here:
         A4k16_R seed 1, one restart (decisions forced: attempt 0 fails, attempt 1 passes), 6000 steps: equal True   attempts [(1, 1.0), (1001, 0.1899)]   continued 1001 to step 6000   acc 0.1758   map [3, 3, 3, 3]  -> IDENTICAL

ALL VERIFICATION CHECKS PASSED

====================================================================================================
VERIFICATION — this test's own CHECKs
====================================================================================================
CHECK 95 s_active=None is inert, the arms are the source arms, and every arm runs at lr 0.001 in every stage:
     (a) 26 earlier tasks (S=1, 2, 4 and 8; n_q=1 and 4; P=4-32; all layouts; n_active tasks): attributes, batches and generator
         states with s_active=None (implicit and explicit) and s_active=S equal 18d5ae1's: True   s_active with n_active refused: True
     (b) SC8_ceil = test_stream_recipe's ceiling8k16 except key, label, cur: True
     (b) SC8      = test_stream_recipe's A8k16_R     except key, label, cur, restart: True
     (b) SC8_R    = SC8                              except key, label, restart: True
     (b) D8       = SC8                              except key, label, cur: True
     (c) SC8_ceil optimizer lr at every step [[0.001]] over 6 steps, 1 optimizer (stages of 2 steps: 2, 4, 8 streams)  -> OK
     (c) SC8      optimizer lr at every step [[0.001]] over 6 steps, 1 optimizer (stages of 2 steps: 2, 4, 8 streams)  -> OK
     (c) SC8_R    optimizer lr at every step [[0.001]] through a trial (5 optimizers, 14 steps, attempts used 5) (stages of 2 steps: 2, 4, 8 streams)  -> OK
     (c) D8       optimizer lr at every step [[0.001]] over 6 steps, 1 optimizer (all 8 streams)  -> OK

CHECK 96 the stage tasks:
     s_active=2 of S=8, over 10,000 sequences (generator seed 96):
         exactly 2 distinct streams in every sequence: True   stream frequencies [0.254, 0.247, 0.248, 0.249, 0.25, 0.251, 0.253, 0.248] (0.25 +- 0.02): True
         every active (stream, key) pair once: True   grouped (each key's 2 triples adjacent, one per active stream): True   2 distinct values per key: True
         the query answered by its own stream's value: True   token ids in [0, 28) (task_for(4, 8)'s vocabulary): True   length 27, query position [25]: True
         e.g. S4 K1 v1 | S3 K1 v5 | S3 K2 v10 | S4 K2 v0 | S4 K3 v5 | S3 K3 v3 | S4 K0 v10 | S3 K0 v3 || S4 K3 -> v5
         -> OK
     s_active=4 of S=8, over 10,000 sequences (generator seed 97):
         exactly 4 distinct streams in every sequence: True   stream frequencies [0.5, 0.501, 0.501, 0.499, 0.492, 0.501, 0.504, 0.501] (0.5 +- 0.02): True
         every active (stream, key) pair once: True   grouped (each key's 4 triples adjacent, one per active stream): True   4 distinct values per key: True
         the query answered by its own stream's value: True   token ids in [0, 28) (task_for(4, 8)'s vocabulary): True   length 51, query position [49]: True
         e.g. S0 K3 v6 | S4 K3 v5 | S1 K3 v12 | S2 K3 v3 | S1 K2 v1 | S4 K2 v5 | S0 K2 v10 | S2 K2 v6 | S1 K1 v7 | S2 K1 v5 | S0 K1 v12 | S4 K1 v10 | S0 K0 v0 | S1 K0 v2 | S4 K0 v1 | S2 K0 v12 || S2 K3 -> v3
         -> OK
     the stage tasks share task_for(4, 8)'s P, S, vocabulary and context tokens: True   stage 3 is task_for(4, 8) itself: True

CHECK 97 the schedule (SC8 seed 1, the real schedule run 9602 steps in a worker; hooks on every step):
         training input widths at steps 1-4800: [26], 4801-9600: [50], after: [98]   (9602 training forwards): True
         active streams per training sequence in each stage {2: [(2,)], 4: [(4,)], 8: [(8,)]}; at steps 4799, 4800, 4801, 4802, 9599, 9600, 9601, 9602: [[2], [2], [4], [4], [4], [4], [8], [8]]: True
         one optimizer throughout: True   Adam's step count entering steps 4800, 4801, 9600, 9601: 4799.0, 4800.0, 9599.0, 9600.0 (carried over)   run ok True: True
         early stop, every held-out accuracy stubbed to 1.0 (stages switch at 40 and 80, evaluations every 10): the curriculum stops at step 110 (stage 3's third evaluation), transition 90;
         without early_stop_after the same run would stop at step 30, in stage 1: True
         -> OK

CHECK 98 the perfect gate with 2, 4 and 8 active streams, and the 8-stream margin:
     (a) 2 active streams, random conv weights: layers seen 3 (n_layer=3); read gate (16, 26, 16), channels 8-15 exactly 0: True; max |cross-stream score| per layer ['0.00e+00', '0.00e+00', '0.00e+00']; max |same-stream score| ['4.87e+00', '5.49e+00', '6.22e+00']
     (a) 4 active streams, random conv weights: layers seen 3 (n_layer=3); read gate (16, 50, 16), channels 8-15 exactly 0: True; max |cross-stream score| per layer ['0.00e+00', '0.00e+00', '0.00e+00']; max |same-stream score| ['4.60e+00', '6.06e+00', '8.29e+00']
     (a) 8 active streams, random conv weights: layers seen 3 (n_layer=3); read gate (16, 98, 16), channels 8-15 exactly 0: True; max |cross-stream score| per layer ['0.00e+00', '0.00e+00', '0.00e+00']; max |same-stream score| ['5.94e+00', '7.41e+00', '6.89e+00']
     (b) 8-stream margin on the perfect gate 1.000000 (want 1), on the uniform gate 0.000000 (want 0); perfect gate's map [0, 1, 2, 3, 4, 5, 6, 7] one-to-one True: True
     (c) SC8's recurrent k=16 gate fit to the perfect 8-way routing (test_router_reliability.gate_fit_k): mse 2.95e-06   argmax match 1.0000  -> FITS (>= 0.99; recorded for VALID, not asserted)
         -> OK

CHECK 99 the restart rule:
     (a) decide = test_router_reliability.make_decide(2400, 0.6), given the stage-1 held-out accuracy: parameters ['step', 'acc']; it reads no global name ({}) and only the constants {'a_check': 0.6, 't_check': 2400}: True
     (b) base seeds 260-279; attempt seeds s + 1000*j (j = 1..4): 1260-1279, 2260-2279, 3260-3279, 4260-4279; 80 distinct, all disjoint from every earlier seed: True
         (earlier seeds: 0-259, 1000-1149, 1160-1189, 1200-1219, 1240-1259, 2160-2189, 2200-2219, 2240-2259, 3160-3189, 3200-3219, 3240-3259, 4160-4189, 4200-4219, 4240-4259)
     (c) attempt 0 passing (a_check 0, stages switch at 40 and 80 of 100, check at 20): its record == SC8's run of seed 3: True  -> OK
     (d) synthetic 'passes at once' (check at step 4, stages switch at 8 and 16 of 24, evaluations every 2): decide saw [(4, 0.65)]; attempts used 1, seeds [3], steps per attempt [24], continued 3  -> OK
     (d) synthetic 'restarts, then passes' (check at step 4, stages switch at 8 and 16 of 24, evaluations every 2): decide saw [(4, 0.5), (4, 0.5), (4, 0.7)]; attempts used 3, seeds [3, 1003, 2003], steps per attempt [4, 4, 24], continued 2003  -> OK
     (d) synthetic 'none passes' (check at step 4, stages switch at 8 and 16 of 24, evaluations every 2): decide saw [(4, 0.3), (4, 0.3), (4, 0.3), (4, 0.3), (4, 0.3)]; attempts used 5, seeds [3, 1003, 2003, 3003, 4003], steps per attempt [4, 4, 4, 4, 24], continued 4003  -> OK
     (e) an SC8 run failing the check (synthetic 'none passes'): passed False, continued to step 24 of 24  -> OK

CHECK 100 a worker's run is bit-identical to the same run here:
         SC8_R seed 1, one restart (decisions forced: attempt 0 fails, attempt 1 passes) and the switch at 4800, 6000 steps: equal True   attempts [(1, 0.9956), (1001, 0.9878)]   continued 1001 to step 6000   stage acc [0.733, 0.988, 0.996, 1.0, 0.804]   8-stream acc [0.201, 0.211, 0.216, 0.211, 0.513]  -> IDENTICAL

ALL VERIFICATION CHECKS PASSED

====================================================================================================
VERIFICATION — this test's own CHECKs
====================================================================================================
CHECK 101 the recipe knob is inert: each run path with recipe=None and with the identity recipe vs 520fe51's module:
     test_short_conv.run_job      arm A    seed 3, 1200 steps: legacy == recipe None True, == identity recipe True   curve [[1200, 0.1865]]  -> UNCHANGED
     test_scale_axes.run_job      DIRECT8  seed 3, 1200 steps: legacy == recipe None True, == identity recipe True   curve [[1200, 0.103]]  -> UNCHANGED
     test_stream_recipe.run_attempt  A4k16 seed 3, 60 steps (evaluations every 20, check at 40): legacy == recipe None True, == identity recipe True   curve [[20, 0.064], [40, 0.061], [60, 0.064]]  -> UNCHANGED
     test_stream_curriculum.run_sc   D8    seed 3, 60 steps (evaluations every 20): legacy == recipe None True, == identity recipe True   curve [[20, 0.0537], [40, 0.0537], [60, 0.0537]]  -> UNCHANGED

CHECK 102 with TAU = 1.0, HINGE equals SLOW bit for bit (curves and weights, 3600 steps, seed 1) in each part's configuration:
     Part 0 (test_short_conv's arm A     ): records equal True   weights at step 3600 equal True   hinge fired 0 of 3600 batches   curve [0.5713, 0.7837, 1.0]  -> IDENTICAL
     Part A (test_scale_axes' DIRECT8    ): records equal True   weights at step 3600 equal True   hinge fired 0 of 3600 batches   curve [0.1885, 0.21, 0.9717]  -> IDENTICAL
     Part B (test_stream_recipe's A4k16  ): records equal True   weights at step 3600 equal True   hinge fired 0 of 3600 batches   curve [0.1406, 0.1382, 0.147]  -> IDENTICAL
     Part C (test_stream_curriculum's D8 ): records equal True   weights at step 3600 equal True   hinge fired 0 of 3600 batches   curve [0.0542, 0.0693, 0.0591]  -> IDENTICAL

CHECK 103 with both groups at 0.001 from step 1 and TAU = 1.0, each new arm equals its plain counterpart bit for bit through 2400 steps:
     Part 0 SLOW0     vs A0 (seed 1): records equal True   weights at 2400 equal True   curve [0.2534, 0.3667]  -> IDENTICAL
     Part 0 HINGE0    vs A0 (seed 1): records equal True   weights at 2400 equal True   curve [0.2534, 0.3667]  -> IDENTICAL
     Part A HINGE8    vs the recorded DIRECT8 seed 220 (curve, statistics, gradient norms through 2400): True; vs a fresh plain run: records equal True, weights at 2400 equal True   curve [0.106, 0.2949]  -> IDENTICAL
     Part B HINGE4k16 vs the recorded A4k16 seed 240 (curve, statistics, gradient norms through 2400): True; vs a fresh plain run: records equal True, weights at 2400 equal True   curve [0.0796, 0.1558]  -> IDENTICAL
     Part C HINGE_D8  vs the recorded D8 seed 260 (curve, statistics, gradient norms through 2400): True; vs a fresh plain run: records equal True, weights at 2400 equal True   curve [0.0713, 0.061]  -> IDENTICAL

CHECK 104 A0's run path reproduces the recorded test_short_conv arm A run, seed 160:
     file short_conv_results.json (written on 12th Gen Intel(R) Core(TM) i7-12650H, git 4610878): recorded run present True
     A0's path, seed 160, 24000 steps: stopped at 24000, transition None, acc 0.51171875, VAL cos 1.0; every recorded field equal (curve, statistics, gradient norms, end): True  -> REPRODUCED

CHECK 105 the pooled eta2 at k = 2 equals routing_stats' channel-0 eta^2, and at k = 16 a NumPy recomputation, on the probe batch of seed 5: (a) learned-gate models with the gate redrawn far from uniform (W_g at scale 3, W_in and W_h at 0.3); (b) a synthetic gate with strong index and half effects (routing_stats reads it through a stub):
     Part 0 (S=2, P=4, k=2 ) (a) model    : pooled index 0.127911, half 0.031898; routing_stats index 0.127911, half 0.031898; max |diff| 1.1e-08  -> EQUAL
     Part 0 (S=2, P=4, k=2 ) (b) synthetic: pooled index 0.753672, half 0.596626; routing_stats index 0.753672, half 0.596626; max |diff| 1.1e-07  -> EQUAL
     Part A (S=2, P=8, k=2 ) (a) model    : pooled index 0.130445, half 0.000801; routing_stats index 0.130445, half 0.000801; max |diff| 6.8e-09  -> EQUAL
     Part A (S=2, P=8, k=2 ) (b) synthetic: pooled index 0.759515, half 0.160351; routing_stats index 0.759515, half 0.160351; max |diff| 1.3e-07  -> EQUAL
     Part B (S=4, P=4, k=16) (a) model    : pooled index 0.091905, half 0.016778; NumPy 2.5.3 float64 index 0.091905, half 0.016778; max |diff| 2.3e-09  -> EQUAL
     Part B (S=4, P=4, k=16) (b) synthetic: pooled index 0.705222, half 0.344087; NumPy 2.5.3 float64 index 0.705222, half 0.344087; max |diff| 9.9e-08  -> EQUAL
     Part C (S=8, P=4, k=16) (a) model    : pooled index 0.125710, half 0.006067; NumPy 2.5.3 float64 index 0.125710, half 0.006067; max |diff| 1.5e-09  -> EQUAL
     Part C (S=8, P=4, k=16) (b) synthetic: pooled index 0.610220, half 0.178468; NumPy 2.5.3 float64 index 0.610220, half 0.178468; max |diff| 5.7e-08  -> EQUAL

CHECK 106 the perfect gate on 20 probe batches (seeds 0-19), and a gate set by sequence half:
     Part 0 (ceiling, k=2): perfect gate max eta2_index 0.0147, max eta2_half 0.0000 (< 0.1); half gate eta2_half 1.0000 (> 0.5)  -> OK
     Part A (ceiling8, k=2): perfect gate max eta2_index 0.0077, max eta2_half 0.0000 (< 0.1); half gate eta2_half 1.0000 (> 0.5)  -> OK
     Part B (ceiling4k16, k=16): perfect gate max eta2_index 0.0057, max eta2_half 0.0000 (< 0.1); half gate eta2_half 1.0000 (> 0.5)  -> OK
     Part C (ceiling8k16, k=16): perfect gate max eta2_index 0.0050, max eta2_half 0.0000 (< 0.1); half gate eta2_half 1.0000 (> 0.5)  -> OK

CHECK 107 the hinge's gradient (learned-gate models at init, seed 5, training batches from the run's generator):
     Part 0: with TAU = 0 the gradient reaches ['W_g', 'W_h', 'W_in', 'embed.weight']; through the hook (task loss x 0) ['W_g', 'W_h', 'W_in', 'embed.weight']; on batch 2 (eta2 index 0.040, half 0.000, both below 0.2) the gradient is exactly zero: True  -> OK
     Part A: with TAU = 0 the gradient reaches ['W_g', 'W_h', 'W_in', 'embed.weight']; through the hook (task loss x 0) ['W_g', 'W_h', 'W_in', 'embed.weight']; on batch 2 (eta2 index 0.064, half 0.001, both below 0.2) the gradient is exactly zero: True  -> OK
     Part B: with TAU = 0 the gradient reaches ['W_g', 'W_h', 'W_in', 'embed.weight']; through the hook (task loss x 0) ['W_g', 'W_h', 'W_in', 'embed.weight']; on batch 2 (eta2 index 0.033, half 0.011, both below 0.2) the gradient is exactly zero: True  -> OK
     Part C: with TAU = 0 the gradient reaches ['W_g', 'W_h', 'W_in', 'embed.weight']; through the hook (task loss x 0) ['W_g', 'W_h', 'W_in', 'embed.weight']; on batch 2 (eta2 index 0.026, half 0.001, both below 0.2) the gradient is exactly zero: True  -> OK

CHECK 108 the optimizer groups and lrs at every update, through each arm's run path and real schedule (forward stubbed, held-out accuracy 0.5; step pre-hook):
     A0        24000 updates: one group at [0.001] x 24000 (arm A's optimizer)  -> OK
     SLOW0     24000 updates: group lrs [0.001, 0.0001] x 2400, then [0.001, 0.001] x 21600   gate group ['W_in', 'W_h', 'W_g']   other group 5 tensors (embed.weight included: True; convolution included: False)  -> OK
     HINGE0    24000 updates: group lrs [0.001, 0.0001] x 2400, then [0.001, 0.001] x 21600   gate group ['W_in', 'W_h', 'W_g']   other group 5 tensors (embed.weight included: True; convolution included: False)  -> OK
     HINGE8    28800 updates: group lrs [0.001, 0.0001] x 2400, then [0.001, 0.001] x 26400   gate group ['W_in', 'W_h', 'W_g']   other group 6 tensors (embed.weight included: True; convolution included: True)  -> OK
     HINGE4k16 28800 updates: group lrs [0.001, 0.0001] x 2400, then [0.001, 0.001] x 26400   gate group ['W_in', 'W_h', 'W_g']   other group 6 tensors (embed.weight included: True; convolution included: True)  -> OK
     HINGE_D8  28800 updates: group lrs [0.001, 0.0001] x 2400, then [0.001, 0.001] x 26400   gate group ['W_in', 'W_h', 'W_g']   other group 6 tensors (embed.weight included: True; convolution included: True)  -> OK

CHECK 109 the seeds:
     Part 0's seeds 280-299: disjoint from every earlier seed: True
     (earlier seeds, restart reseeds included: 0-279, 1000-1149, 1160-1189, 1200-1219, 1240-1279, 2160-2189, 2200-2219, 2240-2279, 3160-3189, 3200-3219, 3240-3279, 4160-4189, 4200-4219, 4240-4279)
     Parts A-C reuse their recorded arms' seeds by design (paired): 220-239, 240-259, 260-269

CHECK 110 the pairing with this machine's recorded files (a file pairs if its recorded run of the part's first seed reproduces bit for bit through step 2400 on the plain run path, whatever the CPU label):
     Part A: scale_axes_results.json: exists True   written on: 12th Gen Intel(R) Core(TM) i7-12650H (git 248c482)   this machine: 12th Gen Intel(R) Core(TM) i7-12650H   labels match: True
         recorded DIRECT8 runs on seeds 220-239: 20/20
         DIRECT8 seed 220 re-run (plain path), 2400 steps: curve [[1200, 0.10595703125, 2.7029964923858643], [2400, 0.294921875, 1.7169173955917358]] vs recorded [[1200, 0.10595703125, 2.7029964923858643], [2400, 0.294921875, 1.7169173955917358]]; statistics and gradient norms equal: True  -> PAIRS
     Part B: stream_recipe_results.json: exists True   written on: 12th Gen Intel(R) Core(TM) i7-12650H (git 092937b)   this machine: 12th Gen Intel(R) Core(TM) i7-12650H   labels match: True
         recorded A4k16 runs on seeds 240-259: 20/20
         A4k16 seed 240 re-run (plain path), 2400 steps: curve [[1200, 0.07958984375, 2.759334087371826], [2400, 0.15576171875, 2.5252773761749268]] vs recorded [[1200, 0.07958984375, 2.759334087371826], [2400, 0.15576171875, 2.5252773761749268]]; statistics and gradient norms equal: True  -> PAIRS
     Part C: stream_curriculum_results.json: exists True   written on: 12th Gen Intel(R) Core(TM) i7-12650H (git 631fd62)   this machine: 12th Gen Intel(R) Core(TM) i7-12650H   labels match: True
         recorded D8 runs on seeds 260-269: 10/10
         D8 seed 260 re-run (plain path), 2400 steps: curve [[1200, 0.0712890625, 2.777966022491455], [2400, 0.06103515625, 2.7742807865142822]] vs recorded [[1200, 0.0712890625, 2.777966022491455], [2400, 0.06103515625, 2.7742807865142822]]; statistics and gradient norms equal: True  -> PAIRS

CHECK 111 a worker's run is bit-identical to the same run here:
         HINGE0 with TAU = 0 (fires on every batch), seed 1, 1200 steps: equal True   hinge fired 1200 of 1200 batches   acc 0.2021  -> IDENTICAL
         HINGE4k16, seed 1, 1200 steps: equal True   hinge fired 1 of 1200 batches   acc 0.1387  -> IDENTICAL

CHECK 112 (informative, not asserted) SLOW0 and HINGE0 against the screens' recorded runs (explore_out at claude/outside-ideas 0c5fa01), 3600 steps:
     SLOW0  seed 160 vs the screen's SLOW_MEM: curves equal False   curve [0.459, 1.0, 1.0] vs [0.4502, 1.0, 1.0]
     HINGE0 seed 160 vs the screen's SLOW_HINGE: curves equal False   curve [0.459, 1.0, 1.0] vs [0.4502, 1.0, 1.0]   hinge fired/batches at 1200, 2400, 3600: [[0, 1200], [0, 2400], [0, 3600]] vs the screen's [[0, 1200], [0, 2400], [0, 3600]]
     HINGE0 seed 162 vs the screen's SLOW_HINGE: curves equal False   curve [0.2129, 0.3691, 1.0] vs [0.2158, 0.3735, 1.0]   hinge fired/batches at 1200, 2400, 3600: [[3, 1200], [3, 2400], [3, 3600]] vs the screen's [[3, 1200], [3, 2400], [3, 3600]]

ALL VERIFICATION CHECKS PASSED

====================================================================================================
VERIFICATION — this test's own CHECKs
====================================================================================================
CHECK 113 the stage knob is inert: test_slow_start runs (seed 3, 1200 steps, SLOW + the hinge at TAU = 0, so it fires on every batch) with make_recipe's default vs b8c6007's module, and stage=True on a fixed-S task:
     Part 0 (test_short_conv's arm A): legacy == default True   hinge fired 1200 of 1200   curve [[1200, 0.2075]]  -> UNCHANGED
     Part B (test_stream_recipe's A4k16): legacy == default True   hinge fired 1200 of 1200   curve [[1200, 0.1279]]  -> UNCHANGED
     Part 0 with stage=True (S read from each batch's length) == stage=False: True  -> IDENTICAL

CHECK 114 the HONLY arms with TAU = 1.0 equal the plain recorded arm bit for bit through 2400 steps:
     HONLY0    seed 280 vs the recorded A0 (slow_start_results.json; curve, statistics, gradient norms): True; vs a fresh A0 run: records equal True, weights at 2400 equal True   hinge fired 0 of 2400   curve [0.168, 0.186]  -> IDENTICAL
     HONLY4k16 seed 240 vs the recorded A4k16 (stream_recipe_results.json; curve, statistics, gradient norms): True; vs a fresh plain run: records equal True, weights at 2400 equal True   hinge fired 0 of 2400   curve [0.0796, 0.1558]  -> IDENTICAL

CHECK 115 SC8_H with TAU = 1.0 and both groups at 0.001 equals the recorded SC8 through 2400 steps:
     SC8_H seed 260 vs the recorded SC8 (stream_curriculum_results.json; 8-stream curve, stage curve, statistics, gradient norms): True; vs a fresh plain SC8 run: records equal True, weights at 2400 equal True   hinge fired 0 of 2400   stage curve [0.8408, 0.8623]  -> IDENTICAL

CHECK 116 the hinge at each curriculum stage (S=8, P=4, k=16):
     2 streams (input length 26): stage_S = 2; the hinge's 8 positions 3j+1 (j < 8; halves j < 4 and j >= 4) == the body's key tokens in all 64 rows, the query's key at 25 excluded: True
         the hook's statistic (TAU = 0, gate redrawn: W_g 3, W_in and W_h 0.3): index 0.083210, half 0.008920; NumPy on the token-located positions 0.083210, 0.008920; max |diff| 5.6e-09
         the perfect gate (ceiling8k16) on 20 probe batches: max eta2_index 0.0030, max eta2_half 0.0000 (< 0.1)  -> OK
     4 streams (input length 50): stage_S = 4; the hinge's 16 positions 3j+1 (j < 16; halves j < 8 and j >= 8) == the body's key tokens in all 64 rows, the query's key at 49 excluded: True
         the hook's statistic (TAU = 0, gate redrawn: W_g 3, W_in and W_h 0.3): index 0.041636, half 0.003481; NumPy on the token-located positions 0.041636, 0.003481; max |diff| 7.2e-10
         the perfect gate (ceiling8k16) on 20 probe batches: max eta2_index 0.0046, max eta2_half 0.0000 (< 0.1)  -> OK
     8 streams (input length 98): stage_S = 8; the hinge's 32 positions 3j+1 (j < 32; halves j < 16 and j >= 16) == the body's key tokens in all 64 rows, the query's key at 97 excluded: True
         the hook's statistic (TAU = 0, gate redrawn: W_g 3, W_in and W_h 0.3): index 0.031998, half 0.002672; NumPy on the token-located positions 0.031998, 0.002672; max |diff| 3.3e-10
         the perfect gate (ceiling8k16) on 20 probe batches: max eta2_index 0.0050, max eta2_half 0.0000 (< 0.1)  -> OK

CHECK 117 the optimizer groups and lrs at every update, through each arm's run path and real schedule (forward stubbed, held-out accuracy 0.5; step pre-hook):
     HONLY0    24000 updates: one group at [0.001] x 24000, every parameter (8 tensors; no slow phase)  -> OK
     HONLY4k16 28800 updates: one group at [0.001] x 28800, every parameter (9 tensors; no slow phase)  -> OK
     SC8_H     28800 updates: group lrs [0.001, 0.0001] x 2400, then [0.001, 0.001] x 26400   gate group ['W_in', 'W_h', 'W_g']   other group 6 tensors (embed.weight included: True; convolution included: True)  -> OK

CHECK 118 the pairing with this machine's recorded files (a file pairs if a recorded run reproduces bit for bit through step 2400, whatever the CPU label):
     slow_start_results.json: written on 12th Gen Intel(R) Core(TM) i7-12650H (git 9c5939e)   this machine: 12th Gen Intel(R) Core(TM) i7-12650H   labels match: True
         HINGE0 seed 280 re-run (its recipe), 2400 steps: curve [[1200, 0.20654296875, 2.6032583713531494], [2400, 0.7568359375, 1.20308518409729]] vs recorded [[1200, 0.20654296875, 2.6032583713531494], [2400, 0.7568359375, 1.20308518409729]]; statistics and gradient norms equal: True  -> PAIRS
     slow_start_results.json: written on 12th Gen Intel(R) Core(TM) i7-12650H (git 9c5939e)   this machine: 12th Gen Intel(R) Core(TM) i7-12650H   labels match: True
         HINGE4k16 seed 240 re-run (its recipe), 2400 steps: curve [[1200, 0.19287109375, 2.6720657348632812], [2400, 0.2431640625, 2.441002607345581]] vs recorded [[1200, 0.19287109375, 2.6720657348632812], [2400, 0.2431640625, 2.441002607345581]]; statistics and gradient norms equal: True  -> PAIRS
     stream_recipe_results.json: written on 12th Gen Intel(R) Core(TM) i7-12650H (git 092937b)   this machine: 12th Gen Intel(R) Core(TM) i7-12650H   labels match: True
         A4k16 seed 240 re-run (plain path), 2400 steps: curve [[1200, 0.07958984375, 2.759334087371826], [2400, 0.15576171875, 2.5252773761749268]] vs recorded [[1200, 0.07958984375, 2.759334087371826], [2400, 0.15576171875, 2.5252773761749268]]; statistics and gradient norms equal: True  -> PAIRS
     stream_curriculum_results.json: written on 12th Gen Intel(R) Core(TM) i7-12650H (git 631fd62)   this machine: 12th Gen Intel(R) Core(TM) i7-12650H   labels match: True
         SC8 seed 260 re-run (plain path), 2400 steps: curve [[1200, 0.2099609375, 2.998953104019165], [2400, 0.22900390625, 3.2049686908721924]] vs recorded [[1200, 0.2099609375, 2.998953104019165], [2400, 0.22900390625, 3.2049686908721924]]; statistics and gradient norms equal: True  -> PAIRS

CHECK 119 a worker's run is bit-identical to the same run here:
         SC8_H seed 1, 6000 steps (through the switch to four streams at 4800): equal True   hinge fired 2 of 6000   stage acc [0.195, 0.213, 0.993, 0.997, 0.761]   8-stream acc [0.085, 0.102, 0.212, 0.225, 0.4]  -> IDENTICAL

ALL VERIFICATION CHECKS PASSED

====================================================================================================
PROJECTION — time_per_step (200 steps) inside the pool through each arm's builder and hinge (SC8_H on each stage's task), evaluations charged once per 1200; worst case = every run to its last step
====================================================================================================
  HONLY0     ms/step: all 12.7                                                x 20 seeds   (a full run 5.1 min)
  HONLY4k16  ms/step: all 25.7                                                x 20 seeds   (a full run 12.3 min)
  SC8_H      ms/step: stage 2 streams 15.0, stage 4 streams 25.4, stage 8 streams 54.4 x 20 seeds   (a full run 20.6 min)
  60 runs: serial 12.68 h, 3.17 h on 4 workers
  the drop decision recorded at the first start of this results file is kept: nothing cut (projection now 3.17 h)

   SC8_H      seed 260  cached
   SC8_H      seed 261  cached
   SC8_H      seed 262  cached
   SC8_H      seed 263  cached
   SC8_H      seed 264  cached
   SC8_H      seed 265  cached
   SC8_H      seed 266  cached
   SC8_H      seed 267  cached
   SC8_H      seed 268  cached
   SC8_H      seed 269  cached
   SC8_H      seed 270  cached
   SC8_H      seed 271  cached
   SC8_H      seed 272  cached
   SC8_H      seed 273  cached
   SC8_H      seed 274  cached
   SC8_H      seed 275  cached
   SC8_H      seed 276  cached
   SC8_H      seed 277  cached
   SC8_H      seed 278  cached
   SC8_H      seed 279  cached
   HONLY4k16  seed 240  cached
   HONLY4k16  seed 241  cached
   HONLY4k16  seed 242  cached
   HONLY4k16  seed 243  cached
   HONLY4k16  seed 244  cached
   HONLY4k16  seed 245  cached
   HONLY4k16  seed 246  cached
   HONLY4k16  seed 247  cached
   HONLY4k16  seed 248  cached
   HONLY4k16  seed 249  cached
   HONLY4k16  seed 250  cached
   HONLY4k16  seed 251  cached
   HONLY4k16  seed 252  cached
   HONLY4k16  seed 253  cached
   HONLY4k16  seed 254  cached
   HONLY4k16  seed 255  cached
   HONLY4k16  seed 256  cached
   HONLY4k16  seed 257  cached
   HONLY4k16  seed 258  cached
   HONLY4k16  seed 259  cached
   HONLY0     seed 280  cached
   HONLY0     seed 281  cached
   HONLY0     seed 282  cached
   HONLY0     seed 283  cached
   HONLY0     seed 284  cached
   HONLY0     seed 285  cached
   HONLY0     seed 286  cached
   HONLY0     seed 287  cached
   HONLY0     seed 288  cached
   HONLY0     seed 289  cached
   HONLY0     seed 290  cached
   HONLY0     seed 291  cached
   HONLY0     seed 292  cached
   HONLY0     seed 293  cached
   HONLY0     seed 294  cached
   HONLY0     seed 295  cached
   HONLY0     seed 296  cached
   HONLY0     seed 297  cached
   HONLY0     seed 298  cached
   HONLY0     seed 299  cached
====================================================================================================
RUNS — 0 runs, longest first
====================================================================================================


####################################################################################################
PER-SEED RAW RESULTS — every value, before any aggregate
####################################################################################################
  (columns as test_slow_start's: acc = final held-out accuracy (8-stream set in Part C); transition (Part C: stage 3 only); ROUTED* = margin >= 0.9 and eta_key_by_stream > 0.9; eta i/h/k/s = pooled eta^2 of the read gate at key positions on the probe batch by index / half / key / stream (Part C: the 8-stream probe); hinge = training batches with a hinge term > 0 in updates 1-1200 / 1-2400 / the whole run; flag = eta^2 by index, half or key >= 0.5 at 1200; map = stream -> channel argmax; ROUTED = one-to-one and every stream >= 0.9)

  HONLY0     arm A + the hinge, one group at 1e-3 (S=2, P=4, k=2, no conv)   (outcome DISCOVERED)
  arm        seed     acc transition  VALcos  m end ROUTED* 1200/2400/end    eta i/h/k/s @1200               @4800                @end hinge 1200/2400/all flag  outcome
  HONLY0      280  0.9883       3600   0.001  0.999                 Y/Y/Y  0.00/0.00/0.00/1.00 0.00/0.00/0.00/1.00 0.00/0.00/0.00/1.00               1/1/1    -  DISCOVERED
  HONLY0      281  1.0000       1200   0.000  1.000                 Y/Y/Y  0.00/0.00/0.00/1.00                  -- 0.00/0.00/0.00/1.00               0/0/0    -  DISCOVERED
  HONLY0      282  1.0000       2400   0.001  0.999                 Y/Y/Y  0.00/0.00/0.00/1.00 0.00/0.00/0.00/1.00 0.00/0.00/0.00/1.00               2/2/2    -  DISCOVERED
  HONLY0      283  1.0000       2400   0.001  0.999                 Y/Y/Y  0.00/0.00/0.00/1.00 0.00/0.00/0.00/1.00 0.00/0.00/0.00/1.00               0/0/0    -  DISCOVERED
  HONLY0      284  0.9922       3600   0.000  1.000                 Y/Y/Y  0.00/0.00/0.00/1.00 0.00/0.00/0.00/1.00 0.00/0.00/0.00/1.00               2/2/2    -  DISCOVERED
  HONLY0      285  1.0000       2400   0.003  0.998                 Y/Y/Y  0.00/0.00/0.00/1.00 0.00/0.00/0.00/1.00 0.00/0.00/0.00/1.00               2/2/2    -  DISCOVERED
  HONLY0      286  0.7583         --   0.600  0.461                 -/-/-  0.01/0.00/0.48/0.29 0.01/0.00/0.50/0.25 0.01/0.00/0.50/0.25               1/1/1    -  STREAM-PARTIAL
  HONLY0      287  0.5044         --   1.000 -0.000                 -/-/-  0.01/0.00/0.80/0.12 0.00/0.00/1.00/0.00 0.00/0.00/1.00/0.00               2/2/8    Y  KEY
  HONLY0      288  1.0000       2400   0.000  1.000                 Y/Y/Y  0.00/0.00/0.00/1.00 0.00/0.00/0.00/1.00 0.00/0.00/0.00/1.00               0/0/0    -  DISCOVERED
  HONLY0      289  0.5107         --   1.000 -0.000                 -/-/-  0.00/0.00/1.00/0.00 0.00/0.00/1.00/0.00 0.00/0.00/1.00/0.00              5/6/10    Y  KEY
  HONLY0      290  0.9971       2400   0.001  0.999                 Y/Y/Y  0.02/0.00/0.00/1.00 0.02/0.00/0.00/1.00 0.02/0.00/0.00/1.00               1/1/1    -  DISCOVERED
  HONLY0      291  1.0000       2400   0.001  0.999                 Y/Y/Y  0.00/0.00/0.00/1.00 0.00/0.00/0.00/1.00 0.00/0.00/0.00/1.00               1/1/1    -  DISCOVERED
  HONLY0      292  0.4902         --   1.000 -0.000                 -/-/-  0.00/0.00/1.00/0.00 0.00/0.00/1.00/0.00 0.00/0.00/1.00/0.00               1/1/3    Y  KEY
  HONLY0      293  1.0000       2400   0.000  1.000                 Y/Y/Y  0.00/0.00/0.00/1.00 0.00/0.00/0.00/1.00 0.00/0.00/0.00/1.00               1/1/1    -  DISCOVERED
  HONLY0      294  0.9521       4800   0.000  1.000                 Y/Y/Y  0.00/0.00/0.00/1.00 0.00/0.00/0.00/1.00 0.00/0.00/0.00/1.00               2/2/2    -  DISCOVERED
  HONLY0      295  0.5200         --   1.000  0.000                 -/-/-  0.00/0.00/1.00/0.00 0.00/0.00/1.00/0.00 0.00/0.00/1.00/0.00               2/2/6    Y  KEY
  HONLY0      296  0.9580       3600   0.000  1.000                 Y/Y/Y  0.00/0.00/0.00/1.00 0.00/0.00/0.00/1.00 0.00/0.00/0.00/1.00               1/1/1    -  DISCOVERED
  HONLY0      297  0.4917         --   1.000  0.000                 -/-/-  0.00/0.00/0.63/0.00 0.01/0.00/0.25/0.00 0.00/0.00/1.00/0.00              3/5/11    Y  KEY
  HONLY0      298  0.9990       2400   0.000  1.000                 Y/Y/Y  0.00/0.00/0.00/1.00 0.00/0.00/0.00/1.00 0.00/0.00/0.00/1.00               0/0/0    -  DISCOVERED
  HONLY0      299  0.4961         --   1.000  0.000                 Y/-/-  0.01/0.00/0.00/1.00 0.00/0.00/0.00/0.00 0.00/0.00/0.00/0.00               0/0/0    -  OTHER

  the recorded A0 on the same seeds (slow_start_results.json; pairs):
  arm        seed     acc transition  VALcos  m end ROUTED* 1200/2400/end    eta i/h/k/s @1200               @4800                @end hinge 1200/2400/all flag  outcome
  A0          280  1.0000      21600   0.028  0.878                 -/-/-  0.00/0.00/0.00/0.00 0.00/0.00/0.00/0.00 0.00/0.00/0.00/1.00                  --    -  DISCOVERED
  A0          281  1.0000       1200   0.000  1.000                 Y/Y/Y  0.00/0.00/0.00/1.00                  -- 0.00/0.00/0.00/1.00                  --    -  DISCOVERED
  A0          282  0.9863       3600   0.000  1.000                 Y/Y/Y  0.00/0.00/0.00/1.00 0.00/0.00/0.00/1.00 0.00/0.00/0.00/1.00                  --    -  DISCOVERED
  A0          283  1.0000       2400   0.001  0.999                 Y/Y/Y  0.00/0.00/0.00/1.00 0.00/0.00/0.00/1.00 0.00/0.00/0.00/1.00                  --    -  DISCOVERED
  A0          284  0.5142         --   1.000  0.000                 -/-/-  0.99/0.74/0.01/0.00 1.00/0.60/0.01/0.00 0.92/0.02/0.02/0.01                  --    Y  POSITION
  A0          285  1.0000       2400   0.000  1.000                 Y/Y/Y  0.00/0.00/0.00/1.00 0.00/0.00/0.00/1.00 0.00/0.00/0.00/1.00                  --    -  DISCOVERED
  A0          286  0.4941         --   1.000  0.018                 -/-/-  0.94/0.13/0.01/0.00 1.00/0.36/0.01/0.00 0.97/0.07/0.00/0.00                  --    Y  POSITION
  A0          287  0.5132         --   1.000 -0.006                 -/-/-  1.00/0.14/0.00/0.00 1.00/0.34/0.00/0.00 1.00/0.14/0.00/0.00                  --    Y  POSITION
  A0          288  1.0000       2400   0.000  1.000                 Y/Y/Y  0.00/0.00/0.00/1.00 0.00/0.00/0.00/1.00 0.00/0.00/0.00/1.00                  --    -  DISCOVERED
  A0          289  0.5049         --   1.000 -0.043                 -/-/-  0.99/0.80/0.00/0.00 1.00/0.34/0.00/0.00 1.00/0.32/0.00/0.00                  --    Y  POSITION
  A0          290  0.4868         --   1.000  0.000                 -/-/-  0.01/0.00/0.98/0.00 0.00/0.00/1.00/0.00 0.10/0.01/0.70/0.00                  --    Y  KEY
  A0          291  0.4956         --   1.000 -0.029                 -/-/-  0.94/0.27/0.01/0.00 1.00/0.34/0.00/0.00 1.00/0.35/0.00/0.00                  --    Y  POSITION
  A0          292  0.6035         --   0.894  0.273                 -/-/-  0.00/0.00/1.00/0.00 0.00/0.00/1.00/0.00 0.00/0.00/0.73/0.07                  --    Y  STREAM-PARTIAL
  A0          293  0.4907         --   1.000 -0.008                 -/-/-  0.98/0.45/0.00/0.00 0.98/0.13/0.01/0.00 0.94/0.31/0.04/0.00                  --    Y  POSITION
  A0          294  0.5088         --   1.000  0.000                 -/-/-  0.00/0.00/1.00/0.00 0.00/0.00/0.99/0.00 0.00/0.00/1.00/0.00                  --    Y  KEY
  A0          295  1.0000       7200   0.000  1.000                 Y/Y/Y  0.00/0.00/0.00/1.00 0.00/0.00/0.00/1.00 0.00/0.00/0.00/1.00                  --    -  DISCOVERED
  A0          296  0.5054         --   1.000 -0.010                 -/-/-  0.26/0.21/0.05/0.00 0.95/0.30/0.00/0.00 0.96/0.16/0.00/0.02                  --    -  POSITION
  A0          297  0.4824         --   0.999 -0.025                 -/-/-  0.97/0.86/0.01/0.00 1.00/0.60/0.00/0.00 1.00/0.23/0.00/0.00                  --    Y  POSITION
  A0          298  0.9990       2400   0.000  1.000                 Y/Y/Y  0.00/0.00/0.00/1.00 0.00/0.00/0.00/1.00 0.00/0.00/0.00/1.00                  --    -  DISCOVERED
  A0          299  0.4961         --   1.000  0.000                 Y/-/-  0.01/0.00/0.00/1.00 0.00/0.00/0.00/0.00 0.00/0.00/0.00/0.00                  --    -  OTHER

  the recorded SLOW0 on the same seeds (slow_start_results.json; pairs):
  arm        seed     acc transition  VALcos  m end ROUTED* 1200/2400/end    eta i/h/k/s @1200               @4800                @end hinge 1200/2400/all flag  outcome
  SLOW0       280  0.3970         --   1.000  0.001                 -/-/-  0.68/0.50/0.00/0.14 1.00/0.21/0.00/0.00 0.99/0.18/0.00/0.00                  --    Y  POSITION
  SLOW0       281  1.0000       2400   0.001  0.998                 Y/Y/Y  0.00/0.00/0.00/1.00 0.00/0.00/0.00/1.00 0.00/0.00/0.00/1.00                  --    -  DISCOVERED
  SLOW0       282  1.0000       3600   0.001  0.999                 Y/Y/Y  0.00/0.00/0.00/1.00 0.00/0.00/0.00/1.00 0.00/0.00/0.00/1.00                  --    -  DISCOVERED
  SLOW0       283  1.0000       3600   0.000  0.999                 Y/Y/Y  0.00/0.00/0.00/1.00 0.00/0.00/0.00/1.00 0.00/0.00/0.00/1.00                  --    -  DISCOVERED
  SLOW0       284  0.3960         --   1.000 -0.000                 -/-/-  0.95/0.73/0.01/0.00 0.95/0.72/0.02/0.00 0.99/0.65/0.01/0.00                  --    Y  POSITION
  SLOW0       285  1.0000       2400   0.000  1.000                 Y/Y/Y  0.00/0.00/0.00/1.00 0.00/0.00/0.00/1.00 0.00/0.00/0.00/1.00                  --    -  DISCOVERED
  SLOW0       286  1.0000       2400   0.001  0.999                 Y/Y/Y  0.00/0.00/0.00/1.00 0.00/0.00/0.00/1.00 0.00/0.00/0.00/1.00                  --    -  DISCOVERED
  SLOW0       287  0.4028         --   1.000  0.002                 -/-/-  0.96/0.84/0.00/0.00 0.99/0.17/0.00/0.00 0.99/0.23/0.00/0.00                  --    Y  POSITION
  SLOW0       288  1.0000       2400   0.000  0.999                 Y/Y/Y  0.00/0.00/0.00/1.00 0.00/0.00/0.00/1.00 0.00/0.00/0.00/1.00                  --    -  DISCOVERED
  SLOW0       289  1.0000       2400   0.001  0.999                 Y/Y/Y  0.00/0.00/0.00/1.00 0.00/0.00/0.00/1.00 0.00/0.00/0.00/1.00                  --    -  DISCOVERED
  SLOW0       290  1.0000       2400   0.000  0.999                 Y/Y/Y  0.02/0.00/0.00/1.00 0.02/0.00/0.00/1.00 0.02/0.00/0.00/1.00                  --    -  DISCOVERED
  SLOW0       291  1.0000       2400   0.000  1.000                 Y/Y/Y  0.00/0.00/0.00/1.00 0.00/0.00/0.00/1.00 0.00/0.00/0.00/1.00                  --    -  DISCOVERED
  SLOW0       292  1.0000       2400   0.001  0.998                 Y/Y/Y  0.01/0.00/0.00/1.00 0.01/0.00/0.00/1.00 0.01/0.00/0.00/1.00                  --    -  DISCOVERED
  SLOW0       293  1.0000       3600   0.001  0.999                 Y/Y/Y  0.00/0.00/0.00/1.00 0.00/0.00/0.00/1.00 0.00/0.00/0.00/1.00                  --    -  DISCOVERED
  SLOW0       294  1.0000       4800   0.000  0.999                 -/-/Y  0.91/0.63/0.01/0.00 0.00/0.00/0.00/1.00 0.00/0.00/0.00/1.00                  --    Y  DISCOVERED
  SLOW0       295  0.5112         --   1.000 -0.001                 -/-/-  0.98/0.75/0.00/0.00 1.00/0.15/0.00/0.00 1.00/0.15/0.00/0.00                  --    Y  POSITION
  SLOW0       296  1.0000       2400   0.000  1.000                 Y/Y/Y  0.00/0.00/0.00/1.00 0.00/0.00/0.00/1.00 0.00/0.00/0.00/1.00                  --    -  DISCOVERED
  SLOW0       297  1.0000       3600   0.006  0.994                 Y/Y/Y  0.01/0.00/0.00/1.00 0.01/0.00/0.00/1.00 0.01/0.00/0.00/1.00                  --    -  DISCOVERED
  SLOW0       298  0.4985         --   1.000 -0.006                 -/-/-  0.94/0.54/0.00/0.00 1.00/0.21/0.00/0.00 1.00/0.22/0.00/0.00                  --    Y  POSITION
  SLOW0       299  1.0000       3600   0.000  0.999                 Y/Y/Y  0.01/0.00/0.00/1.00 0.01/0.00/0.00/1.00 0.01/0.00/0.00/1.00                  --    -  DISCOVERED

  the recorded HINGE0 on the same seeds (slow_start_results.json; pairs):
  arm        seed     acc transition  VALcos  m end ROUTED* 1200/2400/end    eta i/h/k/s @1200               @4800                @end hinge 1200/2400/all flag  outcome
  HINGE0      280  1.0000       4800   0.005  0.995                 -/Y/Y  0.00/0.00/0.15/0.76 0.00/0.00/0.00/1.00 0.00/0.00/0.00/1.00               1/1/1    -  DISCOVERED
  HINGE0      281  0.9995       2400   0.000  1.000                 Y/Y/Y  0.00/0.00/0.00/1.00 0.00/0.00/0.00/1.00 0.00/0.00/0.00/1.00               1/1/1    -  DISCOVERED
  HINGE0      282  1.0000       3600   0.000  1.000                 Y/Y/Y  0.00/0.00/0.00/1.00 0.00/0.00/0.00/1.00 0.00/0.00/0.00/1.00               1/1/1    -  DISCOVERED
  HINGE0      283  1.0000       3600   0.000  0.999                 Y/Y/Y  0.00/0.00/0.00/1.00 0.00/0.00/0.00/1.00 0.00/0.00/0.00/1.00               0/0/0    -  DISCOVERED
  HINGE0      284  1.0000       3600   0.000  0.999                 -/Y/Y  0.02/0.01/0.18/0.65 0.00/0.00/0.00/1.00 0.00/0.00/0.00/1.00               2/2/2    -  DISCOVERED
  HINGE0      285  1.0000       2400   0.001  0.999                 Y/Y/Y  0.00/0.00/0.00/1.00 0.00/0.00/0.00/1.00 0.00/0.00/0.00/1.00               1/1/1    -  DISCOVERED
  HINGE0      286  1.0000       2400   0.001  0.999                 Y/Y/Y  0.00/0.00/0.00/1.00 0.00/0.00/0.00/1.00 0.00/0.00/0.00/1.00               0/0/0    -  DISCOVERED
  HINGE0      287  1.0000      13200   0.000  1.000                 -/Y/Y  0.01/0.00/0.42/0.18 0.00/0.00/0.00/1.00 0.00/0.00/0.00/1.00               2/2/2    -  DISCOVERED
  HINGE0      288  1.0000       2400   0.000  0.999                 Y/Y/Y  0.00/0.00/0.00/1.00 0.00/0.00/0.00/1.00 0.00/0.00/0.00/1.00               0/0/0    -  DISCOVERED
  HINGE0      289  1.0000       2400   0.001  0.999                 Y/Y/Y  0.00/0.00/0.00/1.00 0.00/0.00/0.00/1.00 0.00/0.00/0.00/1.00               0/0/0    -  DISCOVERED
  HINGE0      290  1.0000       2400   0.000  0.999                 Y/Y/Y  0.02/0.00/0.00/1.00 0.02/0.00/0.00/1.00 0.02/0.00/0.00/1.00               0/0/0    -  DISCOVERED
  HINGE0      291  1.0000       2400   0.000  0.999                 Y/Y/Y  0.00/0.00/0.00/1.00 0.00/0.00/0.00/1.00 0.00/0.00/0.00/1.00               1/1/1    -  DISCOVERED
  HINGE0      292  1.0000       2400   0.001  0.998                 Y/Y/Y  0.01/0.00/0.00/1.00 0.01/0.00/0.00/1.00 0.01/0.00/0.00/1.00               0/0/0    -  DISCOVERED
  HINGE0      293  1.0000       3600   0.001  0.999                 Y/Y/Y  0.00/0.00/0.00/1.00 0.00/0.00/0.00/1.00 0.00/0.00/0.00/1.00               0/0/0    -  DISCOVERED
  HINGE0      294  1.0000       8400   0.000  1.000                 Y/Y/Y  0.00/0.00/0.00/1.00 0.00/0.00/0.00/1.00 0.00/0.00/0.00/1.00               1/1/2    -  DISCOVERED
  HINGE0      295  1.0000       3600   0.001  0.998                 -/Y/Y  0.01/0.01/0.53/0.41 0.00/0.00/0.00/1.00 0.00/0.00/0.00/1.00               1/1/1    Y  DISCOVERED
  HINGE0      296  1.0000       2400   0.000  1.000                 Y/Y/Y  0.00/0.00/0.00/1.00 0.00/0.00/0.00/1.00 0.00/0.00/0.00/1.00               0/0/0    -  DISCOVERED
  HINGE0      297  1.0000       3600   0.000  1.000                 -/Y/Y  0.03/0.00/0.02/0.58 0.01/0.00/0.00/1.00 0.01/0.00/0.00/1.00               1/1/1    -  DISCOVERED
  HINGE0      298  1.0000       2400   0.001  0.999                 -/Y/Y  0.00/0.00/0.24/0.64 0.00/0.00/0.00/1.00 0.00/0.00/0.00/1.00               1/1/1    -  DISCOVERED
  HINGE0      299  1.0000       3600   0.000  0.999                 Y/Y/Y  0.01/0.00/0.00/1.00 0.01/0.00/0.00/1.00 0.01/0.00/0.00/1.00               0/0/0    -  DISCOVERED

  HONLY4k16  A4k16 + the hinge, one group at 1e-3 (S=4, P=4, k=16, conv)   (outcome BOUND)
  arm        seed     acc transition                     map 1:1 sh  per-stream acc                          ROUTED    eta i/h/k/s @1200               @4800                @end hinge 1200/2400/all flag  outcome
  HONLY4k16   240  1.0000       2400               10,14,9,1   y  1  1.00/1.00/1.00/1.00                          Y  0.03/0.01/0.45/0.12 0.01/0.00/0.00/1.00 0.01/0.00/0.00/1.00               9/9/9    -  BOUND ROUTED
  HONLY4k16   241  1.0000       3600               4,3,14,15   y  1  1.00/1.00/1.00/1.00                          Y  0.01/0.00/0.88/0.06 0.01/0.00/0.00/1.00 0.01/0.00/0.00/1.00               1/1/1    Y  BOUND ROUTED
  HONLY4k16   242  1.0000      18000                9,4,2,15   y  1  1.00/1.00/1.00/1.00                          Y  0.01/0.00/0.60/0.24 0.00/0.00/0.37/0.31 0.00/0.00/0.15/0.42               1/2/2    Y  BOUND ROUTED
  HONLY4k16   243  1.0000       8400               8,13,13,8   n  2  1.00/1.00/1.00/1.00                          -  0.00/0.00/0.88/0.07 0.00/0.00/0.25/0.38 0.00/0.00/0.26/0.36               1/1/1    Y  BOUND NOT routed
  HONLY4k16   244  1.0000       4800               15,13,4,6   y  1  1.00/1.00/1.00/1.00                          Y  0.01/0.00/0.59/0.32 0.00/0.00/0.00/1.00 0.00/0.00/0.00/1.00              1/7/16    Y  BOUND ROUTED
  HONLY4k16   245  1.0000       7200                1,12,3,2   y  1  1.00/1.00/1.00/1.00                          Y  0.10/0.02/0.24/0.00 0.01/0.00/0.12/0.69 0.00/0.00/0.02/0.94            10/14/14    -  BOUND ROUTED
  HONLY4k16   246  1.0000       6000               9,10,15,6   y  1  1.00/1.00/1.00/1.00                          Y  0.01/0.00/0.00/0.00 0.01/0.00/0.00/0.99 0.00/0.00/0.00/1.00               1/1/1    -  BOUND ROUTED
  HONLY4k16   247  1.0000       2400                3,5,1,12   y  1  1.00/1.00/1.00/1.00                          Y  0.01/0.00/0.33/0.48 0.00/0.00/0.00/1.00 0.00/0.00/0.00/1.00               1/1/1    -  BOUND ROUTED
  HONLY4k16   248  1.0000      20400               5,3,14,12   y  1  1.00/1.00/1.00/1.00                          Y  0.02/0.00/0.23/0.61 0.00/0.00/0.00/0.99 0.00/0.00/0.00/1.00               1/1/1    -  BOUND ROUTED
  HONLY4k16   249  1.0000       7200                12,7,3,1   y  1  1.00/1.00/1.00/1.00                          Y  0.02/0.00/0.52/0.30 0.01/0.00/0.00/0.94 0.00/0.00/0.00/0.99               2/2/3    Y  BOUND ROUTED
  HONLY4k16   250  1.0000       3600                4,12,2,3   y  1  1.00/1.00/1.00/1.00                          Y  0.01/0.00/0.50/0.33 0.00/0.00/0.00/1.00 0.00/0.00/0.00/1.00               1/1/1    -  BOUND ROUTED
  HONLY4k16   251  1.0000      18000               7,10,0,13   y  1  1.00/1.00/1.00/1.00                          Y  0.01/0.00/0.80/0.14 0.01/0.00/0.37/0.30 0.00/0.00/0.15/0.43               1/4/4    Y  BOUND ROUTED
  HONLY4k16   252  0.5547         --                 5,5,8,8   n  2  0.53/0.56/0.61/0.52                          -  0.01/0.00/0.00/0.05 0.07/0.00/0.00/0.02 0.05/0.00/0.00/0.13             3/3/868    -  non-stream OTHER
  HONLY4k16   253  1.0000       4800                4,15,5,0   y  1  1.00/1.00/1.00/1.00                          Y  0.02/0.00/0.72/0.15 0.00/0.00/0.00/0.99 0.00/0.00/0.00/1.00               1/1/1    Y  BOUND ROUTED
  HONLY4k16   254  1.0000       3600                9,13,8,6   y  1  1.00/1.00/1.00/1.00                          Y  0.01/0.00/0.66/0.24 0.00/0.00/0.00/1.00 0.00/0.00/0.00/1.00               1/1/1    Y  BOUND ROUTED
  HONLY4k16   255  1.0000       4800                13,5,8,6   y  1  1.00/1.00/1.00/1.00                          Y  0.00/0.00/0.00/0.97 0.00/0.00/0.00/0.98 0.00/0.00/0.00/0.99               1/1/1    -  BOUND ROUTED
  HONLY4k16   256  1.0000      18000               0,12,15,4   y  1  1.00/1.00/1.00/1.00                          Y  0.00/0.00/0.70/0.23 0.03/0.00/0.00/0.33 0.03/0.00/0.00/0.52               1/1/1    Y  BOUND ROUTED
  HONLY4k16   257  1.0000       4800                10,0,6,1   y  1  1.00/1.00/1.00/1.00                          Y  0.00/0.00/0.14/0.76 0.01/0.00/0.00/1.00 0.01/0.00/0.00/1.00               1/1/1    -  BOUND ROUTED
  HONLY4k16   258  1.0000       2400               12,13,6,8   y  1  1.00/1.00/1.00/1.00                          Y  0.01/0.00/0.55/0.35 0.00/0.00/0.00/1.00 0.00/0.00/0.00/1.00               1/1/1    Y  BOUND ROUTED
  HONLY4k16   259  0.8145         --                 1,8,2,8   n  2  1.00/0.66/1.00/0.62                          -  0.00/0.00/0.89/0.06 0.00/0.00/0.00/0.00 0.01/0.00/0.00/0.50               1/4/6    Y  MERGED (2 share)

  the recorded A4k16 on the same seeds (stream_recipe_results.json; pairs):
  arm        seed     acc transition                     map 1:1 sh  per-stream acc                          ROUTED    eta i/h/k/s @1200               @4800                @end hinge 1200/2400/all flag  outcome
  A4k16       240  0.2441         --                 4,4,4,4   n  4  0.22/0.27/0.26/0.22                          -                   --                  --                  --                  --   --  non-stream POSITION
  A4k16       241  0.2646         --                 2,2,2,2   n  4  0.27/0.26/0.26/0.27                          -                   --                  --                  --                  --   --  non-stream POSITION
  A4k16       242  0.5181         --              12,8,12,12   n  3  0.35/1.00/0.34/0.33                          -                   --                  --                  --                  --   --  MERGED (3 share)
  A4k16       243  1.0000      21600                 3,6,5,8   y  1  1.00/1.00/1.00/1.00                          Y                   --                  --                  --                  --   --  BOUND ROUTED
  A4k16       244  0.2451         --             15,15,15,15   n  4  0.23/0.24/0.23/0.28                          -                   --                  --                  --                  --   --  non-stream POSITION
  A4k16       245  1.0000       3600                11,3,2,7   y  1  1.00/1.00/1.00/1.00                          Y                   --                  --                  --                  --   --  BOUND ROUTED
  A4k16       246  0.7495         --               3,13,13,2   n  2  1.00/0.52/0.51/1.00                          -                   --                  --                  --                  --   --  MERGED (2 share)
  A4k16       247  1.0000      19200                10,8,5,2   y  1  1.00/1.00/1.00/1.00                          Y                   --                  --                  --                  --   --  BOUND ROUTED
  A4k16       248  1.0000      12000                7,9,11,2   y  1  1.00/1.00/1.00/1.00                          Y                   --                  --                  --                  --   --  BOUND ROUTED
  A4k16       249  0.7764         --                4,6,11,4   n  2  0.53/1.00/1.00/0.55                          -                   --                  --                  --                  --   --  MERGED (2 share)
  A4k16       250  0.2490         --                 6,6,6,6   n  4  0.26/0.22/0.22/0.30                          -                   --                  --                  --                  --   --  non-stream KEY
  A4k16       251  0.2461         --             14,14,14,14   n  4  0.22/0.25/0.27/0.24                          -                   --                  --                  --                  --   --  non-stream POSITION
  A4k16       252  0.5083         --               14,14,0,0   n  2  0.48/0.52/0.53/0.50                          -                   --                  --                  --                  --   --  non-stream OTHER
  A4k16       253  1.0000       3600                 4,8,6,3   y  1  1.00/1.00/1.00/1.00                          Y                   --                  --                  --                  --   --  BOUND ROUTED
  A4k16       254  1.0000       4800                2,13,9,6   y  1  1.00/1.00/1.00/1.00                          Y                   --                  --                  --                  --   --  BOUND ROUTED
  A4k16       255  1.0000      10800               9,11,15,6   y  1  1.00/1.00/1.00/1.00                          Y                   --                  --                  --                  --   --  BOUND ROUTED
  A4k16       256  1.0000       4800              15,4,14,10   y  1  1.00/1.00/1.00/1.00                          Y                   --                  --                  --                  --   --  BOUND ROUTED
  A4k16       257  0.2603         --                 1,1,1,1   n  4  0.25/0.26/0.27/0.26                          -                   --                  --                  --                  --   --  non-stream POSITION
  A4k16       258  1.0000       3600              15,12,8,14   y  1  1.00/1.00/1.00/1.00                          Y                   --                  --                  --                  --   --  BOUND ROUTED
  A4k16       259  0.2349         --                 8,8,8,8   n  4  0.24/0.24/0.23/0.23                          -                   --                  --                  --                  --   --  non-stream POSITION

  the recorded HINGE4k16 on the same seeds (slow_start_results.json; pairs):
  arm        seed     acc transition                     map 1:1 sh  per-stream acc                          ROUTED    eta i/h/k/s @1200               @4800                @end hinge 1200/2400/all flag  outcome
  HINGE4k16   240  1.0000       3600               4,13,9,10   y  1  1.00/1.00/1.00/1.00                          Y  0.01/0.00/0.01/0.79 0.01/0.00/0.00/0.99 0.01/0.00/0.00/0.99               0/0/0    -  BOUND ROUTED
  HINGE4k16   241  1.0000       3600                2,11,4,0   y  1  1.00/1.00/1.00/1.00                          Y  0.01/0.00/0.00/0.78 0.01/0.00/0.00/0.99 0.01/0.00/0.00/0.99               1/1/1    -  BOUND ROUTED
  HINGE4k16   242  1.0000       3600               13,14,6,9   y  1  1.00/1.00/1.00/1.00                          Y  0.03/0.00/0.00/0.01 0.02/0.00/0.00/0.96 0.02/0.00/0.00/0.96             9/15/16    -  BOUND ROUTED
  HINGE4k16   243  0.7534         --                8,8,12,5   n  2  0.74/0.74/0.78/0.75                          -  0.00/0.00/0.78/0.18 0.00/0.00/0.29/0.36 0.00/0.00/0.23/0.39               1/1/1    Y  MERGED (2 share)
  HINGE4k16   244  1.0000       4800             12,15,14,10   y  1  1.00/1.00/1.00/1.00                          Y  0.00/0.00/0.05/0.77 0.01/0.00/0.00/0.98 0.00/0.00/0.00/0.99               1/1/1    -  BOUND ROUTED
  HINGE4k16   245  1.0000      16800               9,10,11,5   y  1  1.00/1.00/1.00/1.00                          Y  0.01/0.00/0.00/0.00 0.06/0.02/0.00/0.00 0.00/0.00/0.00/0.99               0/0/0    -  BOUND ROUTED
  HINGE4k16   246  1.0000      14400               8,10,6,10   n  2  1.00/1.00/1.00/1.00                          -  0.01/0.00/0.60/0.29 0.13/0.00/0.45/0.01 0.00/0.00/0.24/0.38              1/1/82    Y  BOUND NOT routed
  HINGE4k16   247  1.0000       3600                6,13,1,8   y  1  1.00/1.00/1.00/1.00                          Y  0.01/0.00/0.00/0.95 0.00/0.00/0.00/1.00 0.00/0.00/0.00/1.00               0/0/0    -  BOUND ROUTED
  HINGE4k16   248  1.0000      19200               3,15,10,1   y  1  1.00/1.00/1.00/1.00                          Y  0.03/0.01/0.00/0.00 0.04/0.01/0.94/0.00 0.01/0.00/0.00/0.97             2/13/81    -  BOUND ROUTED
  HINGE4k16   249  1.0000       6000               9,15,14,1   y  1  1.00/1.00/1.00/1.00                          Y  0.01/0.00/0.00/0.79 0.00/0.00/0.00/0.98 0.00/0.00/0.00/0.99               0/0/0    -  BOUND ROUTED
  HINGE4k16   250  1.0000       3600                1,9,3,12   y  1  1.00/1.00/1.00/1.00                          Y  0.00/0.00/0.17/0.59 0.00/0.00/0.00/0.98 0.00/0.00/0.00/0.99               3/3/3    -  BOUND ROUTED
  HINGE4k16   251  1.0000      22800                1,7,13,7   n  2  1.00/1.00/1.00/1.00                          -  0.01/0.00/0.70/0.20 0.06/0.00/0.81/0.01 0.01/0.00/0.21/0.39              2/3/51    Y  BOUND NOT routed
  HINGE4k16   252  1.0000      20400                 3,0,5,8   y  1  1.00/1.00/1.00/1.00                          Y  0.02/0.00/0.00/0.00 0.02/0.00/0.02/0.00 0.00/0.00/0.00/1.00             6/7/230    -  BOUND ROUTED
  HINGE4k16   253  1.0000      12000                 6,0,1,3   y  1  1.00/1.00/1.00/1.00                          Y  0.01/0.00/0.27/0.53 0.01/0.00/0.00/0.98 0.01/0.00/0.00/1.00               1/1/5    -  BOUND ROUTED
  HINGE4k16   254  1.0000       4800                9,8,7,12   y  1  1.00/1.00/1.00/1.00                          Y  0.01/0.00/0.31/0.59 0.01/0.00/0.00/1.00 0.00/0.00/0.00/1.00               1/1/1    -  BOUND ROUTED
  HINGE4k16   255  1.0000       4800                12,1,5,6   y  1  1.00/1.00/1.00/1.00                          Y  0.02/0.00/0.00/0.84 0.01/0.00/0.00/0.98 0.00/0.00/0.00/0.99               2/2/2    -  BOUND ROUTED
  HINGE4k16   256  0.7510         --                 0,5,8,0   n  2  0.46/1.00/1.00/0.51                          -  0.01/0.00/0.00/0.00 0.02/0.00/0.00/0.00 0.02/0.00/0.00/0.54              7/7/15    -  MERGED (2 share)
  HINGE4k16   257  1.0000       3600               7,12,1,15   y  1  1.00/1.00/1.00/1.00                          Y  0.01/0.00/0.62/0.27 0.01/0.00/0.00/0.97 0.01/0.00/0.00/0.98               1/1/1    Y  BOUND ROUTED
  HINGE4k16   258  1.0000       6000              12,1,14,13   y  1  1.00/1.00/1.00/1.00                          Y  0.01/0.00/0.44/0.35 0.01/0.00/0.00/0.94 0.00/0.00/0.00/0.99               2/2/2    -  BOUND ROUTED
  HINGE4k16   259  1.0000       3600              8,10,15,12   y  1  1.00/1.00/1.00/1.00                          Y  0.01/0.00/0.10/0.46 0.00/0.00/0.00/1.00 0.01/0.00/0.00/0.99               1/1/1    -  BOUND ROUTED

  SC8_H      SC8 + HINGE (slow 1-2400; hinge on each stage's key positions)   (outcome BOUND)
  arm        seed     acc transition                     map 1:1 sh  per-stream acc                          ROUTED    eta i/h/k/s @1200               @4800                @end hinge 1200/2400/all flag  outcome
  SC8_H       260  0.1104         -- 10,10,10,10,10,10,10,10   n  8  0.10/0.13/0.09/0.14/0.11/0.08/0.14/0.10      -  0.00/0.00/0.80/0.17 0.11/0.00/0.50/0.01 0.14/0.00/0.42/0.00             1/1/664    Y  non-stream OTHER  collapsed
  SC8_H       261  0.5610         --     15,0,11,0,15,8,8,11   n  2  0.76/0.55/0.49/0.45/0.79/0.51/0.47/0.47      -  0.01/0.00/0.81/0.11 0.00/0.00/0.31/0.25 0.00/0.00/0.14/0.43              1/2/41    Y  MERGED (2 share)
  SC8_H       262  1.0000      21600     10,11,10,5,1,1,11,3   n  2  1.00/1.00/1.00/1.00/1.00/1.00/1.00/1.00      -  0.00/0.00/0.78/0.02 0.01/0.00/0.73/0.11 0.01/0.00/0.57/0.21               1/1/1    Y  BOUND NOT routed
  SC8_H       263  0.9800      28800         0,0,0,0,3,7,7,7   n  4  1.00/0.96/1.00/1.00/1.00/1.00/0.97/0.92      -  0.00/0.00/0.82/0.11 0.01/0.00/0.68/0.12 0.00/0.00/0.53/0.19               1/3/3    Y  BOUND NOT routed
  SC8_H       264  0.5552         --         9,9,7,7,4,9,4,4   n  3  0.72/0.63/0.35/0.54/0.54/0.40/0.60/0.66      -  0.00/0.00/0.87/0.09 0.00/0.00/0.77/0.06 0.00/0.00/0.70/0.08               1/1/1    Y  MERGED (3 share)
  SC8_H       265  0.5049         --     8,3,10,4,10,1,10,11   n  3  0.63/0.58/0.31/0.64/0.28/0.78/0.32/0.51      -  0.00/0.00/0.95/0.03 0.00/0.00/0.54/0.16 0.00/0.00/0.36/0.25               2/2/2    Y  MERGED (3 share)
  SC8_H       266  0.7515         --     9,12,10,13,0,14,8,0   n  2  0.83/0.81/0.76/0.87/0.46/0.78/1.00/0.49      -  0.00/0.00/0.70/0.20 0.00/0.00/0.22/0.35 0.00/0.00/0.16/0.54               1/2/2    Y  MERGED (2 share)
  SC8_H       267  0.7378         --         9,5,2,2,6,1,3,5   n  2  1.00/0.46/0.49/0.51/1.00/1.00/1.00/0.47      -  0.01/0.00/0.78/0.12 0.01/0.00/0.11/0.01 0.00/0.00/0.00/1.00               1/3/7    Y  MERGED (2 share)
  SC8_H       268  0.7354         --    10,10,2,15,4,15,12,5   n  2  0.49/0.48/1.00/0.45/1.00/0.45/1.00/1.00      -  0.01/0.00/0.42/0.49 0.00/0.00/0.00/0.74 0.00/0.00/0.00/1.00               2/2/2    -  MERGED (2 share)
  SC8_H       269  0.5020         --     15,0,3,3,3,12,12,15   n  3  0.51/1.00/0.33/0.34/0.35/0.47/0.48/0.52      -  0.01/0.00/0.58/0.31 0.00/0.00/0.22/0.34 0.00/0.00/0.16/0.42               1/3/3    Y  MERGED (3 share)
  SC8_H       270  0.8657         --         8,8,8,8,8,8,8,8   n  8  0.99/0.98/0.47/0.99/0.98/1.00/0.58/0.97      -  0.00/0.00/0.98/0.00 0.06/0.00/0.73/0.01 0.15/0.00/0.43/0.00             3/3/510    Y  non-stream OTHER
  SC8_H       271  0.3813         --        5,14,2,2,7,2,5,7   n  3  0.38/0.74/0.28/0.25/0.38/0.25/0.40/0.35      -  0.01/0.00/0.75/0.17 0.01/0.00/0.00/0.71 0.01/0.00/0.00/0.97               2/2/2    Y  MERGED (3 share)
  SC8_H       272  1.0000      10800      7,10,14,3,2,12,0,1   y  1  1.00/1.00/1.00/1.00/1.00/1.00/1.00/1.00      Y  0.00/0.00/0.64/0.27 0.00/0.00/0.00/0.75 0.00/0.00/0.00/0.99               1/2/2    Y  BOUND ROUTED
  SC8_H       273  0.9907      27600    15,3,15,3,3,15,15,15   n  5  1.00/0.98/1.00/1.00/0.99/0.98/0.99/0.99      -  0.01/0.00/0.97/0.00 0.12/0.00/0.53/0.00 0.00/0.00/0.70/0.08             0/0/207    Y  BOUND NOT routed
  SC8_H       274  0.4395         --        7,3,12,8,7,3,8,6   n  2  0.40/0.42/0.42/0.54/0.42/0.42/0.48/0.43      -  0.01/0.00/0.94/0.01 0.00/0.00/0.30/0.25 0.00/0.00/0.18/0.41             1/27/58    Y  MERGED (2 share)
  SC8_H       275  1.0000      13200      10,9,9,9,10,8,8,10   n  3  1.00/1.00/1.00/1.00/1.00/1.00/1.00/1.00      -  0.01/0.00/0.54/0.35 0.01/0.00/0.50/0.16 0.00/0.00/0.31/0.25               1/1/9    Y  BOUND NOT routed
  SC8_H       276  0.9976      27600      4,1,13,12,1,0,1,11   n  3  1.00/1.00/1.00/1.00/1.00/1.00/1.00/1.00      -  0.01/0.00/0.56/0.21 0.00/0.00/0.69/0.15 0.00/0.00/0.64/0.17               1/1/1    Y  BOUND NOT routed
  SC8_H       277  0.4478         --     11,14,4,4,3,14,3,11   n  2  0.45/0.44/0.41/0.44/0.54/0.44/0.43/0.44      -  0.02/0.00/0.61/0.21 0.01/0.00/0.37/0.35 0.00/0.00/0.41/0.44               1/2/2    Y  MERGED (2 share)
  SC8_H       278  0.8794         --        4,4,1,1,15,1,0,1   n  4  0.95/0.96/0.93/0.81/0.88/0.78/1.00/0.73      -  0.00/0.00/0.67/0.20 0.09/0.00/0.66/0.02 0.00/0.00/0.46/0.20            2/18/187    Y  MERGED (4 share)
  SC8_H       279  0.9976      20400 12,12,12,12,12,12,12,12   n  8  1.00/0.99/1.00/1.00/1.00/1.00/1.00/1.00      -  0.01/0.00/0.77/0.14 0.02/0.00/0.93/0.00 0.04/0.00/0.84/0.00              1/1/83    Y  BOUND NOT routed

  the recorded SC8 on the same seeds (stream_curriculum_results.json; pairs):
  arm        seed     acc transition                     map 1:1 sh  per-stream acc                          ROUTED    eta i/h/k/s @1200               @4800                @end hinge 1200/2400/all flag  outcome
  SC8         260  0.8745         --      6,15,9,10,1,8,1,13   n  2  1.00/1.00/1.00/1.00/0.54/1.00/0.43/1.00      -                   --                  --                  --                  --   --  MERGED (2 share)
  SC8         261  1.0000      20400      11,1,14,6,3,0,15,4   y  1  1.00/1.00/1.00/1.00/1.00/1.00/1.00/1.00      Y                   --                  --                  --                  --   --  BOUND ROUTED
  SC8         262  0.5010         --         4,0,1,6,0,0,0,6   n  4  1.00/0.22/0.98/0.53/0.26/0.26/0.23/0.48      -                   --                  --                  --                  --   --  MERGED (4 share)
  SC8         263  0.5400         --      10,15,2,2,2,15,7,7   n  3  1.00/0.47/0.39/0.39/0.69/0.51/0.46/0.42      -                   --                  --                  --                  --   --  MERGED (3 share)
  SC8         264  0.6357         --  14,10,14,10,11,15,0,11   n  2  0.53/0.54/0.51/0.52/0.53/1.00/1.00/0.47      -                   --                  --                  --                  --   --  MERGED (2 share)
  SC8         265  0.7363         --      14,5,11,4,3,13,4,5   n  2  1.00/0.48/1.00/0.46/1.00/1.00/0.46/0.49      -                   --                  --                  --                  --   --  MERGED (2 share)
  SC8         266  0.1250         -- 11,11,11,11,11,11,11,11   n  8  0.12/0.10/0.14/0.13/0.15/0.09/0.15/0.13      -                   --                  --                  --                  --   --  non-stream POSITION  collapsed
  SC8         267  0.5098         --   12,11,10,11,4,11,4,10   n  3  1.00/0.33/0.50/0.34/0.57/0.33/0.48/0.51      -                   --                  --                  --                  --   --  MERGED (3 share)
  SC8         268  0.7510         --     13,13,7,9,1,15,4,15   n  2  0.54/0.52/1.00/1.00/1.00/0.50/1.00/0.48      -                   --                  --                  --                  --   --  MERGED (2 share)
  SC8         269  1.0000      10800 15,15,15,15,15,15,15,15   n  8  1.00/1.00/1.00/1.00/1.00/1.00/1.00/1.00      -                   --                  --                  --                  --   --  BOUND NOT routed
  SC8         270  0.1157         -- 14,14,14,14,14,14,14,14   n  8  0.13/0.11/0.13/0.11/0.13/0.12/0.10/0.09      -                   --                  --                  --                  --   --  non-stream POSITION  collapsed
  SC8         271  0.1157         -- 10,10,10,10,10,10,10,10   n  8  0.10/0.09/0.14/0.12/0.13/0.12/0.12/0.11      -                   --                  --                  --                  --   --  non-stream POSITION  collapsed
  SC8         272  0.5728         --      14,13,8,6,14,7,9,6   n  2  0.55/0.44/0.44/0.48/0.46/0.65/1.00/0.56      -                   --                  --                  --                  --   --  MERGED (2 share)
  SC8         273  1.0000      12000      14,3,15,5,1,11,2,6   y  1  1.00/1.00/1.00/1.00/1.00/1.00/1.00/1.00      Y                   --                  --                  --                  --   --  BOUND ROUTED
  SC8         274  1.0000      28800   13,0,15,15,0,14,13,11   n  2  1.00/1.00/1.00/1.00/1.00/1.00/1.00/1.00      -                   --                  --                  --                  --   --  BOUND NOT routed
  SC8         275  0.8628         --      0,14,13,10,7,9,1,0   n  2  0.45/1.00/1.00/1.00/1.00/1.00/1.00/0.47      -                   --                  --                  --                  --   --  MERGED (2 share)
  SC8         276  0.5576         --     1,7,1,7,11,10,15,15   n  2  0.50/0.44/0.52/0.42/0.81/0.78/0.52/0.50      -                   --                  --                  --                  --   --  MERGED (2 share)
  SC8         277  0.1333         --         8,8,8,8,8,8,8,8   n  8  0.13/0.08/0.10/0.16/0.14/0.14/0.15/0.16      -                   --                  --                  --                  --   --  non-stream POSITION  collapsed
  SC8         278  0.5693         --         9,6,3,5,9,5,6,3   n  2  0.51/0.52/0.74/0.49/0.50/0.47/0.53/0.77      -                   --                  --                  --                  --   --  MERGED (2 share)
  SC8         279  0.7471         --      12,14,7,5,9,9,12,1   n  2  0.46/1.00/1.00/1.00/0.51/0.51/0.47/1.00      -                   --                  --                  --                  --   --  MERGED (2 share)

====================================================================================================
COUNTS
====================================================================================================
  HONLY0                 DISCOVERED 13/20   bound 13   collapsed  0   present 20/20   hinge never fired 5/20
    A0 (recorded)        DISCOVERED  8/20   bound  8   collapsed  0   present 20/20
    SLOW0 (recorded)     DISCOVERED 15/20   bound 15   collapsed  0   present 20/20
    HINGE0 (recorded)    DISCOVERED 20/20   bound 20   collapsed  0   present 20/20   hinge never fired 9/20

  HONLY4k16              BOUND 18/20   bound 18   collapsed  0   present 20/20   hinge never fired 0/20
    A4k16 (recorded)     BOUND  9/20   bound  9   collapsed  0   present 20/20
    HINGE4k16 (recorded) BOUND 18/20   bound 18   collapsed  0   present 20/20   hinge never fired 4/20

  SC8_H                  BOUND  7/20   bound  7   collapsed  1   present 20/20   hinge never fired 0/20
    SC8 (recorded)       BOUND  4/20   bound  4   collapsed  4   present 20/20

####################################################################################################
PAIRING
####################################################################################################
  slow_start_results.json via HINGE0 seed 280 (written on 12th Gen Intel(R) Core(TM) i7-12650H, git 9c5939e; this machine 12th Gen Intel(R) Core(TM) i7-12650H): PAIRS (reproduced bit for bit, CHECK 118)
  slow_start_results.json via HINGE4k16 seed 240 (written on 12th Gen Intel(R) Core(TM) i7-12650H, git 9c5939e; this machine 12th Gen Intel(R) Core(TM) i7-12650H): PAIRS (reproduced bit for bit, CHECK 118)
  stream_recipe_results.json via A4k16 seed 240 (written on 12th Gen Intel(R) Core(TM) i7-12650H, git 092937b; this machine 12th Gen Intel(R) Core(TM) i7-12650H): PAIRS (reproduced bit for bit, CHECK 118)
  stream_curriculum_results.json via SC8 seed 260 (written on 12th Gen Intel(R) Core(TM) i7-12650H, git 631fd62; this machine 12th Gen Intel(R) Core(TM) i7-12650H): PAIRS (reproduced bit for bit, CHECK 118)

####################################################################################################
PRE-REGISTERED CLAIMS (exact McNemar, one-sided, first arm higher; SHOWN if p < 0.05)
####################################################################################################
  Q1  HONLY0 beats A0 (recorded) (DISCOVERED): 13/20 vs 8/20; HONLY0 only 6, A0 (recorded) only 1; p = 0.0625
     *** Q1: NOT SHOWN ***
  Q2  HINGE0 (recorded) beats HONLY0 (DISCOVERED): 20/20 vs 13/20; HINGE0 (recorded) only 7, HONLY0 only 0; p = 0.007812
     *** Q2: SHOWN ***
  Q3  HONLY4k16 beats A4k16 (recorded) (BOUND): 18/20 vs 9/20; HONLY4k16 only 9, A4k16 (recorded) only 0; p = 0.001953
     *** Q3: SHOWN ***
  Q4  HINGE4k16 (recorded) beats HONLY4k16 (BOUND): 18/20 vs 18/20; HINGE4k16 (recorded) only 2, HONLY4k16 only 2; p = 0.6875
     *** Q4: NOT SHOWN ***
  Q5  SC8_H beats SC8 (recorded) (BOUND): 7/20 vs 4/20; SC8_H only 6, SC8 (recorded) only 3; p = 0.2539
     *** Q5: NOT SHOWN ***
  band SC8_H (BOUND, no restarts; RELIABLE >= 18, MAJORITY >= 10, MINORITY >= 1, NEVER 0, of 20): 7/20  -> MINORITY

  READINGS:
     Q2 or Q4 SHOWN: "both parts are needed"

====================================================================================================
DIAGNOSTICS — NOT part of the verdict
====================================================================================================
  Part 0 per seed (recorded A0, SLOW0, HINGE0 beside HONLY0; hinge = firing counts 1-1200/1-2400/all):
    s280  A0 DISCOVERED             SLOW0 POSITION               HINGE0 DISCOVERED             1/1/1     HONLY0 DISCOVERED             1/1/1
    s281  A0 DISCOVERED             SLOW0 DISCOVERED             HINGE0 DISCOVERED             1/1/1     HONLY0 DISCOVERED             0/0/0
    s282  A0 DISCOVERED             SLOW0 DISCOVERED             HINGE0 DISCOVERED             1/1/1     HONLY0 DISCOVERED             2/2/2
    s283  A0 DISCOVERED             SLOW0 DISCOVERED             HINGE0 DISCOVERED             0/0/0     HONLY0 DISCOVERED             0/0/0
    s284  A0 POSITION               SLOW0 POSITION               HINGE0 DISCOVERED             2/2/2     HONLY0 DISCOVERED             2/2/2
    s285  A0 DISCOVERED             SLOW0 DISCOVERED             HINGE0 DISCOVERED             1/1/1     HONLY0 DISCOVERED             2/2/2
    s286  A0 POSITION               SLOW0 DISCOVERED             HINGE0 DISCOVERED             0/0/0     HONLY0 STREAM-PARTIAL         1/1/1
    s287  A0 POSITION               SLOW0 POSITION               HINGE0 DISCOVERED             2/2/2     HONLY0 KEY                    2/2/8
    s288  A0 DISCOVERED             SLOW0 DISCOVERED             HINGE0 DISCOVERED             0/0/0     HONLY0 DISCOVERED             0/0/0
    s289  A0 POSITION               SLOW0 DISCOVERED             HINGE0 DISCOVERED             0/0/0     HONLY0 KEY                    5/6/10
    s290  A0 KEY                    SLOW0 DISCOVERED             HINGE0 DISCOVERED             0/0/0     HONLY0 DISCOVERED             1/1/1
    s291  A0 POSITION               SLOW0 DISCOVERED             HINGE0 DISCOVERED             1/1/1     HONLY0 DISCOVERED             1/1/1
    s292  A0 STREAM-PARTIAL         SLOW0 DISCOVERED             HINGE0 DISCOVERED             0/0/0     HONLY0 KEY                    1/1/3
    s293  A0 POSITION               SLOW0 DISCOVERED             HINGE0 DISCOVERED             0/0/0     HONLY0 DISCOVERED             1/1/1
    s294  A0 KEY                    SLOW0 DISCOVERED             HINGE0 DISCOVERED             1/1/2     HONLY0 DISCOVERED             2/2/2
    s295  A0 DISCOVERED             SLOW0 POSITION               HINGE0 DISCOVERED             1/1/1     HONLY0 KEY                    2/2/6
    s296  A0 POSITION               SLOW0 DISCOVERED             HINGE0 DISCOVERED             0/0/0     HONLY0 DISCOVERED             1/1/1
    s297  A0 POSITION               SLOW0 DISCOVERED             HINGE0 DISCOVERED             1/1/1     HONLY0 KEY                    3/5/11
    s298  A0 DISCOVERED             SLOW0 POSITION               HINGE0 DISCOVERED             1/1/1     HONLY0 DISCOVERED             0/0/0
    s299  A0 OTHER                  SLOW0 DISCOVERED             HINGE0 DISCOVERED             0/0/0     HONLY0 OTHER                  0/0/0

  Part B per seed (recorded A4k16 and HINGE4k16 beside HONLY4k16):
    s240  A4k16 non-stream POSITION        HINGE4k16 BOUND ROUTED               0/0/0     HONLY4k16 BOUND ROUTED               9/9/9
    s241  A4k16 non-stream POSITION        HINGE4k16 BOUND ROUTED               1/1/1     HONLY4k16 BOUND ROUTED               1/1/1
    s242  A4k16 MERGED (3 share)           HINGE4k16 BOUND ROUTED               9/15/16   HONLY4k16 BOUND ROUTED               1/2/2
    s243  A4k16 BOUND ROUTED               HINGE4k16 MERGED (2 share)           1/1/1     HONLY4k16 BOUND NOT routed           1/1/1
    s244  A4k16 non-stream POSITION        HINGE4k16 BOUND ROUTED               1/1/1     HONLY4k16 BOUND ROUTED               1/7/16
    s245  A4k16 BOUND ROUTED               HINGE4k16 BOUND ROUTED               0/0/0     HONLY4k16 BOUND ROUTED               10/14/14
    s246  A4k16 MERGED (2 share)           HINGE4k16 BOUND NOT routed           1/1/82    HONLY4k16 BOUND ROUTED               1/1/1
    s247  A4k16 BOUND ROUTED               HINGE4k16 BOUND ROUTED               0/0/0     HONLY4k16 BOUND ROUTED               1/1/1
    s248  A4k16 BOUND ROUTED               HINGE4k16 BOUND ROUTED               2/13/81   HONLY4k16 BOUND ROUTED               1/1/1
    s249  A4k16 MERGED (2 share)           HINGE4k16 BOUND ROUTED               0/0/0     HONLY4k16 BOUND ROUTED               2/2/3
    s250  A4k16 non-stream KEY             HINGE4k16 BOUND ROUTED               3/3/3     HONLY4k16 BOUND ROUTED               1/1/1
    s251  A4k16 non-stream POSITION        HINGE4k16 BOUND NOT routed           2/3/51    HONLY4k16 BOUND ROUTED               1/4/4
    s252  A4k16 non-stream OTHER           HINGE4k16 BOUND ROUTED               6/7/230   HONLY4k16 non-stream OTHER           3/3/868
    s253  A4k16 BOUND ROUTED               HINGE4k16 BOUND ROUTED               1/1/5     HONLY4k16 BOUND ROUTED               1/1/1
    s254  A4k16 BOUND ROUTED               HINGE4k16 BOUND ROUTED               1/1/1     HONLY4k16 BOUND ROUTED               1/1/1
    s255  A4k16 BOUND ROUTED               HINGE4k16 BOUND ROUTED               2/2/2     HONLY4k16 BOUND ROUTED               1/1/1
    s256  A4k16 BOUND ROUTED               HINGE4k16 MERGED (2 share)           7/7/15    HONLY4k16 BOUND ROUTED               1/1/1
    s257  A4k16 non-stream POSITION        HINGE4k16 BOUND ROUTED               1/1/1     HONLY4k16 BOUND ROUTED               1/1/1
    s258  A4k16 BOUND ROUTED               HINGE4k16 BOUND ROUTED               2/2/2     HONLY4k16 BOUND ROUTED               1/1/1
    s259  A4k16 non-stream POSITION        HINGE4k16 BOUND ROUTED               1/1/1     HONLY4k16 MERGED (2 share)           1/4/6

  failure classes and outcomes (k=2: test_router_layout.fail_class; k=16: test_stream_recipe.outcome):
    HONLY0                 DISCOVERED 13   KEY 5   OTHER 1   STREAM-PARTIAL 1
      DISCOVERED                       s280 s281 s282 s283 s284 s285 s288 s290 s291 s293 s294 s296 s298
      KEY                              s287 s289 s292 s295 s297
      OTHER                            s299
      STREAM-PARTIAL                   s286
    HONLY4k16              BOUND NOT routed 1   BOUND ROUTED 17   MERGED (2 share) 1   non-stream OTHER 1
      BOUND NOT routed                 s243
      BOUND ROUTED                     s240 s241 s242 s244 s245 s246 s247 s248 s249 s250 s251 s253 s254 s255 s256 s257 s258
      MERGED (2 share)                 s259
      non-stream OTHER                 s252
    SC8_H                  BOUND NOT routed 6   BOUND ROUTED 1   MERGED (2 share) 6   MERGED (3 share) 4   MERGED (4 share) 1   non-stream OTHER 1   non-stream OTHER  collapsed 1
      BOUND NOT routed                 s262 s263 s273 s275 s276 s279
      BOUND ROUTED                     s272
      MERGED (2 share)                 s261 s266 s267 s268 s274 s277
      MERGED (3 share)                 s264 s265 s269 s271
      MERGED (4 share)                 s278
      non-stream OTHER                 s270
      non-stream OTHER  collapsed      s260
    A0 (recorded)          DISCOVERED 8   KEY 2   OTHER 1   POSITION 8   STREAM-PARTIAL 1
      DISCOVERED                       s280 s281 s282 s283 s285 s288 s295 s298
      KEY                              s290 s294
      OTHER                            s299
      POSITION                         s284 s286 s287 s289 s291 s293 s296 s297
      STREAM-PARTIAL                   s292
    SLOW0 (recorded)       DISCOVERED 15   POSITION 5
      DISCOVERED                       s281 s282 s283 s285 s286 s288 s289 s290 s291 s292 s293 s294 s296 s297 s299
      POSITION                         s280 s284 s287 s295 s298
    HINGE0 (recorded)      DISCOVERED 20
      DISCOVERED                       s280 s281 s282 s283 s284 s285 s286 s287 s288 s289 s290 s291 s292 s293 s294 s295 s296 s297 s298 s299
    A4k16 (recorded)       BOUND ROUTED 9   MERGED (2 share) 2   MERGED (3 share) 1   non-stream KEY 1   non-stream OTHER 1   non-stream POSITION 6
      BOUND ROUTED                     s243 s245 s247 s248 s253 s254 s255 s256 s258
      MERGED (2 share)                 s246 s249
      MERGED (3 share)                 s242
      non-stream KEY                   s250
      non-stream OTHER                 s252
      non-stream POSITION              s240 s241 s244 s251 s257 s259
    HINGE4k16 (recorded)   BOUND NOT routed 2   BOUND ROUTED 16   MERGED (2 share) 2
      BOUND NOT routed                 s246 s251
      BOUND ROUTED                     s240 s241 s242 s244 s245 s247 s248 s249 s250 s252 s253 s254 s255 s257 s258 s259
      MERGED (2 share)                 s243 s256
    SC8 (recorded)         BOUND NOT routed 2   BOUND ROUTED 2   MERGED (2 share) 9   MERGED (3 share) 2   MERGED (4 share) 1   non-stream POSITION  collapsed 4
      BOUND NOT routed                 s269 s274
      BOUND ROUTED                     s261 s273
      MERGED (2 share)                 s260 s264 s265 s268 s272 s275 s276 s278 s279
      MERGED (3 share)                 s263 s267
      MERGED (4 share)                 s262
      non-stream POSITION  collapsed   s266 s270 s271 s277

  hinge firing (training batches with a term > 0): runs that never fired; median [min, max] of updates 1-1200, 1-2400, whole run:
    HONLY0                 never fired 5/20   1-1200 1 [0, 5]   1-2400 1 [0, 6]   whole 1 [0, 11]
    HONLY4k16              never fired 0/20   1-1200 1 [1, 10]   1-2400 1 [1, 14]   whole 1 [1, 868]
    SC8_H                  never fired 0/20   1-1200 1 [0, 3]   1-2400 2 [0, 27]   whole 3 [1, 664]
    HINGE0 (recorded)      never fired 9/20   1-1200 1 [0, 2]   1-2400 1 [0, 2]   whole 1 [0, 2]
    HINGE4k16 (recorded)   never fired 4/20   1-1200 1 [0, 9]   1-2400 1 [0, 15]   whole 2 [0, 230]

  transitions, median [min, max]:
    HONLY0                 2400 [1200, 4800]   (13 bound)
    HONLY4k16              4800 [2400, 20400]   (18 bound)
    SC8_H                  21600 [10800, 28800]   (7 bound)
    A0 (recorded)          2400 [1200, 21600]   (8 bound)
    SLOW0 (recorded)       2400 [2400, 4800]   (15 bound)
    HINGE0 (recorded)      3000 [2400, 13200]   (20 bound)
    A4k16 (recorded)       4800 [3600, 21600]   (9 bound)
    HINGE4k16 (recorded)   4800 [3600, 22800]   (18 bound)
    SC8 (recorded)         16200 [10800, 28800]   (4 bound)

  Part C: the 8-stream probe's stream -> channel map at 4800, 9600 and the end, the number of distinct channels holding the streams, and streams per channel:
    SC8_H:
      s260  4800: [10,10,10,10,10,10,10,10] 1 ch 8   9600: [1,10,10,1,1,10,1,10] 2 ch 4+4     end: [10,10,10,10,10,10,10,10] 1 ch 8   non-stream OTHER  collapsed
      s261  4800: [15,15,11,15,15,11,11,11] 2 ch 4+4 9600: [15,0,11,0,15,14,14,11] 4 ch 2+2+2+2 end: [15,0,11,0,15,8,8,11] 4 ch 2+2+2+2 MERGED (2 share)
      s262  4800: [1,11,1,15,1,1,11,15] 3 ch 4+2+2   9600: [10,11,10,5,1,1,11,3] 5 ch 2+2+2+1+1 end: [10,11,10,5,1,1,11,3] 5 ch 2+2+2+1+1 BOUND NOT routed
      s263  4800: [6,6,6,6,7,7,7,7] 2 ch 4+4         9600: [0,0,0,0,3,7,3,7] 3 ch 4+2+2       end: [0,0,0,0,3,7,7,7] 3 ch 4+3+1       BOUND NOT routed
      s264  4800: [1,1,1,1,15,1,2,9] 4 ch 5+1+1+1    9600: [2,2,2,2,9,2,9,9] 2 ch 5+3         end: [9,9,7,7,4,9,4,4] 3 ch 3+3+2       MERGED (3 share)
      s265  4800: [8,8,10,4,10,4,10,4] 3 ch 3+3+2    9600: [8,3,10,4,10,1,10,11] 6 ch 3+1+1+1+1+1 end: [8,3,10,4,10,1,10,11] 6 ch 3+1+1+1+1+1 MERGED (3 share)
      s266  4800: [0,2,2,0,0,14,0,0] 3 ch 5+2+1      9600: [9,12,10,13,0,14,9,0] 6 ch 2+2+1+1+1+1 end: [9,12,10,13,0,14,8,0] 7 ch 2+1+1+1+1+1+1 MERGED (2 share)
      s267  4800: [7,7,10,7,7,7,7,7] 2 ch 7+1        9600: [9,5,2,2,6,1,5,5] 5 ch 3+2+1+1+1   end: [9,5,2,2,6,1,3,5] 6 ch 2+2+1+1+1+1 MERGED (2 share)
      s268  4800: [10,10,12,15,10,15,15,15] 3 ch 4+3+1 9600: [10,10,2,15,4,15,12,5] 6 ch 2+2+1+1+1+1 end: [10,10,2,15,4,15,12,5] 6 ch 2+2+1+1+1+1 MERGED (2 share)
      s269  4800: [15,0,3,3,3,3,0,15] 3 ch 4+2+2     9600: [5,0,3,3,3,12,12,5] 4 ch 3+2+2+1   end: [15,0,3,3,3,12,12,15] 4 ch 3+2+2+1 MERGED (3 share)
      s270  4800: [13,13,13,13,13,13,13,13] 1 ch 8   9600: [8,8,9,8,9,8,8,8] 2 ch 6+2         end: [8,8,8,8,8,8,8,8] 1 ch 8           non-stream OTHER
      s271  4800: [10,10,2,2,2,2,10,10] 2 ch 4+4     9600: [5,14,2,2,7,2,5,7] 4 ch 3+2+2+1    end: [5,14,2,2,7,2,5,7] 4 ch 3+2+2+1    MERGED (3 share)
      s272  4800: [7,7,2,7,9,9,7,9] 3 ch 4+3+1       9600: [7,10,14,3,2,12,0,1] 8 ch 1+1+1+1+1+1+1+1 end: [7,10,14,3,2,12,0,1] 8 ch 1+1+1+1+1+1+1+1 BOUND ROUTED
      s273  4800: [12,12,12,12,12,12,12,12] 1 ch 8   9600: [15,15,15,15,15,15,15,15] 1 ch 8   end: [15,3,15,3,3,15,15,15] 2 ch 5+3    BOUND NOT routed
      s274  4800: [8,3,3,2,8,3,8,3] 3 ch 4+3+1       9600: [7,3,3,8,7,3,8,7] 3 ch 3+3+2       end: [7,3,12,8,7,3,8,6] 5 ch 2+2+2+1+1  MERGED (2 share)
      s275  4800: [5,9,9,9,9,8,8,5] 3 ch 4+2+2       9600: [10,9,9,9,10,8,8,10] 3 ch 3+3+2    end: [10,9,9,9,10,8,8,10] 3 ch 3+3+2    BOUND NOT routed
      s276  4800: [4,1,13,4,1,4,1,13] 3 ch 3+3+2     9600: [4,1,13,4,1,4,1,13] 3 ch 3+3+2     end: [4,1,13,12,1,0,1,11] 6 ch 3+1+1+1+1+1 BOUND NOT routed
      s277  4800: [14,14,0,0,3,14,3,14] 3 ch 4+2+2   9600: [11,14,4,4,3,14,3,11] 4 ch 2+2+2+2 end: [11,14,4,4,3,14,3,11] 4 ch 2+2+2+2 MERGED (2 share)
      s278  4800: [1,1,1,1,1,1,1,1] 1 ch 8           9600: [4,4,1,1,4,1,1,1] 2 ch 5+3         end: [4,4,1,1,15,1,0,1] 4 ch 4+2+1+1    MERGED (4 share)
      s279  4800: [11,11,11,11,11,11,11,11] 1 ch 8   9600: [11,11,11,11,11,11,11,11] 1 ch 8   end: [12,12,12,12,12,12,12,12] 1 ch 8   BOUND NOT routed
    SC8 (recorded):
      s260  4800: [13,9,9,9,13,9,13,13] 2 ch 4+4     9600: [6,15,9,10,1,14,1,13] 7 ch 2+1+1+1+1+1+1 end: [6,15,9,10,1,8,1,13] 7 ch 2+1+1+1+1+1+1 MERGED (2 share)
      s261  4800: [14,4,14,14,14,4,4,4] 2 ch 4+4     9600: [1,1,14,6,14,11,1,4] 5 ch 3+2+1+1+1 end: [11,1,14,6,3,0,15,4] 8 ch 1+1+1+1+1+1+1+1 BOUND ROUTED
      s262  4800: [2,2,2,2,2,2,2,2] 1 ch 8           9600: [4,4,4,4,4,4,4,4] 1 ch 8           end: [4,0,1,6,0,0,0,6] 4 ch 4+2+1+1     MERGED (4 share)
      s263  4800: [13,4,2,4,4,13,13,13] 3 ch 4+3+1   9600: [13,15,4,4,4,15,13,13] 3 ch 3+3+2  end: [10,15,2,2,2,15,7,7] 4 ch 3+2+2+1  MERGED (3 share)
      s264  4800: [14,11,14,14,11,11,14,11] 2 ch 4+4 9600: [14,10,14,10,11,11,0,11] 4 ch 3+2+2+1 end: [14,10,14,10,11,15,0,11] 5 ch 2+2+2+1+1 MERGED (2 share)
      s265  4800: [7,1,1,7,7,1,7,1] 2 ch 4+4         9600: [10,5,5,4,4,15,4,5] 4 ch 3+3+1+1   end: [14,5,11,4,3,13,4,5] 6 ch 2+2+1+1+1+1 MERGED (2 share)
      s266  4800: [11,11,11,11,11,11,11,11] 1 ch 8   9600: [11,11,11,11,11,11,11,11] 1 ch 8   end: [11,11,11,11,11,11,11,11] 1 ch 8   non-stream POSITION  collapsed
      s267  4800: [12,7,12,7,12,7,7,12] 2 ch 4+4     9600: [12,11,10,11,5,11,5,10] 4 ch 3+2+2+1 end: [12,11,10,11,4,11,4,10] 4 ch 3+2+2+1 MERGED (3 share)
      s268  4800: [13,13,13,13,6,6,6,6] 2 ch 4+4     9600: [13,13,14,9,8,15,4,15] 6 ch 2+2+1+1+1+1 end: [13,13,7,9,1,15,4,15] 6 ch 2+2+1+1+1+1 MERGED (2 share)
      s269  4800: [3,3,3,7,3,3,3,3] 2 ch 7+1         9600: [7,7,7,7,7,7,7,7] 1 ch 8           end: [15,15,15,15,15,15,15,15] 1 ch 8   BOUND NOT routed
      s270  4800: [14,14,14,14,14,14,14,14] 1 ch 8   9600: [14,14,14,14,14,14,14,14] 1 ch 8   end: [14,14,14,14,14,14,14,14] 1 ch 8   non-stream POSITION  collapsed
      s271  4800: [10,10,10,10,10,10,10,10] 1 ch 8   9600: [10,10,10,10,10,10,10,10] 1 ch 8   end: [10,10,10,10,10,10,10,10] 1 ch 8   non-stream POSITION  collapsed
      s272  4800: [8,8,8,6,12,8,6,6] 3 ch 4+3+1      9600: [14,8,8,12,14,8,12,12] 3 ch 3+3+2  end: [14,13,8,6,14,7,9,6] 6 ch 2+2+1+1+1+1 MERGED (2 share)
      s273  4800: [9,9,15,15,9,15,9,15] 2 ch 4+4     9600: [3,3,15,5,1,11,2,6] 7 ch 2+1+1+1+1+1+1 end: [14,3,15,5,1,11,2,6] 8 ch 1+1+1+1+1+1+1+1 BOUND ROUTED
      s274  4800: [11,11,14,14,14,14,11,11] 2 ch 4+4 9600: [11,0,14,14,0,14,11,11] 3 ch 3+3+2 end: [13,0,15,15,0,14,13,11] 5 ch 2+2+2+1+1 BOUND NOT routed
      s275  4800: [0,9,0,0,0,9,9,0] 2 ch 5+3         9600: [0,14,13,10,7,9,1,0] 7 ch 2+1+1+1+1+1+1 end: [0,14,13,10,7,9,1,0] 7 ch 2+1+1+1+1+1+1 MERGED (2 share)
      s276  4800: [15,15,15,14,11,11,15,15] 3 ch 5+2+1 9600: [1,7,1,7,11,11,15,15] 4 ch 2+2+2+2 end: [1,7,1,7,11,10,15,15] 5 ch 2+2+2+1+1 MERGED (2 share)
      s277  4800: [1,1,1,1,1,1,1,1] 1 ch 8           9600: [1,1,1,1,1,1,1,1] 1 ch 8           end: [8,8,8,8,8,8,8,8] 1 ch 8           non-stream POSITION  collapsed
      s278  4800: [5,11,11,5,8,5,11,11] 3 ch 4+3+1   9600: [9,6,3,5,9,5,6,3] 4 ch 2+2+2+2     end: [9,6,3,5,9,5,6,3] 4 ch 2+2+2+2     MERGED (2 share)
      s279  4800: [5,5,7,5,7,7,7,5] 2 ch 4+4         9600: [12,1,7,5,9,9,12,1] 5 ch 2+2+2+1+1 end: [12,14,7,5,9,9,12,1] 6 ch 2+2+1+1+1+1 MERGED (2 share)
  stalls with the streams split into exactly 2 or 4 groups (not bound; distinct channels at the end):
    SC8_H            not bound 13:  2 groups 0 (-)   4 groups 5 (s261 s269 s271 s277 s278)
    SC8 (recorded)   not bound 16:  2 groups 0 (-)   4 groups 4 (s262 s263 s267 s278)

====================================================================================================
CURVES — held-out accuracy x100 at every evaluation (1200 steps; Part C: the 8-stream set, then the stage set in stages 1-2); each run is followed by the recorded runs on its seed
====================================================================================================
  HONLY0      s280  26  60  97  99  99  -> DISCOVERED
  (A0)        s280  17  19  26  33  36  38  41  45  44  46  48  47  50  49  49  49  63 100 100 100  -> DISCOVERED
  (SLOW0)     s280  21  27  38  39  39  40  41  41  41  39  41  40  40  37  39  38  39  40  40  40  -> POSITION
  (HINGE0)    s280  21  76  94 100 100 100  -> DISCOVERED
  HONLY0      s281 100 100 100  -> DISCOVERED
  (A0)        s281 100 100 100  -> DISCOVERED
  (SLOW0)     s281  58 100 100 100  -> DISCOVERED
  (HINGE0)    s281  57 100 100 100  -> DISCOVERED
  HONLY0      s282  35  99 100 100  -> DISCOVERED
  (A0)        s282  36  95  97 100  99  -> DISCOVERED
  (SLOW0)     s282  34  77 100 100 100  -> DISCOVERED
  (HINGE0)    s282  31  77 100 100 100  -> DISCOVERED
  HONLY0      s283  72 100 100 100  -> DISCOVERED
  (A0)        s283  72 100 100 100  -> DISCOVERED
  (SLOW0)     s283  39  76 100 100 100  -> DISCOVERED
  (HINGE0)    s283  39  76 100 100 100  -> DISCOVERED
  HONLY0      s284  28  40  96  99  99  -> DISCOVERED
  (A0)        s284  17  22  29  35  18  40  45  50  52  49  50  49  51  49  48  49  47  50  50  51  -> POSITION
  (SLOW0)     s284  21  23  29  41  36  39  39  40  42  40  38  39  38  38  39  39  40  40  40  40  -> POSITION
  (HINGE0)    s284  21  44 100 100 100  -> DISCOVERED
  HONLY0      s285  48 100  99 100  -> DISCOVERED
  (A0)        s285  71  99 100 100  -> DISCOVERED
  (SLOW0)     s285  53 100 100 100  -> DISCOVERED
  (HINGE0)    s285  32 100 100 100  -> DISCOVERED
  HONLY0      s286  28  71  75  74  75  75  75  75  76  74  76  77  75  74  75  74  75  76  76  76  -> STREAM-PARTIAL
  (A0)        s286  16  23  31  34  39  42  44  46  48  49  49  49  52  49  50  50  52  44  51  49  -> POSITION
  (SLOW0)     s286  50 100 100 100  -> DISCOVERED
  (HINGE0)    s286  50 100 100 100  -> DISCOVERED
  HONLY0      s287  16  29  49  50  51  50  49  51  49  52  50  50  51  50  50  49  51  50  51  50  -> KEY
  (A0)        s287  14  18  27  34  37  40  46  48  49  49  49  50  51  50  51  51  51  51  52  51  -> POSITION
  (SLOW0)     s287  21  29  40  39  40  38  39  39  41  40  40  40  39  37  40  39  39  39  40  40  -> POSITION
  (HINGE0)    s287  20  62  75  76  76  75  76  75  77  76 100 100 100  -> DISCOVERED
  HONLY0      s288  73 100 100 100  -> DISCOVERED
  (A0)        s288  73 100 100 100  -> DISCOVERED
  (SLOW0)     s288  55 100 100 100  -> DISCOVERED
  (HINGE0)    s288  55 100 100 100  -> DISCOVERED
  HONLY0      s289  26  47  46  50  50  50  50  50  50  50  49  48  50  50  52  50  48  49  49  51  -> KEY
  (A0)        s289  18  27  32  35  39  42  45  46  46  48  49  47  48  49  49  49  48  50  43  50  -> POSITION
  (SLOW0)     s289  55 100 100 100  -> DISCOVERED
  (HINGE0)    s289  55 100 100 100  -> DISCOVERED
  HONLY0      s290  44  97  99 100  -> DISCOVERED
  (A0)        s290  25  33  38  43  46  48  49  50  50  50  49  50  50  50  50  51  48  50  48  49  -> KEY
  (SLOW0)     s290  53 100 100 100  -> DISCOVERED
  (HINGE0)    s290  53 100 100 100  -> DISCOVERED
  HONLY0      s291  37  99 100 100  -> DISCOVERED
  (A0)        s291  17  22  30  35  37  39  44  45  46  48  48  47  49  48  50  50  47  48  50  50  -> POSITION
  (SLOW0)     s291  60 100 100 100  -> DISCOVERED
  (HINGE0)    s291  34 100 100 100  -> DISCOVERED
  HONLY0      s292  37  50  49  53  52  51  48  50  53  50  52  48  52  51  50  50  49  52  49  49  -> KEY
  (A0)        s292  39  50  48  52  50  51  48  50  53  50  52  48  50  50  22  52  50  52  54  60  -> STREAM-PARTIAL
  (SLOW0)     s292  70 100 100 100  -> DISCOVERED
  (HINGE0)    s292  70 100 100 100  -> DISCOVERED
  HONLY0      s293  40 100  99 100  -> DISCOVERED
  (A0)        s293  16  22  27  35  40  48  49  48  50  50  52  48  28  48  50  50  51  48  48  49  -> POSITION
  (SLOW0)     s293  49  76 100 100 100  -> DISCOVERED
  (HINGE0)    s293  49  76 100 100 100  -> DISCOVERED
  HONLY0      s294  28  81  93  98  99  95  -> DISCOVERED
  (A0)        s294  27  48  47  50  51  50  50  50  51  47  49  50  49  49  49  50  50  48  47  51  -> KEY
  (SLOW0)     s294  20  23  31 100 100 100  -> DISCOVERED
  (HINGE0)    s294  32  75  77  77  77  77 100 100 100  -> DISCOVERED
  HONLY0      s295  25  29  49  50  50  49  49  50  49  50  51  50  49  52  51  49  52  49  48  52  -> KEY
  (A0)        s295  29  88  99  99  82 100 100 100  -> DISCOVERED
  (SLOW0)     s295  21  25  50  51  51  47  51  51  50  49  51  49  49  51  49  49  50  51  49  51  -> POSITION
  (HINGE0)    s295  20  53 100 100 100  -> DISCOVERED
  HONLY0      s296  34  89  98  99  96  -> DISCOVERED
  (A0)        s296  18  27  30  35  40  43  49  48  51  50  50  50  51  51  50  49  50  50  53  51  -> POSITION
  (SLOW0)     s296  52 100 100 100  -> DISCOVERED
  (HINGE0)    s296  52 100 100 100  -> DISCOVERED
  HONLY0      s297  15  46  48  51  51  50  47  50  49  51  52  51  50  49  50  50  50  49  50  49  -> KEY
  (A0)        s297  18  26  29  34  41  43  38  50  47  49  49  47  50  49  47  49  50  48  49  48  -> POSITION
  (SLOW0)     s297  46  76 100 100 100  -> DISCOVERED
  (HINGE0)    s297  21  75 100 100 100  -> DISCOVERED
  HONLY0      s298  48  97  99 100  -> DISCOVERED
  (A0)        s298  48  97  99 100  -> DISCOVERED
  (SLOW0)     s298  20  23  51  50  48  51  49  48  47  51  50  51  50  49  50  49  48  49  50  50  -> POSITION
  (HINGE0)    s298  20  99 100 100  -> DISCOVERED
  HONLY0      s299  58  36  43  45  48  46  49  50  48  50  49  50  49  47  50  49  52  51  50  50  -> OTHER
  (A0)        s299  58  36  43  45  48  46  49  50  48  50  49  50  49  47  50  49  52  51  50  50  -> OTHER
  (SLOW0)     s299  59  79 100 100 100  -> DISCOVERED
  (HINGE0)    s299  59  79 100 100 100  -> DISCOVERED
  HONLY4k16   s240   8 100 100 100 100 100 100  -> BOUND ROUTED
  (A4k16)     s240   8  16  17  21  20  21  22  23  23  23  23  23  23  23  24  24  24  24  24  24  26  25  24  24  -> non-stream POSITION
  (HINGE4k16) s240  19  24 100 100 100 100 100  -> BOUND ROUTED
  HONLY4k16   s241   9  12 100 100 100 100 100  -> BOUND ROUTED
  (A4k16)     s241   8   9  15  17  18  22  21  23  23  23  23  23  24  21  21  21  23  23  24  24  24  24  24  26  -> non-stream POSITION
  (HINGE4k16) s241  14  22 100 100 100 100 100  -> BOUND ROUTED
  HONLY4k16   s242  10  14  42  61  61  63  61  61  74  75  75  75  75  88 100 100 100  -> BOUND ROUTED
  (A4k16)     s242   8   9  13  21  22  21  22  21  22  51  51  50  50  51  50  51  50  51  52  52  52  52  51  52  -> MERGED (3 share)
  (HINGE4k16) s242  13  13 100 100 100 100 100  -> BOUND ROUTED
  HONLY4k16   s243   8  33  75  75  76  76 100 100 100  -> BOUND NOT routed
  (A4k16)     s243   9  18  19  23  24  23  49  51  52  50  51  50  51  77  76  76  77 100 100 100  -> BOUND ROUTED
  (HINGE4k16) s243  13  15  47  64  62  64  63  75  75  75  75  75  75  74  76  75  75  75  76  75  75  75  75  75  -> MERGED (2 share)
  HONLY4k16   s244  10  13  18 100 100 100 100  -> BOUND ROUTED
  (A4k16)     s244   9  13  18  19  21  23  23  23  22  25  24  25  23  25  23  25  26  24  26  24  25  25  26  25  -> non-stream POSITION
  (HINGE4k16) s244  13  20  74 100 100 100 100  -> BOUND ROUTED
  HONLY4k16   s245  11  10  16  40  49 100 100 100  -> BOUND ROUTED
  (A4k16)     s245  10  10 100 100 100 100 100  -> BOUND ROUTED
  (HINGE4k16) s245  13  14  18  24  23  25  24  23  25  27  75  78  76 100 100 100  -> BOUND ROUTED
  HONLY4k16   s246  10  16  70  73 100 100 100  -> BOUND ROUTED
  (A4k16)     s246  11  16  19  19  20  19  22  23  48  50  50  48  50  75  74  74  74  75  76  74  75  74  75  75  -> MERGED (2 share)
  (HINGE4k16) s246  13  15  19  24  49  51  50  49  76  73  74 100 100 100  -> BOUND NOT routed
  HONLY4k16   s247   9 100 100 100 100 100 100  -> BOUND ROUTED
  (A4k16)     s247   9  17  17  19  22  21  21  23  22  24  51  51  51  74  74 100 100 100  -> BOUND ROUTED
  (HINGE4k16) s247  20  23 100 100 100 100 100  -> BOUND ROUTED
  HONLY4k16   s248   8  10  14  49  56  60  60  58  59  58  59  76  77  77  78  79  99 100 100  -> BOUND ROUTED
  (A4k16)     s248   8   9  11  17  19  20  19  21  75 100 100 100  -> BOUND ROUTED
  (HINGE4k16) s248  10  13  15  22  23  24  26  50  74  74  75  76  76  73  74 100 100 100  -> BOUND ROUTED
  HONLY4k16   s249   9  11  33  71  74 100 100 100  -> BOUND ROUTED
  (A4k16)     s249   8   8  16  18  19  23  22  23  24  24  52  75  76  75  76  76  75  77  76  76  78  77  76  78  -> MERGED (2 share)
  (HINGE4k16) s249  20  22  75  76  99 100 100  -> BOUND ROUTED
  HONLY4k16   s250   7  13 100 100 100 100 100  -> BOUND ROUTED
  (A4k16)     s250   8  12  17  20  23  23  22  23  24  22  24  24  25  26  24  25  24  24  24  25  24  24  24  25  -> non-stream KEY
  (HINGE4k16) s250  12  14 100 100 100 100 100  -> BOUND ROUTED
  HONLY4k16   s251   9  24  45  46  48  48  50  49  75  74  75  75  74  76 100 100 100  -> BOUND ROUTED
  (A4k16)     s251   8  10  15  19  20  21  21  23  22  24  22  23  23  24  24  25  25  25  27  25  26  26  24  25  -> non-stream POSITION
  (HINGE4k16) s251  12  19  24  26  50  76  76  76  75  74  75  76  74  76  76  75  76  76 100 100 100  -> BOUND NOT routed
  HONLY4k16   s252   7  14  18  18  19  20  20  21  20  20  24  23  26  28  29  29  29  29  29  56  55  56  54  55  -> non-stream OTHER
  (A4k16)     s252   7  11  17  17  17  16  18  19  21  24  23  24  24  25  24  24  23  23  24  25  37  50  50  51  -> non-stream OTHER
  (HINGE4k16) s252  11  15  15  24  23  25  25  24  25  25  25  26  25  74  75  74 100 100 100  -> BOUND ROUTED
  HONLY4k16   s253   9  14  67 100 100 100 100  -> BOUND ROUTED
  (A4k16)     s253  10  67 100 100 100 100 100  -> BOUND ROUTED
  (HINGE4k16) s253  13  14  37  75  76  75  77  75  76 100 100 100  -> BOUND ROUTED
  HONLY4k16   s254   9  33 100 100 100 100 100  -> BOUND ROUTED
  (A4k16)     s254  12  68  75 100 100 100 100  -> BOUND ROUTED
  (HINGE4k16) s254  13  14  52 100 100 100 100  -> BOUND ROUTED
  HONLY4k16   s255  14  73  75 100 100 100 100  -> BOUND ROUTED
  (A4k16)     s255  10  18  21  19  20  74  74  75 100 100 100  -> BOUND ROUTED
  (HINGE4k16) s255  18  21  77 100 100 100 100  -> BOUND ROUTED
  HONLY4k16   s256   8  15  43  50  51  63  64  76  76  76  76  76  75  88 100 100 100  -> BOUND ROUTED
  (A4k16)     s256   9  65  73 100 100 100 100  -> BOUND ROUTED
  (HINGE4k16) s256  12  13  13  23  24  25  27  24  24  25  25  25  25  25  32  30  30  51  50  50  51  57  76  75  -> MERGED (2 share)
  HONLY4k16   s257   9  24  70 100 100 100 100  -> BOUND ROUTED
  (A4k16)     s257   9  10  13  16  19  19  20  20  23  23  22  23  24  25  25  24  24  24  25  24  26  26  25  26  -> non-stream POSITION
  (HINGE4k16) s257  11  14 100 100 100 100 100  -> BOUND ROUTED
  HONLY4k16   s258   9 100 100 100 100 100 100  -> BOUND ROUTED
  (A4k16)     s258   8  67 100 100 100 100 100  -> BOUND ROUTED
  (HINGE4k16) s258  12  15  14  49 100 100 100  -> BOUND ROUTED
  HONLY4k16   s259   9  14  20  22  23  22  24  25  24  24  25  31  31  33  37  35  37  39  65  65  81  81  81  81  -> MERGED (2 share)
  (A4k16)     s259   9  12  15  18  17  17  19  23  23  24  25  24  26  25  25  25  25  25  26  26  25  27  25  23  -> non-stream POSITION
  (HINGE4k16) s259  13  21  98 100 100 100 100  -> BOUND ROUTED
  SC8_H       s260   8  11  12  10  13  11  12  13  12  12  11  14  13  13  11  13  15  12  12  12  13  12  13  11  -> non-stream OTHER  collapsed
    stage     s260  20  46  50  52  25  25  24  24
  (SC8)       s260  21  23  22  23  58  58  61  73  81  80  83  83  84  84  86  88  85  88  88  88  88  89  89  87  -> MERGED (2 share)
  SC8_H       s261   9  11  14  22  48  52  52  54  58  56  58  56  57  56  58  56  55  58  55  58  55  56  58  56  -> MERGED (2 share)
    stage     s261  20  51  58  92  81  82  81  80
  (SC8)       s261  21  22  21  23  51  54  65  52  75  76  75  76  76  75  76  87 100 100 100  -> BOUND ROUTED
  SC8_H       s262   9  12  21  25  44  46  47  57  64  65  65  70  81  82  85  88  89  99 100 100  -> BOUND NOT routed
    stage     s262  20  40  91  98  71  75  80  83
  (SC8)       s262  10  10   9   9  11  11  12  11  13  24  25  26  28  36  36  37  37  38  37  37  50  49  50  50  -> MERGED (4 share)
  SC8_H       s263   8  11  24  30  47  61  65  66  76  77  77  78  78  77  78  77  77  77  79  78  77  79  92  98  -> BOUND NOT routed
    stage     s263  20  38  78  84  74  84  87  87
  (SC8)       s263  19  22  21  21  40  40  39  39  42  44  42  45  50  50  51  52  51  49  52  50  49  50  58  54  -> MERGED (3 share)
  SC8_H       s264   9  12  16  17  19  19  19  18  17  23  23  22  21  23  22  23  22  21  21  22  22  22  25  56  -> MERGED (3 share)
    stage     s264  21  41  64  65  38  36  38  34
  (SC8)       s264  10  10  22  22  33  33  41  42  47  49  50  50  54  54  54  63  63  61  64  63  62  62  63  64  -> MERGED (2 share)
  SC8_H       s265   9  10  21  26  42  43  43  45  50  51  50  50  50  48  50  50  49  50  50  51  51  50  51  50  -> MERGED (3 share)
    stage     s265  21  40  75  80  64  64  67  66
  (SC8)       s265  19  20  21  21  43  46  43  43  49  61  62  61  63  63  63  62  75  75  75  76  75  76  75  74  -> MERGED (2 share)
  SC8_H       s266   8   9  20  22  52  50  52  56  73  72  72  74  76  74  75  74  76  73  74  75  75  74  75  75  -> MERGED (2 share)
    stage     s266  22  23  98 100  81  81  83  82
  (SC8)       s266  10  10  10  11  12  12  11  12  11  11  12  12  13  11  11  13  11  11  12  12  13  13  13  12  -> non-stream POSITION  collapsed
  SC8_H       s267   9   9   9   9  46  43  43  51  63  63  73  74  74  74  75  75  75  75  74  74  76  76  74  74  -> MERGED (2 share)
    stage     s267  19  24  51  50  72  72  74  80
  (SC8)       s267  19  21  22  23  48  47  48  45  51  51  50  51  49  51  48  50  50  51  50  51  51  51  51  51  -> MERGED (3 share)
  SC8_H       s268   9   9  23  24  56  53  56  69  75  74  76  74  75  75  76  75  76  75  75  74  75  75  75  74  -> MERGED (2 share)
    stage     s268  19  24  97 100  88  84  85  89
  (SC8)       s268  19  22  25  25  56  59  64  62  72  72  73  76  76  74  75  74  75  73  75  74  73  76  74  75  -> MERGED (2 share)
  SC8_H       s269   8   9  22  25  47  49  46  47  50  49  50  50  51  50  51  49  49  51  50  50  50  49  50  50  -> MERGED (3 share)
    stage     s269  19  22  77  95  74  75  73  75
  (SC8)       s269  12  21  22  23  64  72  82  84 100 100 100  -> BOUND NOT routed
  SC8_H       s270   9  12  12  12  12  13  12  12  13  12  13  13  11  12  11  12  11  25  36  50  61  72  70  87  -> non-stream OTHER
    stage     s270  30  48  52  49  25  26  26  25
  (SC8)       s270  11  11  12  12  12  12  12  12  13  13  13  12  12  12  12  12  11  12  12  12  12  12  12  12  -> non-stream POSITION  collapsed
  SC8_H       s271  10  10  21  20  37  39  37  36  38  38  38  39  40  39  39  39  39  38  38  39  38  40  39  38  -> MERGED (3 share)
    stage     s271  21  29  76  75  58  59  59  58
  (SC8)       s271  10  11  11  12  13  14  13  12  13  12  13  14  12  13  15  12  14  12  13  13  11  12  12  12  -> non-stream POSITION  collapsed
  SC8_H       s272   9   9  23  25  55  70  80  89 100 100 100  -> BOUND ROUTED
    stage     s272  20  22  99 100  84  95  98 100
  (SC8)       s272  20  23  22  22  46  47  47  46  49  50  50  52  49  49  56  56  56  55  56  55  55  56  56  57  -> MERGED (2 share)
  SC8_H       s273  11  13  11  10  12  11  15  19  18  19  20  19  19  17  18  20  19  18  20  58  76  88  98  99  -> BOUND NOT routed
    stage     s273  51  50  50  50  25  26  33  39
  (SC8)       s273  21  23  25  25  57  75  82  85  87 100 100 100  -> BOUND ROUTED
  SC8_H       s274  10  11  21  21  40  42  40  44  43  43  45  47  44  43  43  44  45  44  45  44  44  42  45  44  -> MERGED (2 share)
    stage     s274  29  51  82  99  75  76  76  79
  (SC8)       s274  16  20  21  21  39  39  37  45  48  49  51  62  62  64  62  61  64  61  62  64  62  65  95 100  -> BOUND NOT routed
  SC8_H       s275   8  10  22  25  36  38  50  62  67  75  99 100 100  -> BOUND NOT routed
    stage     s275  20  33  84  94  63  68  78  85
  (SC8)       s275  17  20  23  23  48  60  72  84  87  87  87  88  87  87  87  87  87  87  87  87  87  87  87  86  -> MERGED (2 share)
  SC8_H       s276  10  11  21  23  22  24  25  24  26  33  32  44  45  44  44  44  44  44  43  51  60  86  99 100  -> BOUND NOT routed
    stage     s276  22  49  71  69  45  46  46  46
  (SC8)       s276  19  21  21  21  33  41  41  41  43  43  50  52  51  52  52  54  51  57  55  56  55  54  55  56  -> MERGED (2 share)
  SC8_H       s277   9   9  19  21  40  43  43  42  44  43  43  44  44  44  43  45  44  43  43  46  44  45  45  45  -> MERGED (2 share)
    stage     s277  21  28  87  95  71  70  70  69
  (SC8)       s277   8  10  10  10  11  11  11  12  13  12  11  12  12  13  13  13  13  12  13  13  12  13  14  13  -> non-stream POSITION  collapsed
  SC8_H       s278   8  13  12  11  12  19  21  24  22  23  22  22  29  31  30  29  28  30  55  73  84  86  86  88  -> MERGED (4 share)
    stage     s278  19  47  50  50  26  42  43  44
  (SC8)       s278  18  20  20  20  47  52  52  54  56  56  55  56  58  57  56  57  58  57  56  55  57  55  58  57  -> MERGED (2 share)
  SC8_H       s279   8  10  13  14  12  12  12  13  13  13  21  25  22  27  39  85  98  99 100  -> BOUND NOT routed
    stage     s279  20  37  39  49  25  27  25  26
  (SC8)       s279  11  10  22  22  46  43  53  53  62  61  62  76  75  76  75  74  75  74  75  74  75  75  75  75  -> MERGED (2 share)

====================================================================================================
THE OTHER MACHINE (descriptive): results/X/recipe_scope_results.json (CPU Intel(R) Xeon(R) Processor @ 2.80GHz, git a429af9)
====================================================================================================
  HONLY0     DISCOVERED 12/20   here 13/20
  HONLY4k16  BOUND 16/20   here 18/20
  SC8_H      BOUND 8/16   here 7/20

  total wall clock after verification: 0.4 min (23s)   raw records: recipe_scope_results.json
